data_coorte,segmento,dia,saldo_inicial,percentual_sobrevivencia,saldo_remanescente
2020-03-31,Varejo_Estavel,0,70275977.12923443,0.9830377921161682,69083941.39592895
2020-03-31,Varejo_Estavel,21,70275977.12923443,0.9558796761196232,67175378.25728266
2020-03-31,Varejo_Estavel,42,70275977.12923443,0.9554945384208414,67148312.32917146
2020-03-31,Varejo_Estavel,63,70275977.12923443,0.9601679248039996,67476739.12375036
2020-03-31,Varejo_Estavel,84,70275977.12923443,0.9181725141758208,64525470.60691165
2020-03-31,Varejo_Estavel,105,70275977.12923443,0.9058987194308996,63662917.68812866
2020-03-31,Varejo_Estavel,126,70275977.12923443,0.929009938171956,65287081.16780387
2020-03-31,Varejo_Estavel,147,70275977.12923443,0.8853215584622032,62216837.59450798
2020-03-31,Varejo_Estavel,168,70275977.12923443,0.8824860043311917,62017566.25724831
2020-03-31,Varejo_Estavel,189,70275977.12923443,0.8722450370658711,61297872.2759294
2020-03-31,Varejo_Estavel,210,70275977.12923443,0.8586174745082311,60340182.00130148
2020-03-31,Varejo_Estavel,231,70275977.12923443,0.8187518421711539,57538585.73493858
2020-03-31,Varejo_Estavel,252,70275977.12923443,0.8208183011087792,57683808.15597763
2020-03-31,Varejo_Estavel,273,70275977.12923443,0.7909591339757224,55585426.00943694
2020-03-31,Varejo_Estavel,294,70275977.12923443,0.8267325027001208,58099434.45174843
2020-03-31,Varejo_Estavel,315,70275977.12923443,0.7654455947285635,53792437.10881778
2020-03-31,Varejo_Estavel,336,70275977.12923443,0.75942266073573,53369169.53728652
2020-03-31,Varejo_Estavel,357,70275977.12923443,0.7471241218597016,52504877.70051175
2020-03-31,Varejo_Estavel,378,70275977.12923443,0.7294646985967947,51263844.47517224
2020-03-31,Varejo_Estavel,399,70275977.12923443,0.7516645590100535,52823961.3578466
2020-03-31,Varejo_Estavel,420,70275977.12923443,0.7527039935331911,52897008.63462196
2020-03-31,Varejo_Estavel,441,70275977.12923443,0.7063161083667846,49637054.67759402
2020-03-31,Varejo_Estavel,462,70275977.12923443,0.6847567546815007,48121950.03108593
2020-03-31,Varejo_Estavel,483,70275977.12923443,0.6625187285081765,46559151.012330085
2020-03-31,Varejo_Estavel,504,70275977.12923443,0.6753728591015706,47462487.59992765
2020-03-31,Varejo_Estavel,525,70275977.12923443,0.6636235420070798,46636792.86051109
2020-03-31,Varejo_Estavel,546,70275977.12923443,0.64889672442288,45601851.36477745
2020-03-31,Varejo_Estavel,567,70275977.12923443,0.6488329183664608,45597367.33181583
2020-03-31,Varejo_Estavel,588,70275977.12923443,0.6405516609066874,45015393.87197149
2020-03-31,Varejo_Estavel,609,70275977.12923443,0.6294860688421298,44237748.577121206
2020-03-31,Varejo_Estavel,630,70275977.12923443,0.6117787082088363,42993346.50623676
2020-03-31,Varejo_Estavel,651,70275977.12923443,0.5924769065151448,41636893.531857885
2020-03-31,Varejo_Estavel,672,70275977.12923443,0.6039689689354734,42444509.44767663
2020-03-31,Varejo_Estavel,693,70275977.12923443,0.5865676397289977,41221614.03434407
2020-03-31,Varejo_Estavel,714,70275977.12923443,0.5876696661797939,41299060.01999603
2020-03-31,Varejo_Estavel,735,70275977.12923443,0.5772331211291054,40565621.61870562
2020-03-31,Varejo_Estavel,756,70275977.12923443,0.5415824242075447,38060234.057204746
2020-03-31,Varejo_Estavel,777,70275977.12923443,0.5324703902031076,37419876.96390812
2020-03-31,Varejo_Estavel,798,70275977.12923443,0.531795844415166,37372472.59954212
2020-03-31,Varejo_Estavel,819,70275977.12923443,0.5195099063271919,36509066.295460455
2020-03-31,Varejo_Estavel,840,70275977.12923443,0.5327100827220266,37436721.58988572
2020-03-31,Varejo_Estavel,861,70275977.12923443,0.5194617262765038,36505680.39532021
2020-03-31,Varejo_Estavel,882,70275977.12923443,0.5201699478204383,36555451.35634419
2020-03-31,Varejo_Estavel,903,70275977.12923443,0.5036039300724428,35391258.27196357
2020-03-31,Varejo_Estavel,924,70275977.12923443,0.4933467226058577,34670422.99463202
2020-03-31,Varejo_Estavel,945,70275977.12923443,0.4973649218265528,34952805.8711663
2020-03-31,Varejo_Estavel,966,70275977.12923443,0.4808564669322216,33792658.07257328
2020-03-31,Varejo_Estavel,987,70275977.12923443,0.468412835486412,32918169.713682946
2020-03-31,Varejo_Estavel,1008,70275977.12923443,0.4778592617196057,33582026.54759987
2020-03-31,Varejo_Estavel,1029,70275977.12923443,0.4540945512520054,31911938.298295908
2020-03-31,Varejo_Estavel,1050,70275977.12923443,0.4417972718111546,31047734.96955887
2020-03-31,Varejo_Estavel,1071,70275977.12923443,0.4282489815526857,30095615.63321448
2020-03-31,Varejo_Estavel,1092,70275977.12923443,0.4397073215046403,30900861.669617034
2020-03-31,Varejo_Estavel,1113,70275977.12923443,0.439196592156671,30864969.66563992
2020-03-31,Varejo_Estavel,1134,70275977.12923443,0.4169369108969835,29300648.81453007
2020-03-31,Varejo_Estavel,1155,70275977.12923443,0.4265401447782532,29975525.45913687
2020-03-31,Varejo_Estavel,1176,70275977.12923443,0.3806136456962722,26747995.860025764
2020-03-31,Varejo_Estavel,1197,70275977.12923443,0.3971028013797644,27906787.387719247
2020-03-31,Varejo_Estavel,1218,70275977.12923443,0.3909055692042969,27471270.84109154
2020-03-31,Varejo_Estavel,1239,70275977.12923443,0.3763836231094994,26450726.889461573
2020-03-31,Varejo_Estavel,1260,70275977.12923443,0.407535474083382,28639953.656035464
2020-03-31,Varejo_Nao_Estavel,0,49669036.8365562,0.9951072307407468,49426017.69998558
2020-03-31,Varejo_Nao_Estavel,21,49669036.8365562,0.9606844904122064,47716273.34259209
2020-03-31,Varejo_Nao_Estavel,42,49669036.8365562,0.8982824287236293,44616823.04190511
2020-03-31,Varejo_Nao_Estavel,63,49669036.8365562,0.8766491039982216,43542316.63922165
2020-03-31,Varejo_Nao_Estavel,84,49669036.8365562,0.8624660405842005,42837857.540055424
2020-03-31,Varejo_Nao_Estavel,105,49669036.8365562,0.8094103823613565,40202634.09739725
2020-03-31,Varejo_Nao_Estavel,126,49669036.8365562,0.7746375959431475,38475503.28788153
2020-03-31,Varejo_Nao_Estavel,147,49669036.8365562,0.7692076483754607,38205803.02212153
2020-03-31,Varejo_Nao_Estavel,168,49669036.8365562,0.739717671531611,36741064.27595516
2020-03-31,Varejo_Nao_Estavel,189,49669036.8365562,0.7011629955871023,34826090.65624587
2020-03-31,Varejo_Nao_Estavel,210,49669036.8365562,0.6619585190765532,32878842.06828551
2020-03-31,Varejo_Nao_Estavel,231,49669036.8365562,0.6380983881789686,31693732.347808324
2020-03-31,Varejo_Nao_Estavel,252,49669036.8365562,0.6059224071335586,30095582.36001152
2020-03-31,Varejo_Nao_Estavel,273,49669036.8365562,0.5792416155852304,28770373.14176913
2020-03-31,Varejo_Nao_Estavel,294,49669036.8365562,0.5552192166757376,27577203.72543109
2020-03-31,Varejo_Nao_Estavel,315,49669036.8365562,0.5378372134512064,26713856.36697871
2020-03-31,Varejo_Nao_Estavel,336,49669036.8365562,0.5112304095220964,25392322.04252072
2020-03-31,Varejo_Nao_Estavel,357,49669036.8365562,0.4841320091114089,24046370.59431053
2020-03-31,Varejo_Nao_Estavel,378,49669036.8365562,0.4856009964994697,24119333.78300056
2020-03-31,Varejo_Nao_Estavel,399,49669036.8365562,0.466644705441376,23177793.06415162
2020-03-31,Varejo_Nao_Estavel,420,49669036.8365562,0.4658588721713095,23138761.482513297
2020-03-31,Varejo_Nao_Estavel,441,49669036.8365562,0.4197774524210447,20849941.747456584
2020-03-31,Varejo_Nao_Estavel,462,49669036.8365562,0.4143983643683743,20582767.62482142
2020-03-31,Varejo_Nao_Estavel,483,49669036.8365562,0.3983171246206184,19784027.93541264
2020-03-31,Varejo_Nao_Estavel,504,49669036.8365562,0.3758830908940931,18669751.087857317
2020-03-31,Varejo_Nao_Estavel,525,49669036.8365562,0.3728452987755429,18518866.879219245
2020-03-31,Varejo_Nao_Estavel,546,49669036.8365562,0.3587952337869634,17821013.683745477
2020-03-31,Varejo_Nao_Estavel,567,49669036.8365562,0.3395720588374363,16866217.099061854
2020-03-31,Varejo_Nao_Estavel,588,49669036.8365562,0.3192749006493213,15858076.80133896
2020-03-31,Varejo_Nao_Estavel,609,49669036.8365562,0.3052787287917056,15162900.425772276
2020-03-31,Varejo_Nao_Estavel,630,49669036.8365562,0.2808887319651156,13951472.774948888
2020-03-31,Varejo_Nao_Estavel,651,49669036.8365562,0.2758495714842806,13701182.527400976
2020-03-31,Varejo_Nao_Estavel,672,49669036.8365562,0.2667421546368362,13248825.904519388
2020-03-31,Varejo_Nao_Estavel,693,49669036.8365562,0.2498525978395558,12409937.885802155
2020-03-31,Varejo_Nao_Estavel,714,49669036.8365562,0.2581839476757326,12823748.00771346
2020-03-31,Varejo_Nao_Estavel,735,49669036.8365562,0.2572425197162455,12776988.187714737
2020-03-31,Varejo_Nao_Estavel,756,49669036.8365562,0.2223614986962521,11044481.469775988
2020-03-31,Varejo_Nao_Estavel,777,49669036.8365562,0.2274162077069237,11295543.99782511
2020-03-31,Varejo_Nao_Estavel,798,49669036.8365562,0.202728525636726,10069330.60767127
2020-03-31,Varejo_Nao_Estavel,819,49669036.8365562,0.202953513487283,10080505.537508365
2020-03-31,Varejo_Nao_Estavel,840,49669036.8365562,0.1901411765458916,9444129.102004029
2020-03-31,Varejo_Nao_Estavel,861,49669036.8365562,0.1977848756902475,9823784.276372597
2020-03-31,Varejo_Nao_Estavel,882,49669036.8365562,0.174865253907097,8685388.737745356
2020-03-31,Varejo_Nao_Estavel,903,49669036.8365562,0.1878984614172734,9332735.601666788
2020-03-31,Varejo_Nao_Estavel,924,49669036.8365562,0.1658450939870773,8237366.082406268
2020-03-31,Varejo_Nao_Estavel,945,49669036.8365562,0.1543096998162382,7664414.164410666
2020-03-31,Varejo_Nao_Estavel,966,49669036.8365562,0.1406415396467109,6985529.813462463
2020-03-31,Varejo_Nao_Estavel,987,49669036.8365562,0.1525504693407197,7577034.881118143
2020-03-31,Varejo_Nao_Estavel,1008,49669036.8365562,0.1543299152013435,7665418.243118128
2020-03-31,Varejo_Nao_Estavel,1029,49669036.8365562,0.1411772078489108,7012135.937129704
2020-03-31,Varejo_Nao_Estavel,1050,49669036.8365562,0.1592988667918849,7912221.282707794
2020-03-31,Varejo_Nao_Estavel,1071,49669036.8365562,0.1443424109424808,7169348.5261794105
2020-03-31,Varejo_Nao_Estavel,1092,49669036.8365562,0.1184546628776765,5883529.013933163
2020-03-31,Varejo_Nao_Estavel,1113,49669036.8365562,0.113488420378208,5636860.532287791
2020-03-31,Varejo_Nao_Estavel,1134,49669036.8365562,0.118292668460178,5875482.907243112
2020-03-31,Varejo_Nao_Estavel,1155,49669036.8365562,0.0981358399606596,4874312.64999239
2020-03-31,Varejo_Nao_Estavel,1176,49669036.8365562,0.1179001966962383,5855989.212742684
2020-03-31,Varejo_Nao_Estavel,1197,49669036.8365562,0.1041265045567042,5171863.190488779
2020-03-31,Varejo_Nao_Estavel,1218,49669036.8365562,0.0989105284721524,4912790.68220658
2020-03-31,Varejo_Nao_Estavel,1239,49669036.8365562,0.1002788851445326,4980755.64017258
2020-03-31,Varejo_Nao_Estavel,1260,49669036.8365562,0.1090623062487471,5417019.706548796
2020-03-31,Atacado,0,35598343.73265627,0.9986435155495432,35550055.13292091
2020-03-31,Atacado,21,35598343.73265627,0.94042082906581,33477423.926434297
2020-03-31,Atacado,42,35598343.73265627,0.8622777659427493,30695660.30505692
2020-03-31,Atacado,63,35598343.73265627,0.7807323398121461,27792778.195833776
2020-03-31,Atacado,84,35598343.73265627,0.7236968561040973,25762409.44183634
2020-03-31,Atacado,105,35598343.73265627,0.6697644980762828,23842506.822449517
2020-03-31,Atacado,126,35598343.73265627,0.619913962007718,22067910.304223564
2020-03-31,Atacado,147,35598343.73265627,0.5514730163241695,19631525.994392548
2020-03-31,Atacado,168,35598343.73265627,0.5051372461166946,17982049.319429483
2020-03-31,Atacado,189,35598343.73265627,0.4723194841983934,16813791.35012532
2020-03-31,Atacado,210,35598343.73265627,0.4338724977540336,15445142.311194222
2020-03-31,Atacado,231,35598343.73265627,0.4031192691252251,14350378.307576934
2020-03-31,Atacado,252,35598343.73265627,0.3865456693326796,13760385.605274417
2020-03-31,Atacado,273,35598343.73265627,0.347465333668858,12369190.383126112
2020-03-31,Atacado,294,35598343.73265627,0.3246993123700171,11558757.731505
2020-03-31,Atacado,315,35598343.73265627,0.2826101378301732,10060452.82881187
2020-03-31,Atacado,336,35598343.73265627,0.2686665384886051,9564083.78658029
2020-03-31,Atacado,357,35598343.73265627,0.2599519520164187,9253858.941855444
2020-03-31,Atacado,378,35598343.73265627,0.2403976773823235,8557759.151988162
2020-03-31,Atacado,399,35598343.73265627,0.2064429733728276,7349027.927317522
2020-03-31,Atacado,420,35598343.73265627,0.2003650801325796,7132664.994580786
2020-03-31,Atacado,441,35598343.73265627,0.2093968862349912,7454182.332741137
2020-03-31,Atacado,462,35598343.73265627,0.168582568119956,6001260.207268137
2020-03-31,Atacado,483,35598343.73265627,0.1473629594411435,5245877.283647312
2020-03-31,Atacado,504,35598343.73265627,0.1415021457022835,5037242.021618298
2020-03-31,Atacado,525,35598343.73265627,0.1335390120852339,4753767.653929495
2020-03-31,Atacado,546,35598343.73265627,0.1203309754859941,4283583.427036256
2020-03-31,Atacado,567,35598343.73265627,0.1122800514182357,3996983.864706678
2020-03-31,Atacado,588,35598343.73265627,0.0865833754546064,3082224.760966713
2020-03-31,Atacado,609,35598343.73265627,0.0842814558408186,3000280.235310152
2020-03-31,Atacado,630,35598343.73265627,0.0865963248034604,3082685.736338334
2020-03-31,Atacado,651,35598343.73265627,0.0795387887200785,2831449.1409364794
2020-03-31,Atacado,672,35598343.73265627,0.0683947934568122,2434741.3669996336
2020-03-31,Atacado,693,35598343.73265627,0.067223928971323,2393060.5305808294
2020-03-31,Atacado,714,35598343.73265627,0.0646930465147689,2302965.3069454646
2020-03-31,Atacado,735,35598343.73265627,0.0696651060209001,2479962.390303945
2020-03-31,Atacado,756,35598343.73265627,0.0532188693832951,1894503.6053698785
2020-03-31,Atacado,777,35598343.73265627,0.05497191858004,1956909.2532558597
2020-03-31,Atacado,798,35598343.73265627,0.039785094891748,1416283.483392795
2020-03-31,Atacado,819,35598343.73265627,0.0495539067067566,1764037.004243104
2020-03-31,Atacado,840,35598343.73265627,0.043881296380563,1562101.4719898498
2020-03-31,Atacado,861,35598343.73265627,0.0467037286305903,1662575.3853884544
2020-03-31,Atacado,882,35598343.73265627,0.042054446253593,1497068.6332219234
2020-03-31,Atacado,903,35598343.73265627,0.0379558906106017,1351166.8406353018
2020-03-31,Atacado,924,35598343.73265627,0.0273103188635509,972202.1183531318
2020-03-31,Atacado,945,35598343.73265627,0.0292172837012121,1040086.9081302874
2020-03-31,Atacado,966,35598343.73265627,0.0369987440450704,1317094.0081929862
2020-03-31,Atacado,987,35598343.73265627,0.0145289478614673,517206.48004635714
2020-03-31,Atacado,1008,35598343.73265627,0.013076417761464,465498.81426441047
2020-03-31,Atacado,1029,35598343.73265627,0.0211928566765073,754430.5966472276
2020-03-31,Atacado,1050,35598343.73265627,0.0225218257880193,801739.6958889165
2020-03-31,Atacado,1071,35598343.73265627,0.0062867364438534,223797.40488491283
2020-03-31,Atacado,1092,35598343.73265627,0.0140222493001405,499168.8504914024
2020-03-31,Atacado,1113,35598343.73265627,0.0126324189841944,449693.19317428494
2020-03-31,Atacado,1134,35598343.73265627,0.0,0.0
2020-03-31,Atacado,1155,35598343.73265627,0.0090703961669939,322891.080544019
2020-03-31,Atacado,1176,35598343.73265627,0.0089083803805666,317123.5868886633
2020-03-31,Atacado,1197,35598343.73265627,0.0080339895870555,285996.7228645831
2020-03-31,Atacado,1218,35598343.73265627,0.0261749393127679,931784.4868373298
2020-03-31,Atacado,1239,35598343.73265627,0.0,0.0
2020-03-31,Atacado,1260,35598343.73265627,0.0,0.0
2020-06-30,Varejo_Estavel,0,59102433.61344533,0.9942290000059104,58761353.46941145
2020-06-30,Varejo_Estavel,21,59102433.61344533,0.9792089308586,57873630.82976318
2020-06-30,Varejo_Estavel,42,59102433.61344533,0.962050969866872,56859553.57930749
2020-06-30,Varejo_Estavel,63,59102433.61344533,0.9659301261177424,57088821.154100746
2020-06-30,Varejo_Estavel,84,59102433.61344533,0.9476819068280236,56010306.98496654
2020-06-30,Varejo_Estavel,105,59102433.61344533,0.9232504742771468,54566349.86454698
2020-06-30,Varejo_Estavel,126,59102433.61344533,0.9030717986746826,53373741.02934509
2020-06-30,Varejo_Estavel,147,59102433.61344533,0.9052737870776646,53503883.90274991
2020-06-30,Varejo_Estavel,168,59102433.61344533,0.8783963579031835,51915362.42926507
2020-06-30,Varejo_Estavel,189,59102433.61344533,0.8547179908408437,50515913.31188833
2020-06-30,Varejo_Estavel,210,59102433.61344533,0.8300721768210411,49059285.72493363
2020-06-30,Varejo_Estavel,231,59102433.61344533,0.8317238390117024,49156902.97990903
2020-06-30,Varejo_Estavel,252,59102433.61344533,0.8326467406736444,49211448.714115694
2020-06-30,Varejo_Estavel,273,59102433.61344533,0.8376963254844602,49509891.4651724
2020-06-30,Varejo_Estavel,294,59102433.61344533,0.7981160125474706,47170598.64741457
2020-06-30,Varejo_Estavel,315,59102433.61344533,0.7753998317153071,45828017.07783062
2020-06-30,Varejo_Estavel,336,59102433.61344533,0.7577771608627573,44786474.3436762
2020-06-30,Varejo_Estavel,357,59102433.61344533,0.7662347908734668,45286340.85991123
2020-06-30,Varejo_Estavel,378,59102433.61344533,0.726249231688858,42923097.00270641
2020-06-30,Varejo_Estavel,399,59102433.61344533,0.7420375733098337,43856226.41522651
2020-06-30,Varejo_Estavel,420,59102433.61344533,0.733447157995344,43348511.964389965
2020-06-30,Varejo_Estavel,441,59102433.61344533,0.7172604512373303,42391838.20280416
2020-06-30,Varejo_Estavel,462,59102433.61344533,0.6979658923803709,41251482.81886
2020-06-30,Varejo_Estavel,483,59102433.61344533,0.6961411223354506,41143634.46842029
2020-06-30,Varejo_Estavel,504,59102433.61344533,0.6803534241773755,40210543.08612355
2020-06-30,Varejo_Estavel,525,59102433.61344533,0.6580824409826901,38894273.78035349
2020-06-30,Varejo_Estavel,546,59102433.61344533,0.6789172258077021,40125660.26732418
2020-06-30,Varejo_Estavel,567,59102433.61344533,0.64195626276342,37941177.4027105
2020-06-30,Varejo_Estavel,588,59102433.61344533,0.6451186107983004,38128079.86750462
2020-06-30,Varejo_Estavel,609,59102433.61344533,0.5965856983545264,35259666.63172931
2020-06-30,Varejo_Estavel,630,59102433.61344533,0.6308898572658294,37287125.90644968
2020-06-30,Varejo_Estavel,651,59102433.61344533,0.6233215334058909,36839819.547952615
2020-06-30,Varejo_Estavel,672,59102433.61344533,0.5963369772073125,35244966.60663784
2020-06-30,Varejo_Estavel,693,59102433.61344533,0.5931227270327925,35054996.59908127
2020-06-30,Varejo_Estavel,714,59102433.61344533,0.5837115580610688,34498773.60970505
2020-06-30,Varejo_Estavel,735,59102433.61344533,0.56003881169975,33099656.68943728
2020-06-30,Varejo_Estavel,756,59102433.61344533,0.5652090367013821,33405229.56936282
2020-06-30,Varejo_Estavel,777,59102433.61344533,0.5399774910541282,31913983.817781378
2020-06-30,Varejo_Estavel,798,59102433.61344533,0.5335572499563085,31534531.944515176
2020-06-30,Varejo_Estavel,819,59102433.61344533,0.5457084089452274,32252695.011984177
2020-06-30,Varejo_Estavel,840,59102433.61344533,0.5353429536987158,31640071.381404083
2020-06-30,Varejo_Estavel,861,59102433.61344533,0.5067695041392593,29951310.975709178
2020-06-30,Varejo_Estavel,882,59102433.61344533,0.4981768237730021,29443462.65480091
2020-06-30,Varejo_Estavel,903,59102433.61344533,0.4910989290340196,29025141.85086724
2020-06-30,Varejo_Estavel,924,59102433.61344533,0.4996346024209632,29529620.92056513
2020-06-30,Varejo_Estavel,945,59102433.61344533,0.470968347092698,27835375.46808026
2020-06-30,Varejo_Estavel,966,59102433.61344533,0.4795002905238325,28339634.088312555
2020-06-30,Varejo_Estavel,987,59102433.61344533,0.4765577856527709,28165724.8895134
2020-06-30,Varejo_Estavel,1008,59102433.61344533,0.4590348799089203,27130078.516072813
2020-06-30,Varejo_Estavel,1029,59102433.61344533,0.4648331450165511,27472770.094669715
2020-06-30,Varejo_Estavel,1050,59102433.61344533,0.4417976370362921,26111315.513514467
2020-06-30,Varejo_Estavel,1071,59102433.61344533,0.4357365934460905,25753093.08709638
2020-06-30,Varejo_Estavel,1092,59102433.61344533,0.4195440612225131,24796075.026318826
2020-06-30,Varejo_Estavel,1113,59102433.61344533,0.4365581138260039,25801646.940812305
2020-06-30,Varejo_Estavel,1134,59102433.61344533,0.4083457143504382,24134225.47373168
2020-06-30,Varejo_Estavel,1155,59102433.61344533,0.4150424191054759,24530017.02194514
2020-06-30,Varejo_Estavel,1176,59102433.61344533,0.4033980332744198,23841805.48139581
2020-06-30,Varejo_Estavel,1197,59102433.61344533,0.3851348451201194,22762406.61593641
2020-06-30,Varejo_Estavel,1218,59102433.61344533,0.3840774704236703,22699913.19813499
2020-06-30,Varejo_Estavel,1239,59102433.61344533,0.4017020224468763,23741567.114053234
2020-06-30,Varejo_Estavel,1260,59102433.61344533,0.3813490321392133,22538655.855559483
2020-06-30,Varejo_Nao_Estavel,0,44954248.29316579,1.0,44954248.29316579
2020-06-30,Varejo_Nao_Estavel,21,44954248.29316579,0.9586195766718696,43094022.46839671
2020-06-30,Varejo_Nao_Estavel,42,44954248.29316579,0.9637647504128694,43325319.88626108
2020-06-30,Varejo_Nao_Estavel,63,44954248.29316579,0.8891890051984679,39972823.31924501
2020-06-30,Varejo_Nao_Estavel,84,44954248.29316579,0.8460996627860593,38035774.32164835
2020-06-30,Varejo_Nao_Estavel,105,44954248.29316579,0.8339980616339951,37491755.9387136
2020-06-30,Varejo_Nao_Estavel,126,44954248.29316579,0.7624916638892366,34277239.579945855
2020-06-30,Varejo_Nao_Estavel,147,44954248.29316579,0.754625182613861,33923607.827499084
2020-06-30,Varejo_Nao_Estavel,168,44954248.29316579,0.747567760656362,33606346.728512034
2020-06-30,Varejo_Nao_Estavel,189,44954248.29316579,0.6935647185088516,31178680.56322655
2020-06-30,Varejo_Nao_Estavel,210,44954248.29316579,0.6466203145492402,29068330.171651505
2020-06-30,Varejo_Nao_Estavel,231,44954248.29316579,0.6362210253874373,28600837.94459939
2020-06-30,Varejo_Nao_Estavel,252,44954248.29316579,0.6330264231639666,28457227.00304759
2020-06-30,Varejo_Nao_Estavel,273,44954248.29316579,0.5956917281694233,26778873.85431328
2020-06-30,Varejo_Nao_Estavel,294,44954248.29316579,0.5576859412212886,25070352.271269668
2020-06-30,Varejo_Nao_Estavel,315,44954248.29316579,0.5370309526464806,24141822.78638525
2020-06-30,Varejo_Nao_Estavel,336,44954248.29316579,0.5169306581565156,23238229.15711761
2020-06-30,Varejo_Nao_Estavel,357,44954248.29316579,0.5072308451425747,22802181.35449163
2020-06-30,Varejo_Nao_Estavel,378,44954248.29316579,0.4990265180576867,22433361.997639228
2020-06-30,Varejo_Nao_Estavel,399,44954248.29316579,0.4764586346242447,21418839.76232106
2020-06-30,Varejo_Nao_Estavel,420,44954248.29316579,0.4509215052554792,20270837.30798288
2020-06-30,Varejo_Nao_Estavel,441,44954248.29316579,0.4118177757206113,18512958.541283622
2020-06-30,Varejo_Nao_Estavel,462,44954248.29316579,0.3949099671249738,17752880.715582013
2020-06-30,Varejo_Nao_Estavel,483,44954248.29316579,0.400963597923886,18025017.137591463
2020-06-30,Varejo_Nao_Estavel,504,44954248.29316579,0.3627834884524048,16308659.01655025
2020-06-30,Varejo_Nao_Estavel,525,44954248.29316579,0.3612064914577235,16237766.302093772
2020-06-30,Varejo_Nao_Estavel,546,44954248.29316579,0.353142288898989,15875246.137982037
2020-06-30,Varejo_Nao_Estavel,567,44954248.29316579,0.3219919977507136,14474908.21529806
2020-06-30,Varejo_Nao_Estavel,588,44954248.29316579,0.3100514290975885,13938128.92730388
2020-06-30,Varejo_Nao_Estavel,609,44954248.29316579,0.3084396373195462,13865672.039516889
2020-06-30,Varejo_Nao_Estavel,630,44954248.29316579,0.3033455822009689,13636672.620897291
2020-06-30,Varejo_Nao_Estavel,651,44954248.29316579,0.298258810072658,13408000.603630446
2020-06-30,Varejo_Nao_Estavel,672,44954248.29316579,0.2814908861409031,12654211.18784142
2020-06-30,Varejo_Nao_Estavel,693,44954248.29316579,0.2642241381286153,11877997.510481508
2020-06-30,Varejo_Nao_Estavel,714,44954248.29316579,0.243950523032796,10966612.383663973
2020-06-30,Varejo_Nao_Estavel,735,44954248.29316579,0.2300321013382672,10340920.19895914
2020-06-30,Varejo_Nao_Estavel,756,44954248.29316579,0.2271277228242521,10210356.04610277
2020-06-30,Varejo_Nao_Estavel,777,44954248.29316579,0.2289341374977548,10291562.059855828
2020-06-30,Varejo_Nao_Estavel,798,44954248.29316579,0.2191773437906106,9852952.73299967
2020-06-30,Varejo_Nao_Estavel,819,44954248.29316579,0.1814137557098514,8155319.017976386
2020-06-30,Varejo_Nao_Estavel,840,44954248.29316579,0.1889970071568149,8496218.386392688
2020-06-30,Varejo_Nao_Estavel,861,44954248.29316579,0.2050162185262441,9216349.991754714
2020-06-30,Varejo_Nao_Estavel,882,44954248.29316579,0.1839612925668528,8269841.622382018
2020-06-30,Varejo_Nao_Estavel,903,44954248.29316579,0.1587544294955578,7136686.041183189
2020-06-30,Varejo_Nao_Estavel,924,44954248.29316579,0.1970635974502015,8858845.889320834
2020-06-30,Varejo_Nao_Estavel,945,44954248.29316579,0.161757643543599,7271693.271176357
2020-06-30,Varejo_Nao_Estavel,966,44954248.29316579,0.1602932103066137,7205860.775832156
2020-06-30,Varejo_Nao_Estavel,987,44954248.29316579,0.1543063122897171,6936724.275874723
2020-06-30,Varejo_Nao_Estavel,1008,44954248.29316579,0.1391761487807072,6256559.148774494
2020-06-30,Varejo_Nao_Estavel,1029,44954248.29316579,0.1291664685886116,5806581.500083847
2020-06-30,Varejo_Nao_Estavel,1050,44954248.29316579,0.1578929866157031,7097960.524071823
2020-06-30,Varejo_Nao_Estavel,1071,44954248.29316579,0.1392234319482488,6258684.728028246
2020-06-30,Varejo_Nao_Estavel,1092,44954248.29316579,0.1320082424675848,5934331.3086322425
2020-06-30,Varejo_Nao_Estavel,1113,44954248.29316579,0.1242202198845114,5584226.607719976
2020-06-30,Varejo_Nao_Estavel,1134,44954248.29316579,0.1006164991420136,4523139.084819182
2020-06-30,Varejo_Nao_Estavel,1155,44954248.29316579,0.1235224324266511,5552858.097083471
2020-06-30,Varejo_Nao_Estavel,1176,44954248.29316579,0.0937871451217075,4216130.608508412
2020-06-30,Varejo_Nao_Estavel,1197,44954248.29316579,0.1031867398723889,4638682.324785684
2020-06-30,Varejo_Nao_Estavel,1218,44954248.29316579,0.0761603426762752,3423730.954761865
2020-06-30,Varejo_Nao_Estavel,1239,44954248.29316579,0.0675451349235126,3036440.76634697
2020-06-30,Varejo_Nao_Estavel,1260,44954248.29316579,0.0922078420801558,4145134.2274483456
2020-06-30,Atacado,0,32168152.56481782,0.9761299891444328,31400298.413892075
2020-06-30,Atacado,21,32168152.56481782,0.928803507621304,29877892.935900044
2020-06-30,Atacado,42,32168152.56481782,0.8761081302034652,28182779.995662343
2020-06-30,Atacado,63,32168152.56481782,0.8012588209997115,25775015.99782477
2020-06-30,Atacado,84,32168152.56481782,0.720546804097001,23178659.524284225
2020-06-30,Atacado,105,32168152.56481782,0.6675260707653805,21473080.485374138
2020-06-30,Atacado,126,32168152.56481782,0.6262246817538651,20144491.10251282
2020-06-30,Atacado,147,32168152.56481782,0.5812177507734577,18696701.28026085
2020-06-30,Atacado,168,32168152.56481782,0.519524632784405,16712147.648589691
2020-06-30,Atacado,189,32168152.56481782,0.4833782970511177,15549386.806062182
2020-06-30,Atacado,210,32168152.56481782,0.4490567367513441,14445325.61807647
2020-06-30,Atacado,231,32168152.56481782,0.4174916731362411,13429935.835987655
2020-06-30,Atacado,252,32168152.56481782,0.3773322243234643,12138080.559659263
2020-06-30,Atacado,273,32168152.56481782,0.3480514606039299,11196172.485114897
2020-06-30,Atacado,294,32168152.56481782,0.3389005650669475,10901805.081376536
2020-06-30,Atacado,315,32168152.56481782,0.3118160271799949,10030545.534481458
2020-06-30,Atacado,336,32168152.56481782,0.2799351718048895,9004997.314878173
2020-06-30,Atacado,357,32168152.56481782,0.2735341689157557,8799088.87737268
2020-06-30,Atacado,378,32168152.56481782,0.2286208987374849,7354311.95009318
2020-06-30,Atacado,399,32168152.56481782,0.234613540694635,7547084.1708371155
2020-06-30,Atacado,420,32168152.56481782,0.2049353168184515,6592390.537335225
2020-06-30,Atacado,441,32168152.56481782,0.2222630254597782,7149790.912508135
2020-06-30,Atacado,462,32168152.56481782,0.154483960149634,4969463.598910663
2020-06-30,Atacado,483,32168152.56481782,0.1474090597682447,4741877.124061246
2020-06-30,Atacado,504,32168152.56481782,0.148612868313036,4780601.420988922
2020-06-30,Atacado,525,32168152.56481782,0.1371996954306598,4413460.734460003
2020-06-30,Atacado,546,32168152.56481782,0.1455466638643809,4681967.288489664
2020-06-30,Atacado,567,32168152.56481782,0.1046358116267593,3365940.7521531344
2020-06-30,Atacado,588,32168152.56481782,0.1147637592421751,3691738.11621431
2020-06-30,Atacado,609,32168152.56481782,0.1097825775980339,3531502.705132508
2020-06-30,Atacado,630,32168152.56481782,0.0968441216349662,3115296.479759368
2020-06-30,Atacado,651,32168152.56481782,0.0699900482572559,2251450.550358371
2020-06-30,Atacado,672,32168152.56481782,0.0920821704181826,2962113.3065116545
2020-06-30,Atacado,693,32168152.56481782,0.0840999911800252,2705341.3469788865
2020-06-30,Atacado,714,32168152.56481782,0.0711558824872829,2288953.2837351672
2020-06-30,Atacado,735,32168152.56481782,0.0614443167891132,1976550.1567131933
2020-06-30,Atacado,756,32168152.56481782,0.0571227063265402,1837531.9320274305
2020-06-30,Atacado,777,32168152.56481782,0.0492378506095884,1583890.6903729504
2020-06-30,Atacado,798,32168152.56481782,0.0539737201199868,1736234.8633105136
2020-06-30,Atacado,819,32168152.56481782,0.0430623762589146,1385237.0893003535
2020-06-30,Atacado,840,32168152.56481782,0.029190233104983,938995.871923692
2020-06-30,Atacado,861,32168152.56481782,0.0237308248545013,763376.7944085713
2020-06-30,Atacado,882,32168152.56481782,0.0244684856604316,787105.979754823
2020-06-30,Atacado,903,32168152.56481782,0.0335566500466214,1079455.4382639187
2020-06-30,Atacado,924,32168152.56481782,0.0281678577302217,906107.9448898572
2020-06-30,Atacado,945,32168152.56481782,0.0288621384961435,928441.674490848
2020-06-30,Atacado,966,32168152.56481782,0.0302463945062054,972970.633011284
2020-06-30,Atacado,987,32168152.56481782,0.0148259915832983,476924.7591762469
2020-06-30,Atacado,1008,32168152.56481782,0.0382052331259706,1228991.7679706556
2020-06-30,Atacado,1029,32168152.56481782,0.0158031499765333,508358.1394498204
2020-06-30,Atacado,1050,32168152.56481782,0.0123373456874558,396869.6183189767
2020-06-30,Atacado,1071,32168152.56481782,0.0219646492830109,706562.1891686126
2020-06-30,Atacado,1092,32168152.56481782,0.0,0.0
2020-06-30,Atacado,1113,32168152.56481782,0.0042739908782647,137486.39063266144
2020-06-30,Atacado,1134,32168152.56481782,0.0244643172773681,786971.8905724881
2020-06-30,Atacado,1155,32168152.56481782,0.0,0.0
2020-06-30,Atacado,1176,32168152.56481782,0.0242070847379461,778697.194999724
2020-06-30,Atacado,1197,32168152.56481782,0.0280911436972413,903640.1961730802
2020-06-30,Atacado,1218,32168152.56481782,0.0047505039639557,152814.93627229918
2020-06-30,Atacado,1239,32168152.56481782,0.0119722756333455,385125.98912151065
2020-06-30,Atacado,1260,32168152.56481782,0.0212415450182123,683301.2608582999
2020-09-30,Varejo_Estavel,0,76265686.49565184,1.0,76265686.49565184
2020-09-30,Varejo_Estavel,21,76265686.49565184,0.975902867966544,74427902.17854396
2020-09-30,Varejo_Estavel,42,76265686.49565184,0.9624394684628848,73401106.77283217
2020-09-30,Varejo_Estavel,63,76265686.49565184,0.9430459604720376,71922047.5723513
2020-09-30,Varejo_Estavel,84,76265686.49565184,0.9414662629503175,71801570.85640185
2020-09-30,Varejo_Estavel,105,76265686.49565184,0.9362118222167258,71400837.32670374
2020-09-30,Varejo_Estavel,126,76265686.49565184,0.9053098001317548,69044073.39828965
2020-09-30,Varejo_Estavel,147,76265686.49565184,0.8777045211414334,66938737.84518878
2020-09-30,Varejo_Estavel,168,76265686.49565184,0.8656409703537719,66018702.86279261
2020-09-30,Varejo_Estavel,189,76265686.49565184,0.8692724243643117,66295658.19588383
2020-09-30,Varejo_Estavel,210,76265686.49565184,0.872796557911587,66564428.660169125
2020-09-30,Varejo_Estavel,231,76265686.49565184,0.8417443129302233,64196207.87943427
2020-09-30,Varejo_Estavel,252,76265686.49565184,0.8189482586597581,62457651.1511051
2020-09-30,Varejo_Estavel,273,76265686.49565184,0.8195720688121465,62505226.46061996
2020-09-30,Varejo_Estavel,294,76265686.49565184,0.7945027047661559,60593294.20164308
2020-09-30,Varejo_Estavel,315,76265686.49565184,0.7800446752883803,59490642.65814615
2020-09-30,Varejo_Estavel,336,76265686.49565184,0.7604952340938247,57999691.10483699
2020-09-30,Varejo_Estavel,357,76265686.49565184,0.7765127182487559,59221275.52984604
2020-09-30,Varejo_Estavel,378,76265686.49565184,0.7169541293075213,54678998.85753045
2020-09-30,Varejo_Estavel,399,76265686.49565184,0.7450077424963262,56818526.92605813
2020-09-30,Varejo_Estavel,420,76265686.49565184,0.7180696794666186,54764077.05623434
2020-09-30,Varejo_Estavel,441,76265686.49565184,0.7071010090211166,53927543.87476356
2020-09-30,Varejo_Estavel,462,76265686.49565184,0.7209096143170474,54980666.63720521
2020-09-30,Varejo_Estavel,483,76265686.49565184,0.6807922613864882,51921089.17556777
2020-09-30,Varejo_Estavel,504,76265686.49565184,0.670141333875495,51108788.877126455
2020-09-30,Varejo_Estavel,525,76265686.49565184,0.6658551962179828,50781903.646261424
2020-09-30,Varejo_Estavel,546,76265686.49565184,0.6616784465689486,50463360.96695735
2020-09-30,Varejo_Estavel,567,76265686.49565184,0.6408741459312317,48876706.69675995
2020-09-30,Varejo_Estavel,588,76265686.49565184,0.6169232760264709,47050077.16130532
2020-09-30,Varejo_Estavel,609,76265686.49565184,0.6152206915762938,46920228.389395736
2020-09-30,Varejo_Estavel,630,76265686.49565184,0.6309482129500323,48119698.60383894
2020-09-30,Varejo_Estavel,651,76265686.49565184,0.6065936899396621,46262284.18717891
2020-09-30,Varejo_Estavel,672,76265686.49565184,0.6013920191662386,45865575.1947194
2020-09-30,Varejo_Estavel,693,76265686.49565184,0.5832804201298629,44484281.66067622
2020-09-30,Varejo_Estavel,714,76265686.49565184,0.5690954035276988,43402451.63155995
2020-09-30,Varejo_Estavel,735,76265686.49565184,0.5878830479339436,44835304.22983841
2020-09-30,Varejo_Estavel,756,76265686.49565184,0.556385266751497,42433104.32486929
2020-09-30,Varejo_Estavel,777,76265686.49565184,0.5443606181382733,41516036.2435128
2020-09-30,Varejo_Estavel,798,76265686.49565184,0.5540160414363164,42252413.729744166
2020-09-30,Varejo_Estavel,819,76265686.49565184,0.5235167669202713,39926365.621158645
2020-09-30,Varejo_Estavel,840,76265686.49565184,0.5165103332850254,39392015.15008039
2020-09-30,Varejo_Estavel,861,76265686.49565184,0.5153689703728516,39304968.32404278
2020-09-30,Varejo_Estavel,882,76265686.49565184,0.5069829811440728,38665405.098564826
2020-09-30,Varejo_Estavel,903,76265686.49565184,0.5019614244383502,38282432.62912605
2020-09-30,Varejo_Estavel,924,76265686.49565184,0.5159429566961231,39348743.7850262
2020-09-30,Varejo_Estavel,945,76265686.49565184,0.4870031434186512,37141629.05836383
2020-09-30,Varejo_Estavel,966,76265686.49565184,0.4466830913023914,34066592.60417681
2020-09-30,Varejo_Estavel,987,76265686.49565184,0.4715112112463381,35960126.21609829
2020-09-30,Varejo_Estavel,1008,76265686.49565184,0.4605483852463127,35124038.76527397
2020-09-30,Varejo_Estavel,1029,76265686.49565184,0.4532337809463894,34566185.44689628
2020-09-30,Varejo_Estavel,1050,76265686.49565184,0.4484007267829237,34197589.25324889
2020-09-30,Varejo_Estavel,1071,76265686.49565184,0.4379587212059199,33401222.529527277
2020-09-30,Varejo_Estavel,1092,76265686.49565184,0.4306396708794306,32843030.13188135
2020-09-30,Varejo_Estavel,1113,76265686.49565184,0.4317085161718109,32924546.35186237
2020-09-30,Varejo_Estavel,1134,76265686.49565184,0.4110389901478506,31348170.760105304
2020-09-30,Varejo_Estavel,1155,76265686.49565184,0.399472921265225,30466076.576715864
2020-09-30,Varejo_Estavel,1176,76265686.49565184,0.4405392035113998,33598024.78404458
2020-09-30,Varejo_Estavel,1197,76265686.49565184,0.3891779525520845,29680923.720356945
2020-09-30,Varejo_Estavel,1218,76265686.49565184,0.3925884230990711,29941025.59789608
2020-09-30,Varejo_Estavel,1239,76265686.49565184,0.3671596325678831,28001681.431280896
2020-09-30,Varejo_Estavel,1260,76265686.49565184,0.3803267626082166,29005881.642984446
2020-09-30,Varejo_Nao_Estavel,0,45333872.24655333,0.9946903246858,45093164.104188696
2020-09-30,Varejo_Nao_Estavel,21,45333872.24655333,0.9729137210402578,44105946.336557865
2020-09-30,Varejo_Nao_Estavel,42,45333872.24655333,0.927980308406476,42068940.74861634
2020-09-30,Varejo_Nao_Estavel,63,45333872.24655333,0.8925884333972585,40464490.00838248
2020-09-30,Varejo_Nao_Estavel,84,45333872.24655333,0.8294127028901533,37600489.5124907
2020-09-30,Varejo_Nao_Estavel,105,45333872.24655333,0.8390004686584981,38035140.06096272
2020-09-30,Varejo_Nao_Estavel,126,45333872.24655333,0.7702815221654483,34919844.119729064
2020-09-30,Varejo_Nao_Estavel,147,45333872.24655333,0.7718360705088143,34990317.815728314
2020-09-30,Varejo_Nao_Estavel,168,45333872.24655333,0.7358931451119669,33360885.827620234
2020-09-30,Varejo_Nao_Estavel,189,45333872.24655333,0.7018871028225848,31819260.250862498
2020-09-30,Varejo_Nao_Estavel,210,45333872.24655333,0.6571601097141166,29791612.45931073
2020-09-30,Varejo_Nao_Estavel,231,45333872.24655333,0.6427911190981987,29140210.474416785
2020-09-30,Varejo_Nao_Estavel,252,45333872.24655333,0.6099211497447199,27650087.48299805
2020-09-30,Varejo_Nao_Estavel,273,45333872.24655333,0.5915273678716376,26816226.12543277
2020-09-30,Varejo_Nao_Estavel,294,45333872.24655333,0.564753747426412,25602474.236591205
2020-09-30,Varejo_Nao_Estavel,315,45333872.24655333,0.5207905402537599,23609451.81907744
2020-09-30,Varejo_Nao_Estavel,336,45333872.24655333,0.5371084712221285,24349206.816925533
2020-09-30,Varejo_Nao_Estavel,357,45333872.24655333,0.5019231846553344,22754121.53074812
2020-09-30,Varejo_Nao_Estavel,378,45333872.24655333,0.477150559668396,21631082.514378484
2020-09-30,Varejo_Nao_Estavel,399,45333872.24655333,0.4571056316766975,20722368.309611466
2020-09-30,Varejo_Nao_Estavel,420,45333872.24655333,0.4497508739865709,20388948.66408291
2020-09-30,Varejo_Nao_Estavel,441,45333872.24655333,0.4170724367817675,18907508.566623334
2020-09-30,Varejo_Nao_Estavel,462,45333872.24655333,0.3837830505912066,17398371.78589427
2020-09-30,Varejo_Nao_Estavel,483,45333872.24655333,0.3994501313078201,18108621.221577667
2020-09-30,Varejo_Nao_Estavel,504,45333872.24655333,0.3851583776030814,17460720.684947837
2020-09-30,Varejo_Nao_Estavel,525,45333872.24655333,0.3615177138144152,16388997.852928726
2020-09-30,Varejo_Nao_Estavel,546,45333872.24655333,0.3357176490424747,15219381.012604777
2020-09-30,Varejo_Nao_Estavel,567,45333872.24655333,0.3367103521857373,15264384.090080192
2020-09-30,Varejo_Nao_Estavel,588,45333872.24655333,0.3047681886901318,13816322.130891891
2020-09-30,Varejo_Nao_Estavel,609,45333872.24655333,0.2972423229341081,13475145.494163604
2020-09-30,Varejo_Nao_Estavel,630,45333872.24655333,0.2882934035126304,13069456.324365633
2020-09-30,Varejo_Nao_Estavel,651,45333872.24655333,0.2956478536783916,13402862.028623898
2020-09-30,Varejo_Nao_Estavel,672,45333872.24655333,0.2698549135184134,12233568.17454845
2020-09-30,Varejo_Nao_Estavel,693,45333872.24655333,0.2579658620473914,11694591.434028445
2020-09-30,Varejo_Nao_Estavel,714,45333872.24655333,0.2763611702604155,12528521.98649365
2020-09-30,Varejo_Nao_Estavel,735,45333872.24655333,0.247112535254666,11202568.103756934
2020-09-30,Varejo_Nao_Estavel,756,45333872.24655333,0.2373261820098998,10758914.81599906
2020-09-30,Varejo_Nao_Estavel,777,45333872.24655333,0.2195785015354827,9954343.73669919
2020-09-30,Varejo_Nao_Estavel,798,45333872.24655333,0.2079813992994411,9428602.185500262
2020-09-30,Varejo_Nao_Estavel,819,45333872.24655333,0.1803757022583471,8177129.042562249
2020-09-30,Varejo_Nao_Estavel,840,45333872.24655333,0.2100500178791076,9522380.675917707
2020-09-30,Varejo_Nao_Estavel,861,45333872.24655333,0.1959418443760468,8882802.54069774
2020-09-30,Varejo_Nao_Estavel,882,45333872.24655333,0.1808607200746422,8199116.778283473
2020-09-30,Varejo_Nao_Estavel,903,45333872.24655333,0.1741118160307586,7893162.824553805
2020-09-30,Varejo_Nao_Estavel,924,45333872.24655333,0.1776274744181563,8052541.23275062
2020-09-30,Varejo_Nao_Estavel,945,45333872.24655333,0.1434484234544179,6503072.502852067
2020-09-30,Varejo_Nao_Estavel,966,45333872.24655333,0.1486026268162072,6736732.499588177
2020-09-30,Varejo_Nao_Estavel,987,45333872.24655333,0.1358763808624651,6159802.491343017
2020-09-30,Varejo_Nao_Estavel,1008,45333872.24655333,0.1648454057644703,7473080.565357745
2020-09-30,Varejo_Nao_Estavel,1029,45333872.24655333,0.1484052191527079,6727783.245790611
2020-09-30,Varejo_Nao_Estavel,1050,45333872.24655333,0.1060005751012875,4805416.529702949
2020-09-30,Varejo_Nao_Estavel,1071,45333872.24655333,0.109019821993156,4942290.682579722
2020-09-30,Varejo_Nao_Estavel,1092,45333872.24655333,0.1205568479739909,5465308.744500055
2020-09-30,Varejo_Nao_Estavel,1113,45333872.24655333,0.1116354670390238,5060868.00093142
2020-09-30,Varejo_Nao_Estavel,1134,45333872.24655333,0.0967637213294311,4386674.180849519
2020-09-30,Varejo_Nao_Estavel,1155,45333872.24655333,0.1315292169775737,5962728.719150522
2020-09-30,Varejo_Nao_Estavel,1176,45333872.24655333,0.1076552159856394,4880427.808168083
2020-09-30,Varejo_Nao_Estavel,1197,45333872.24655333,0.1054850941689383,4782047.782970297
2020-09-30,Varejo_Nao_Estavel,1218,45333872.24655333,0.0875288421510634,3968021.3479650426
2020-09-30,Varejo_Nao_Estavel,1239,45333872.24655333,0.1007027308974188,4565244.737382625
2020-09-30,Varejo_Nao_Estavel,1260,45333872.24655333,0.0838231545165343,3800028.178155665
2020-09-30,Atacado,0,34008298.89202375,1.0,34008298.89202375
2020-09-30,Atacado,21,34008298.89202375,0.9027682228052156,30701611.551380865
2020-09-30,Atacado,42,34008298.89202375,0.8698314952690674,29581489.476806387
2020-09-30,Atacado,63,34008298.89202375,0.7867727684734372,26756803.47034965
2020-09-30,Atacado,84,34008298.89202375,0.7390059492255542,25132335.20424637
2020-09-30,Atacado,105,34008298.89202375,0.6545148900055914,22258938.0085902
2020-09-30,Atacado,126,34008298.89202375,0.6044942251841199,20557820.28856386
2020-09-30,Atacado,147,34008298.89202375,0.553809411876241,18834116.00830309
2020-09-30,Atacado,168,34008298.89202375,0.5266506334822915,17910492.15513942
2020-09-30,Atacado,189,34008298.89202375,0.4837599640854418,16451853.45061238
2020-09-30,Atacado,210,34008298.89202375,0.4398764172393955,14959448.67302991
2020-09-30,Atacado,231,34008298.89202375,0.3986763269782717,13558303.689051256
2020-09-30,Atacado,252,34008298.89202375,0.3637299863908294,12369838.093171058
2020-09-30,Atacado,273,34008298.89202375,0.348910676739107,11865858.58116183
2020-09-30,Atacado,294,34008298.89202375,0.3167555357548316,10772316.93565343
2020-09-30,Atacado,315,34008298.89202375,0.2890744948423812,9830931.822660478
2020-09-30,Atacado,336,34008298.89202375,0.2927713187572358,9956654.515308034
2020-09-30,Atacado,357,34008298.89202375,0.2519169519371678,8567266.997446785
2020-09-30,Atacado,378,34008298.89202375,0.248498763091325,8451020.209507981
2020-09-30,Atacado,399,34008298.89202375,0.2087388331188901,7098852.627079482
2020-09-30,Atacado,420,34008298.89202375,0.2013624469016088,6847994.279859175
2020-09-30,Atacado,441,34008298.89202375,0.1823449997981271,6201243.25460072
2020-09-30,Atacado,462,34008298.89202375,0.1484222755568062,5047589.109370178
2020-09-30,Atacado,483,34008298.89202375,0.1728212624700198,5877357.148977321
2020-09-30,Atacado,504,34008298.89202375,0.1419654510902404,4828003.493017875
2020-09-30,Atacado,525,34008298.89202375,0.1413899054305074,4808430.164195668
2020-09-30,Atacado,546,34008298.89202375,0.113120651384742,3847040.923152727
2020-09-30,Atacado,567,34008298.89202375,0.1106781752473966,3763976.464637249
2020-09-30,Atacado,588,34008298.89202375,0.0935025086987682,3179861.262981761
2020-09-30,Atacado,609,34008298.89202375,0.1106650033350107,3763528.5103038503
2020-09-30,Atacado,630,34008298.89202375,0.0921252598177265,3133023.37138659
2020-09-30,Atacado,651,34008298.89202375,0.0859266466805184,2922219.083100392
2020-09-30,Atacado,672,34008298.89202375,0.091487274520392,3111326.576706121
2020-09-30,Atacado,693,34008298.89202375,0.0832241875670286,2830313.045825355
2020-09-30,Atacado,714,34008298.89202375,0.0731449786834338,2487536.2975169253
2020-09-30,Atacado,735,34008298.89202375,0.0419314163781562,1426016.1411542387
2020-09-30,Atacado,756,34008298.89202375,0.0460612607718075,1566465.123671081
2020-09-30,Atacado,777,34008298.89202375,0.0381360224843247,1296941.2511998552
2020-09-30,Atacado,798,34008298.89202375,0.0550147028324647,1870956.4573823255
2020-09-30,Atacado,819,34008298.89202375,0.0447365813245754,1521415.029093491
2020-09-30,Atacado,840,34008298.89202375,0.0226863836056476,771525.314439973
2020-09-30,Atacado,861,34008298.89202375,0.0340489940362977,1157948.3661591487
2020-09-30,Atacado,882,34008298.89202375,0.0155635726756338,529290.6313806891
2020-09-30,Atacado,903,34008298.89202375,0.0302531852791908,1028859.3674104963
2020-09-30,Atacado,924,34008298.89202375,0.008626857719598,293384.755827053
2020-09-30,Atacado,945,34008298.89202375,0.0326239428972939,1109484.8010874875
2020-09-30,Atacado,966,34008298.89202375,0.0287721884160609,978493.1834310256
2020-09-30,Atacado,987,34008298.89202375,0.0452492246144635,1538849.1553209927
2020-09-30,Atacado,1008,34008298.89202375,0.0307917905797945,1047176.4174582558
2020-09-30,Atacado,1029,34008298.89202375,0.0139407088312329,474099.7926992457
2020-09-30,Atacado,1050,34008298.89202375,0.0273553106241277,930307.5799894904
2020-09-30,Atacado,1071,34008298.89202375,0.0,0.0
2020-09-30,Atacado,1092,34008298.89202375,0.0033697288169272,114598.74479112698
2020-09-30,Atacado,1113,34008298.89202375,0.0177581146598411,603923.2711107063
2020-09-30,Atacado,1134,34008298.89202375,0.0,0.0
2020-09-30,Atacado,1155,34008298.89202375,0.0112595946188924,382919.6592023178
2020-09-30,Atacado,1176,34008298.89202375,0.0,0.0
2020-09-30,Atacado,1197,34008298.89202375,0.0111731895627708,379981.1702279528
2020-09-30,Atacado,1218,34008298.89202375,0.0,0.0
2020-09-30,Atacado,1239,34008298.89202375,0.013561500073692,461203.547930323
2020-09-30,Atacado,1260,34008298.89202375,0.0080444290840086,273577.34870465595
2020-12-31,Varejo_Estavel,0,91202927.33505064,1.0,91202927.33505064
2020-12-31,Varejo_Estavel,21,91202927.33505064,0.9747329398485746,88898497.48408984
2020-12-31,Varejo_Estavel,42,91202927.33505064,0.9652080657129556,88029801.08042347
2020-12-31,Varejo_Estavel,63,91202927.33505064,0.9365071612797364,85412194.57895036
2020-12-31,Varejo_Estavel,84,91202927.33505064,0.9422281436164454,85933964.91529033
2020-12-31,Varejo_Estavel,105,91202927.33505064,0.9293943965417224,84763489.61339796
2020-12-31,Varejo_Estavel,126,91202927.33505064,0.9371495077574749,85470778.45808345
2020-12-31,Varejo_Estavel,147,91202927.33505064,0.8854974791731294,80759962.24839744
2020-12-31,Varejo_Estavel,168,91202927.33505064,0.8754199173371116,79840859.10855262
2020-12-31,Varejo_Estavel,189,91202927.33505064,0.8576281290146066,78218195.9310146
2020-12-31,Varejo_Estavel,210,91202927.33505064,0.8532125253644304,77815479.9521672
2020-12-31,Varejo_Estavel,231,91202927.33505064,0.841599899352206,76756374.46580519
2020-12-31,Varejo_Estavel,252,91202927.33505064,0.822950519134431,75055496.3969597
2020-12-31,Varejo_Estavel,273,91202927.33505064,0.8234137722124194,75097746.43376923
2020-12-31,Varejo_Estavel,294,91202927.33505064,0.7899729343481395,72047844.1280101
2020-12-31,Varejo_Estavel,315,91202927.33505064,0.7964181864714394,72635669.9890675
2020-12-31,Varejo_Estavel,336,91202927.33505064,0.7784587176058608,70997713.85514404
2020-12-31,Varejo_Estavel,357,91202927.33505064,0.7594669730790122,69265611.15909602
2020-12-31,Varejo_Estavel,378,91202927.33505064,0.7436453846283835,67822635.97730824
2020-12-31,Varejo_Estavel,399,91202927.33505064,0.7645534451977514,69729512.30613314
2020-12-31,Varejo_Estavel,420,91202927.33505064,0.7138305149112841,65103432.580995634
2020-12-31,Varejo_Estavel,441,91202927.33505064,0.7156002959221569,65264841.78992921
2020-12-31,Varejo_Estavel,462,91202927.33505064,0.691599203600728,63075871.91097609
2020-12-31,Varejo_Estavel,483,91202927.33505064,0.7107892834763445,64826063.37142576
2020-12-31,Varejo_Estavel,504,91202927.33505064,0.6889440796694264,62833716.83600403
2020-12-31,Varejo_Estavel,525,91202927.33505064,0.6592797285389235,60128241.17540735
2020-12-31,Varejo_Estavel,546,91202927.33505064,0.6628634178603765,60455084.13218323
2020-12-31,Varejo_Estavel,567,91202927.33505064,0.6492687639740649,59215211.90164478
2020-12-31,Varejo_Estavel,588,91202927.33505064,0.6296100860492047,57422282.927360594
2020-12-31,Varejo_Estavel,609,91202927.33505064,0.634707040353613,57887140.08041562
2020-12-31,Varejo_Estavel,630,91202927.33505064,0.6202438713657111,56568056.73017745
2020-12-31,Varejo_Estavel,651,91202927.33505064,0.6082847530366674,55477350.1302224
2020-12-31,Varejo_Estavel,672,91202927.33505064,0.5954759352268849,54309148.45026891
2020-12-31,Varejo_Estavel,693,91202927.33505064,0.5915901285271352,53954751.50419358
2020-12-31,Varejo_Estavel,714,91202927.33505064,0.5797620278196876,52875994.094860576
2020-12-31,Varejo_Estavel,735,91202927.33505064,0.5684613345317389,51845337.78608409
2020-12-31,Varejo_Estavel,756,91202927.33505064,0.5509513780442592,50248378.496916585
2020-12-31,Varejo_Estavel,777,91202927.33505064,0.5700062515817488,51986238.743534826
2020-12-31,Varejo_Estavel,798,91202927.33505064,0.5282572937198698,48178611.57334379
2020-12-31,Varejo_Estavel,819,91202927.33505064,0.5373167258532369,49004858.303900085
2020-12-31,Varejo_Estavel,840,91202927.33505064,0.5198041725026962,47407662.17321953
2020-12-31,Varejo_Estavel,861,91202927.33505064,0.5363605773980403,48917654.76581928
2020-12-31,Varejo_Estavel,882,91202927.33505064,0.4961379494483285,45249233.35169694
2020-12-31,Varejo_Estavel,903,91202927.33505064,0.4900229291223877,44691525.5972578
2020-12-31,Varejo_Estavel,924,91202927.33505064,0.4792051108642354,43704908.90473575
2020-12-31,Varejo_Estavel,945,91202927.33505064,0.4868497450738301,44402121.92305645
2020-12-31,Varejo_Estavel,966,91202927.33505064,0.4587431309405773,41838716.4366271
2020-12-31,Varejo_Estavel,987,91202927.33505064,0.4618532819880661,42122371.31661225
2020-12-31,Varejo_Estavel,1008,91202927.33505064,0.4342654354381861,39606278.95239302
2020-12-31,Varejo_Estavel,1029,91202927.33505064,0.4555974369037091,41551819.9319643
2020-12-31,Varejo_Estavel,1050,91202927.33505064,0.4394467807650944,40078832.81374084
2020-12-31,Varejo_Estavel,1071,91202927.33505064,0.4204461797308352,38345922.37829101
2020-12-31,Varejo_Estavel,1092,91202927.33505064,0.444298328831784,40521308.19952963
2020-12-31,Varejo_Estavel,1113,91202927.33505064,0.4086599828739422,37270986.72279519
2020-12-31,Varejo_Estavel,1134,91202927.33505064,0.4271072839945232,38953434.58642335
2020-12-31,Varejo_Estavel,1155,91202927.33505064,0.4024326674050415,36703037.32259261
2020-12-31,Varejo_Estavel,1176,91202927.33505064,0.4234726826146762,38621948.30088528
2020-12-31,Varejo_Estavel,1197,91202927.33505064,0.4067628483445731,37097962.50016832
2020-12-31,Varejo_Estavel,1218,91202927.33505064,0.3792901336990618,34592370.50265718
2020-12-31,Varejo_Estavel,1239,91202927.33505064,0.3741025649518639,34119249.04716091
2020-12-31,Varejo_Estavel,1260,91202927.33505064,0.3861954440902912,35222155.02449444
2020-12-31,Varejo_Nao_Estavel,0,48688109.34644917,0.9979678899157436,48589169.74846287
2020-12-31,Varejo_Nao_Estavel,21,48688109.34644917,0.9756398113922694,47502057.81981585
2020-12-31,Varejo_Nao_Estavel,42,48688109.34644917,0.9133319271054996,44468404.73651571
2020-12-31,Varejo_Nao_Estavel,63,48688109.34644917,0.8868630443684661,43179684.87953667
2020-12-31,Varejo_Nao_Estavel,84,48688109.34644917,0.8621226944746834,41975124.01863877
2020-12-31,Varejo_Nao_Estavel,105,48688109.34644917,0.8266671364811771,40248859.934111565
2020-12-31,Varejo_Nao_Estavel,126,48688109.34644917,0.7826687458865027,38106661.48177028
2020-12-31,Varejo_Nao_Estavel,147,48688109.34644917,0.750026470167056,36517370.79222492
2020-12-31,Varejo_Nao_Estavel,168,48688109.34644917,0.7027688331699379,34216485.79465443
2020-12-31,Varejo_Nao_Estavel,189,48688109.34644917,0.6822841700091863,33219126.274758574
2020-12-31,Varejo_Nao_Estavel,210,48688109.34644917,0.671240237803914,32681418.095933504
2020-12-31,Varejo_Nao_Estavel,231,48688109.34644917,0.6393174546930576,31127158.141189147
2020-12-31,Varejo_Nao_Estavel,252,48688109.34644917,0.6164713316152529,30014823.60263456
2020-12-31,Varejo_Nao_Estavel,273,48688109.34644917,0.6036499363291828,29390574.106972333
2020-12-31,Varejo_Nao_Estavel,294,48688109.34644917,0.5535043372266915,26949079.694627028
2020-12-31,Varejo_Nao_Estavel,315,48688109.34644917,0.5424197027058371,26409389.797010243
2020-12-31,Varejo_Nao_Estavel,336,48688109.34644917,0.525911592971248,25605641.14514939
2020-12-31,Varejo_Nao_Estavel,357,48688109.34644917,0.4944465512830325,24073667.75484297
2020-12-31,Varejo_Nao_Estavel,378,48688109.34644917,0.5001458898295519,24351157.77319834
2020-12-31,Varejo_Nao_Estavel,399,48688109.34644917,0.4747326000900125,23113832.74350665
2020-12-31,Varejo_Nao_Estavel,420,48688109.34644917,0.4489309589952348,21857599.62056628
2020-12-31,Varejo_Nao_Estavel,441,48688109.34644917,0.4493282941932441,21876945.120134152
2020-12-31,Varejo_Nao_Estavel,462,48688109.34644917,0.3928584139375734,19127533.415465165
2020-12-31,Varejo_Nao_Estavel,483,48688109.34644917,0.3944718582960526,19206088.97081521
2020-12-31,Varejo_Nao_Estavel,504,48688109.34644917,0.3833251852548083,18663378.53493399
2020-12-31,Varejo_Nao_Estavel,525,48688109.34644917,0.3529386351490197,17183914.860722
2020-12-31,Varejo_Nao_Estavel,546,48688109.34644917,0.3531010580465676,17191822.92451818
2020-12-31,Varejo_Nao_Estavel,567,48688109.34644917,0.3223641357696113,15695300.29172442
2020-12-31,Varejo_Nao_Estavel,588,48688109.34644917,0.3306292649291859,16097713.804008313
2020-12-31,Varejo_Nao_Estavel,609,48688109.34644917,0.3222631073119069,15690381.407128606
2020-12-31,Varejo_Nao_Estavel,630,48688109.34644917,0.3005697795642202,14634174.29366088
2020-12-31,Varejo_Nao_Estavel,651,48688109.34644917,0.2632870110469136,12818946.783351898
2020-12-31,Varejo_Nao_Estavel,672,48688109.34644917,0.262604722669664,12785727.452234562
2020-12-31,Varejo_Nao_Estavel,693,48688109.34644917,0.2701167790272669,13151475.27359022
2020-12-31,Varejo_Nao_Estavel,714,48688109.34644917,0.253159243797629,12325844.944083344
2020-12-31,Varejo_Nao_Estavel,735,48688109.34644917,0.2105549538760916,10251522.61775571
2020-12-31,Varejo_Nao_Estavel,756,48688109.34644917,0.2481722124906208,12083035.818493564
2020-12-31,Varejo_Nao_Estavel,777,48688109.34644917,0.225654788553034,10986705.019619988
2020-12-31,Varejo_Nao_Estavel,798,48688109.34644917,0.2053089633430819,9996105.257054098
2020-12-31,Varejo_Nao_Estavel,819,48688109.34644917,0.2185520467093529,10640885.94807524
2020-12-31,Varejo_Nao_Estavel,840,48688109.34644917,0.1902946513411421,9265086.79254195
2020-12-31,Varejo_Nao_Estavel,861,48688109.34644917,0.1823007024957197,8875876.5370461
2020-12-31,Varejo_Nao_Estavel,882,48688109.34644917,0.1873109438053716,9119815.71378253
2020-12-31,Varejo_Nao_Estavel,903,48688109.34644917,0.1971309979637012,9597935.584431332
2020-12-31,Varejo_Nao_Estavel,924,48688109.34644917,0.1882767894066983,9166840.910031712
2020-12-31,Varejo_Nao_Estavel,945,48688109.34644917,0.1664214823182254,8102747.3287079185
2020-12-31,Varejo_Nao_Estavel,966,48688109.34644917,0.1612298307010567,7849975.627082536
2020-12-31,Varejo_Nao_Estavel,987,48688109.34644917,0.1590100024021934,7741896.384137137
2020-12-31,Varejo_Nao_Estavel,1008,48688109.34644917,0.1285034902701972,6256591.985675729
2020-12-31,Varejo_Nao_Estavel,1029,48688109.34644917,0.1456271328162921,7090309.766369508
2020-12-31,Varejo_Nao_Estavel,1050,48688109.34644917,0.1236240051771895,6019019.081913003
2020-12-31,Varejo_Nao_Estavel,1071,48688109.34644917,0.1310066983143947,6378468.45264853
2020-12-31,Varejo_Nao_Estavel,1092,48688109.34644917,0.1194153845229927,5814109.299303742
2020-12-31,Varejo_Nao_Estavel,1113,48688109.34644917,0.1233192495092634,6004181.104629069
2020-12-31,Varejo_Nao_Estavel,1134,48688109.34644917,0.1140735494064313,5554025.4470379
2020-12-31,Varejo_Nao_Estavel,1155,48688109.34644917,0.0713157068759123,3472226.9344937345
2020-12-31,Varejo_Nao_Estavel,1176,48688109.34644917,0.1060514375583106,5163443.988187156
2020-12-31,Varejo_Nao_Estavel,1197,48688109.34644917,0.1074931337221723,5233637.448657611
2020-12-31,Varejo_Nao_Estavel,1218,48688109.34644917,0.1011841617219114,4926465.530045222
2020-12-31,Varejo_Nao_Estavel,1239,48688109.34644917,0.0908044097767798,4421095.032351637
2020-12-31,Varejo_Nao_Estavel,1260,48688109.34644917,0.1080942879514833,5262906.511508383
2020-12-31,Atacado,0,36089805.95192581,1.0,36089805.95192581
2020-12-31,Atacado,21,36089805.95192581,0.934850096314546,33738558.57013112
2020-12-31,Atacado,42,36089805.95192581,0.8550182769472149,30857443.70037495
2020-12-31,Atacado,63,36089805.95192581,0.7738078848557803,27926576.408515267
2020-12-31,Atacado,84,36089805.95192581,0.6943745697548336,25059843.48040392
2020-12-31,Atacado,105,36089805.95192581,0.6616944762608002,23880425.24771346
2020-12-31,Atacado,126,36089805.95192581,0.6247035529830316,22545430.004636217
2020-12-31,Atacado,147,36089805.95192581,0.5635150585584251,20337149.114361677
2020-12-31,Atacado,168,36089805.95192581,0.5332612018776941,19245293.29745672
2020-12-31,Atacado,189,36089805.95192581,0.4847529025734661,17494638.188509192
2020-12-31,Atacado,210,36089805.95192581,0.4609061519133159,16634013.584600411
2020-12-31,Atacado,231,36089805.95192581,0.4073025568074472,14699470.23890401
2020-12-31,Atacado,252,36089805.95192581,0.3845405195464118,13877992.73108274
2020-12-31,Atacado,273,36089805.95192581,0.3555631043191792,12832203.438543532
2020-12-31,Atacado,294,36089805.95192581,0.3403617995814691,12283591.300343487
2020-12-31,Atacado,315,36089805.95192581,0.2768221310746689,9990456.993683375
2020-12-31,Atacado,336,36089805.95192581,0.2687053456290186,9697523.781996438
2020-12-31,Atacado,357,36089805.95192581,0.2630870533401426,9494760.703509703
2020-12-31,Atacado,378,36089805.95192581,0.2518090056415457,9087738.150550775
2020-12-31,Atacado,399,36089805.95192581,0.2180187174627874,7868253.20711974
2020-12-31,Atacado,420,36089805.95192581,0.1949126815229671,7034360.853733398
2020-12-31,Atacado,441,36089805.95192581,0.1920961324172965,6932712.143055677
2020-12-31,Atacado,462,36089805.95192581,0.1792181753738039,6467949.172298793
2020-12-31,Atacado,483,36089805.95192581,0.1513652626508451,5462742.956931287
2020-12-31,Atacado,504,36089805.95192581,0.1475509821207599,5325086.312754303
2020-12-31,Atacado,525,36089805.95192581,0.1465992139438555,5290737.183938603
2020-12-31,Atacado,546,36089805.95192581,0.1448305039735741,5226904.784325913
2020-12-31,Atacado,567,36089805.95192581,0.1215675673371773,4387349.915246404
2020-12-31,Atacado,588,36089805.95192581,0.1044344037778356,3769017.3670471553
2020-12-31,Atacado,609,36089805.95192581,0.0951841194293951,3435176.399911802
2020-12-31,Atacado,630,36089805.95192581,0.0950771063346419,3431314.318087844
2020-12-31,Atacado,651,36089805.95192581,0.0801339302505943,2892017.992909109
2020-12-31,Atacado,672,36089805.95192581,0.0774647507434009,2795687.8224436413
2020-12-31,Atacado,693,36089805.95192581,0.0566535768298698,2044616.5942725225
2020-12-31,Atacado,714,36089805.95192581,0.0795255546076923,2870061.8340108967
2020-12-31,Atacado,735,36089805.95192581,0.0453099278168216,1635226.5026048606
2020-12-31,Atacado,756,36089805.95192581,0.0492240690805716,1776487.1012820215
2020-12-31,Atacado,777,36089805.95192581,0.0513537992466827,1853348.649706936
2020-12-31,Atacado,798,36089805.95192581,0.0701761410676188,2532643.3135853345
2020-12-31,Atacado,819,36089805.95192581,0.0376165622053469,1357574.4305695174
2020-12-31,Atacado,840,36089805.95192581,0.03138034304169,1132510.491079459
2020-12-31,Atacado,861,36089805.95192581,0.0297041215844269,1072015.9839543805
2020-12-31,Atacado,882,36089805.95192581,0.0533996867155949,1927184.3314594517
2020-12-31,Atacado,903,36089805.95192581,0.0,0.0
2020-12-31,Atacado,924,36089805.95192581,0.0164584716216612,593983.0470910314
2020-12-31,Atacado,945,36089805.95192581,0.0590534774865932,2131228.5432775686
2020-12-31,Atacado,966,36089805.95192581,0.0313272217855517,1130593.3552535055
2020-12-31,Atacado,987,36089805.95192581,0.0090820233022302,327768.4586283592
2020-12-31,Atacado,1008,36089805.95192581,0.0201142953197292,725921.0149487572
2020-12-31,Atacado,1029,36089805.95192581,0.0198251346939173,715485.2640742688
2020-12-31,Atacado,1050,36089805.95192581,0.0276919724557012,999397.9123523316
2020-12-31,Atacado,1071,36089805.95192581,0.0382500384688922,1380436.4659960202
2020-12-31,Atacado,1092,36089805.95192581,0.0195820202364508,706711.3104801954
2020-12-31,Atacado,1113,36089805.95192581,0.0072829446387842,262840.0587723436
2020-12-31,Atacado,1134,36089805.95192581,0.0221364569982446,798900.4375297992
2020-12-31,Atacado,1155,36089805.95192581,0.0033264916757447,120052.4390783244
2020-12-31,Atacado,1176,36089805.95192581,0.0,0.0
2020-12-31,Atacado,1197,36089805.95192581,0.0,0.0
2020-12-31,Atacado,1218,36089805.95192581,0.0,0.0
2020-12-31,Atacado,1239,36089805.95192581,0.0,0.0
2020-12-31,Atacado,1260,36089805.95192581,0.0,0.0
2021-03-31,Varejo_Estavel,0,82505892.21899775,0.9856071780901116,81318399.60577326
2021-03-31,Varejo_Estavel,21,82505892.21899775,0.9452173974582266,77986004.71821
2021-03-31,Varejo_Estavel,42,82505892.21899775,0.9536468409399383,78681483.47357824
2021-03-31,Varejo_Estavel,63,82505892.21899775,0.9440298876972364,77888028.16586073
2021-03-31,Varejo_Estavel,84,82505892.21899775,0.9262263836238448,76419134.177661
2021-03-31,Varejo_Estavel,105,82505892.21899775,0.93580200433732,77209179.30817698
2021-03-31,Varejo_Estavel,126,82505892.21899775,0.8945527706200319,73805874.47698216
2021-03-31,Varejo_Estavel,147,82505892.21899775,0.8971009446327928,74016113.84743427
2021-03-31,Varejo_Estavel,168,82505892.21899775,0.8711791074234415,71877409.54052113
2021-03-31,Varejo_Estavel,189,82505892.21899775,0.8560342541628115,70627869.90972705
2021-03-31,Varejo_Estavel,210,82505892.21899775,0.8319059356388158,68637141.46216062
2021-03-31,Varejo_Estavel,231,82505892.21899775,0.8268629458499561,68221065.09017944
2021-03-31,Varejo_Estavel,252,82505892.21899775,0.8042700211765127,66357015.68216039
2021-03-31,Varejo_Estavel,273,82505892.21899775,0.801615122634582,66137970.909207486
2021-03-31,Varejo_Estavel,294,82505892.21899775,0.7831002025312344,64610380.90671733
2021-03-31,Varejo_Estavel,315,82505892.21899775,0.7611927033170349,62802883.137762815
2021-03-31,Varejo_Estavel,336,82505892.21899775,0.7712527150382577,63632893.38055587
2021-03-31,Varejo_Estavel,357,82505892.21899775,0.751518615849969,62004713.91988792
2021-03-31,Varejo_Estavel,378,82505892.21899775,0.7282872922686362,60087992.84038181
2021-03-31,Varejo_Estavel,399,82505892.21899775,0.7228946750882896,59643070.14852182
2021-03-31,Varejo_Estavel,420,82505892.21899775,0.7078410950651576,58401061.09762323
2021-03-31,Varejo_Estavel,441,82505892.21899775,0.6863439323299276,56627418.505976096
2021-03-31,Varejo_Estavel,462,82505892.21899775,0.6857153082603624,56575553.31624628
2021-03-31,Varejo_Estavel,483,82505892.21899775,0.6657342953630306,54927002.01971262
2021-03-31,Varejo_Estavel,504,82505892.21899775,0.6503636075922001,53658829.71116061
2021-03-31,Varejo_Estavel,525,82505892.21899775,0.6309418774627173,52056422.53839104
2021-03-31,Varejo_Estavel,546,82505892.21899775,0.6350166219079745,52392612.964411385
2021-03-31,Varejo_Estavel,567,82505892.21899775,0.6352176510236701,52409199.05096385
2021-03-31,Varejo_Estavel,588,82505892.21899775,0.6093582234076506,50275643.90323157
2021-03-31,Varejo_Estavel,609,82505892.21899775,0.6374056384988396,52589720.9097667
2021-03-31,Varejo_Estavel,630,82505892.21899775,0.6074281071474378,50116397.93909632
2021-03-31,Varejo_Estavel,651,82505892.21899775,0.6022712663460932,49690928.18775005
2021-03-31,Varejo_Estavel,672,82505892.21899775,0.5861553127690479,48361267.05891598
2021-03-31,Varejo_Estavel,693,82505892.21899775,0.5890105721056701,48596842.778000616
2021-03-31,Varejo_Estavel,714,82505892.21899775,0.5476637563282917,45185486.85187348
2021-03-31,Varejo_Estavel,735,82505892.21899775,0.5168754488701538,42645270.07512699
2021-03-31,Varejo_Estavel,756,82505892.21899775,0.5329094237404826,43968167.47762045
2021-03-31,Varejo_Estavel,777,82505892.21899775,0.5357795381884152,44204968.83091777
2021-03-31,Varejo_Estavel,798,82505892.21899775,0.5218737355814889,43057658.17981205
2021-03-31,Varejo_Estavel,819,82505892.21899775,0.5144897803578354,42448438.3659794
2021-03-31,Varejo_Estavel,840,82505892.21899775,0.5183149402799218,42764036.59823148
2021-03-31,Varejo_Estavel,861,82505892.21899775,0.4984773749298496,41127320.56957111
2021-03-31,Varejo_Estavel,882,82505892.21899775,0.4950545180109993,40844914.70554339
2021-03-31,Varejo_Estavel,903,82505892.21899775,0.4659114096513203,38440436.548293136
2021-03-31,Varejo_Estavel,924,82505892.21899775,0.4559013071095009,37614544.10687667
2021-03-31,Varejo_Estavel,945,82505892.21899775,0.4804141265808718,39636996.14816535
2021-03-31,Varejo_Estavel,966,82505892.21899775,0.4543907966025917,37489918.08979796
2021-03-31,Varejo_Estavel,987,82505892.21899775,0.437970608868816,36135155.85041936
2021-03-31,Varejo_Estavel,1008,82505892.21899775,0.4303938796295844,35510031.04443478
2021-03-31,Varejo_Estavel,1029,82505892.21899775,0.4225920145873287,34866331.20815127
2021-03-31,Varejo_Estavel,1050,82505892.21899775,0.4145322750970511,34201355.21045323
2021-03-31,Varejo_Estavel,1071,82505892.21899775,0.400425540343742,33037466.473334715
2021-03-31,Varejo_Estavel,1092,82505892.21899775,0.3907249026881181,32237106.70846426
2021-03-31,Varejo_Estavel,1113,82505892.21899775,0.3994175314728561,32954299.80207761
2021-03-31,Varejo_Estavel,1134,82505892.21899775,0.387789048859213,31994881.46888588
2021-03-31,Varejo_Estavel,1155,82505892.21899775,0.40145355590475,33122283.81441069
2021-03-31,Varejo_Estavel,1176,82505892.21899775,0.385062965053376,31769963.49222154
2021-03-31,Varejo_Estavel,1197,82505892.21899775,0.3782212133688826,31205478.665151577
2021-03-31,Varejo_Estavel,1218,82505892.21899775,0.3597223407107351,29679212.671445496
2021-03-31,Varejo_Estavel,1239,82505892.21899775,0.3608989634153119,29776290.97749174
2021-03-31,Varejo_Estavel,1260,82505892.21899775,0.3605021091803748,29743548.16475736
2021-03-31,Varejo_Nao_Estavel,0,53580978.698563375,0.9988732980817796,53520608.90708358
2021-03-31,Varejo_Nao_Estavel,21,53580978.698563375,0.9708470311184562,52018934.09392149
2021-03-31,Varejo_Nao_Estavel,42,53580978.698563375,0.9176635798925048,49169312.72666772
2021-03-31,Varejo_Nao_Estavel,63,53580978.698563375,0.88845002116786,47604021.65893328
2021-03-31,Varejo_Nao_Estavel,84,53580978.698563375,0.8360522726019224,44796499.0091691
2021-03-31,Varejo_Nao_Estavel,105,53580978.698563375,0.7847320983998679,42046713.84844226
2021-03-31,Varejo_Nao_Estavel,126,53580978.698563375,0.7757485463715564,41565366.33857587
2021-03-31,Varejo_Nao_Estavel,147,53580978.698563375,0.7487067924669661,40116442.698642224
2021-03-31,Varejo_Nao_Estavel,168,53580978.698563375,0.715751133304872,38350646.22708094
2021-03-31,Varejo_Nao_Estavel,189,53580978.698563375,0.6840690083444024,36653086.9644488
2021-03-31,Varejo_Nao_Estavel,210,53580978.698563375,0.6462320418344558,34625745.26786109
2021-03-31,Varejo_Nao_Estavel,231,53580978.698563375,0.6133500590416886,32863896.448275305
2021-03-31,Varejo_Nao_Estavel,252,53580978.698563375,0.6034206185321304,32331867.307844013
2021-03-31,Varejo_Nao_Estavel,273,53580978.698563375,0.576790508693085,30904999.95981772
2021-03-31,Varejo_Nao_Estavel,294,53580978.698563375,0.5408735084079315,28980531.93262261
2021-03-31,Varejo_Nao_Estavel,315,53580978.698563375,0.5378619028949181,28819167.161781367
2021-03-31,Varejo_Nao_Estavel,336,53580978.698563375,0.4918696340733119,26354856.38575229
2021-03-31,Varejo_Nao_Estavel,357,53580978.698563375,0.4743067712859568,25413821.00885722
2021-03-31,Varejo_Nao_Estavel,378,53580978.698563375,0.480681862052678,25755404.61143032
2021-03-31,Varejo_Nao_Estavel,399,53580978.698563375,0.4520566268707786,24221636.494907603
2021-03-31,Varejo_Nao_Estavel,420,53580978.698563375,0.4187436716789089,22436695.75238584
2021-03-31,Varejo_Nao_Estavel,441,53580978.698563375,0.4086773387479253,21897331.782038152
2021-03-31,Varejo_Nao_Estavel,462,53580978.698563375,0.3900251514137164,20897929.329802293
2021-03-31,Varejo_Nao_Estavel,483,53580978.698563375,0.3388774676131066,18157386.373600964
2021-03-31,Varejo_Nao_Estavel,504,53580978.698563375,0.3452924085431169,18501105.18692439
2021-03-31,Varejo_Nao_Estavel,525,53580978.698563375,0.3405643013679891,18247768.57708934
2021-03-31,Varejo_Nao_Estavel,546,53580978.698563375,0.3225308409342642,17281518.117728546
2021-03-31,Varejo_Nao_Estavel,567,53580978.698563375,0.3160158988411836,16932441.144216817
2021-03-31,Varejo_Nao_Estavel,588,53580978.698563375,0.3134242543937159,16793578.2982828
2021-03-31,Varejo_Nao_Estavel,609,53580978.698563375,0.2833867546248944,15184139.66301147
2021-03-31,Varejo_Nao_Estavel,630,53580978.698563375,0.2624595992724173,14062842.197848871
2021-03-31,Varejo_Nao_Estavel,651,53580978.698563375,0.2674651251097493,14331043.171114068
2021-03-31,Varejo_Nao_Estavel,672,53580978.698563375,0.2485506116408515,13317585.027843364
2021-03-31,Varejo_Nao_Estavel,693,53580978.698563375,0.2399677191550639,12857705.24839032
2021-03-31,Varejo_Nao_Estavel,714,53580978.698563375,0.2281571187450517,12224881.719404211
2021-03-31,Varejo_Nao_Estavel,735,53580978.698563375,0.2488070696491388,13331326.29892248
2021-03-31,Varejo_Nao_Estavel,756,53580978.698563375,0.1856738191346588,9948584.947935063
2021-03-31,Varejo_Nao_Estavel,777,53580978.698563375,0.1989528701733865,10660089.498778269
2021-03-31,Varejo_Nao_Estavel,798,53580978.698563375,0.1949960068675049,10448076.8902727
2021-03-31,Varejo_Nao_Estavel,819,53580978.698563375,0.1774548910086484,9508206.735090276
2021-03-31,Varejo_Nao_Estavel,840,53580978.698563375,0.1897605682820169,10167556.96694603
2021-03-31,Varejo_Nao_Estavel,861,53580978.698563375,0.181186983310692,9708175.893227143
2021-03-31,Varejo_Nao_Estavel,882,53580978.698563375,0.1636373008020408,8767846.728564557
2021-03-31,Varejo_Nao_Estavel,903,53580978.698563375,0.154048612152206,8254075.406270604
2021-03-31,Varejo_Nao_Estavel,924,53580978.698563375,0.1493306382099296,8001281.744969116
2021-03-31,Varejo_Nao_Estavel,945,53580978.698563375,0.1430729301261803,7665987.621431914
2021-03-31,Varejo_Nao_Estavel,966,53580978.698563375,0.1373132308362902,7357377.296470184
2021-03-31,Varejo_Nao_Estavel,987,53580978.698563375,0.1301768975767103,6975005.576102781
2021-03-31,Varejo_Nao_Estavel,1008,53580978.698563375,0.1298865290147362,6959447.344368916
2021-03-31,Varejo_Nao_Estavel,1029,53580978.698563375,0.130554685202746,6995247.80684598
2021-03-31,Varejo_Nao_Estavel,1050,53580978.698563375,0.1016368909127694,5445804.086985308
2021-03-31,Varejo_Nao_Estavel,1071,53580978.698563375,0.0988913196863572,5298693.69358753
2021-03-31,Varejo_Nao_Estavel,1092,53580978.698563375,0.0858226765173877,4598463.00233185
2021-03-31,Varejo_Nao_Estavel,1113,53580978.698563375,0.1127049135614651,6038839.572760289
2021-03-31,Varejo_Nao_Estavel,1134,53580978.698563375,0.1010046002931129,5411925.336762195
2021-03-31,Varejo_Nao_Estavel,1155,53580978.698563375,0.0999378601047549,5354768.353452883
2021-03-31,Varejo_Nao_Estavel,1176,53580978.698563375,0.0727683179015347,3898997.691412419
2021-03-31,Varejo_Nao_Estavel,1197,53580978.698563375,0.1075557248524749,5762941.002229001
2021-03-31,Varejo_Nao_Estavel,1218,53580978.698563375,0.0752035848568551,4029481.67827076
2021-03-31,Varejo_Nao_Estavel,1239,53580978.698563375,0.0810544005403664,4342974.1087782
2021-03-31,Varejo_Nao_Estavel,1260,53580978.698563375,0.085960940121551,4605871.301561307
2021-03-31,Atacado,0,31545570.85471375,0.993444107697848,31338761.48958034
2021-03-31,Atacado,21,31545570.85471375,0.91971776948082,29013022.063496497
2021-03-31,Atacado,42,31545570.85471375,0.8762201760105687,27640865.646671142
2021-03-31,Atacado,63,31545570.85471375,0.7761417354295584,24483834.10829363
2021-03-31,Atacado,84,31545570.85471375,0.7281232991307498,22969065.123697
2021-03-31,Atacado,105,31545570.85471375,0.6648831631682192,20974118.93382926
2021-03-31,Atacado,126,31545570.85471375,0.6012159997415393,18965701.91883429
2021-03-31,Atacado,147,31545570.85471375,0.5357339482384893,16900033.223432813
2021-03-31,Atacado,168,31545570.85471375,0.515181063577702,16251680.744097186
2021-03-31,Atacado,189,31545570.85471375,0.4430674354048014,13976815.17697847
2021-03-31,Atacado,210,31545570.85471375,0.4422502848337263,13951037.695739651
2021-03-31,Atacado,231,31545570.85471375,0.3905677081780494,12320681.31189382
2021-03-31,Atacado,252,31545570.85471375,0.3243674133692193,10232355.221398933
2021-03-31,Atacado,273,31545570.85471375,0.3227241055125939,10180516.136971649
2021-03-31,Atacado,294,31545570.85471375,0.3077178404894162,9707134.94041838
2021-03-31,Atacado,315,31545570.85471375,0.2723071703494145,8590085.136504063
2021-03-31,Atacado,336,31545570.85471375,0.261050161375588,8234976.362308072
2021-03-31,Atacado,357,31545570.85471375,0.2214581133623411,6986022.606422963
2021-03-31,Atacado,378,31545570.85471375,0.1968904817931829,6211022.644025578
2021-03-31,Atacado,399,31545570.85471375,0.1941829303387144,6125611.387775859
2021-03-31,Atacado,420,31545570.85471375,0.1793414463039565,5657428.301568301
2021-03-31,Atacado,441,31545570.85471375,0.1600297440111554,5048229.628565608
2021-03-31,Atacado,462,31545570.85471375,0.1654016139804157,5217688.333303218
2021-03-31,Atacado,483,31545570.85471375,0.1280512186721307,4039448.791654144
2021-03-31,Atacado,504,31545570.85471375,0.1306151245276157,4120328.665483161
2021-03-31,Atacado,525,31545570.85471375,0.1172156523379158,3697634.666107218
2021-03-31,Atacado,546,31545570.85471375,0.088124301445557,2779931.395272973
2021-03-31,Atacado,567,31545570.85471375,0.0821723585708052,2592173.959594283
2021-03-31,Atacado,588,31545570.85471375,0.0900652289568799,2841159.0616052714
2021-03-31,Atacado,609,31545570.85471375,0.106284195738843,3352795.6274159374
2021-03-31,Atacado,630,31545570.85471375,0.0826595619361963,2607543.0678778803
2021-03-31,Atacado,651,31545570.85471375,0.0487598956189853,1538158.7421171472
2021-03-31,Atacado,672,31545570.85471375,0.0264152903931286,833285.414744279
2021-03-31,Atacado,693,31545570.85471375,0.0672834614461358,2122495.20039948
2021-03-31,Atacado,714,31545570.85471375,0.0525110540590642,1656491.1764759156
2021-03-31,Atacado,735,31545570.85471375,0.0629370277818344,1985384.4692769467
2021-03-31,Atacado,756,31545570.85471375,0.0346141036923683,1091921.6606000145
2021-03-31,Atacado,777,31545570.85471375,0.04566075365899,1440394.5398293014
2021-03-31,Atacado,798,31545570.85471375,0.0481947904967855,1520332.178444432
2021-03-31,Atacado,819,31545570.85471375,0.0295353624617678,931709.8692573492
2021-03-31,Atacado,840,31545570.85471375,0.0269146062217689,849036.6175955334
2021-03-31,Atacado,861,31545570.85471375,0.0296906758428219,936609.3185240777
2021-03-31,Atacado,882,31545570.85471375,0.0334771572499051,1056056.0360412772
2021-03-31,Atacado,903,31545570.85471375,0.0245702429010229,775082.3383517482
2021-03-31,Atacado,924,31545570.85471375,0.0343906465573986,1084872.5777158365
2021-03-31,Atacado,945,31545570.85471375,0.0152880334244594,482269.7416205178
2021-03-31,Atacado,966,31545570.85471375,0.0031733450817413,100104.9821225295
2021-03-31,Atacado,987,31545570.85471375,0.0412621739221921,1301638.8310820332
2021-03-31,Atacado,1008,31545570.85471375,0.0088371284301243,278772.26104469254
2021-03-31,Atacado,1029,31545570.85471375,0.0079448673791295,250625.37683963563
2021-03-31,Atacado,1050,31545570.85471375,0.012759323099958,402500.1309079128
2021-03-31,Atacado,1071,31545570.85471375,0.0132382642007624,417608.6013385729
2021-03-31,Atacado,1092,31545570.85471375,0.0067670814313669,213471.4467728052
2021-03-31,Atacado,1113,31545570.85471375,0.0102577497202667,323586.5706105948
2021-03-31,Atacado,1134,31545570.85471375,0.0091269944952476,287916.2515404157
2021-03-31,Atacado,1155,31545570.85471375,0.0109102818206434,344171.0682180035
2021-03-31,Atacado,1176,31545570.85471375,0.0,0.0
2021-03-31,Atacado,1197,31545570.85471375,0.0299899860237027,946051.2290425898
2021-03-31,Atacado,1218,31545570.85471375,0.005040406633051,159002.50457948033
2021-03-31,Atacado,1239,31545570.85471375,0.0132141497994851,416847.8987844597
2021-03-31,Atacado,1260,31545570.85471375,0.0,0.0
2021-06-30,Varejo_Estavel,0,76231997.910006,0.9919322096041552,75616974.12941158
2021-06-30,Varejo_Estavel,21,76231997.910006,1.0,76231997.910006
2021-06-30,Varejo_Estavel,42,76231997.910006,0.9591440189529814,73117464.84821844
2021-06-30,Varejo_Estavel,63,76231997.910006,0.9587891633131744,73090413.49382633
2021-06-30,Varejo_Estavel,84,76231997.910006,0.92568673204623,70566949.0226685
2021-06-30,Varejo_Estavel,105,76231997.910006,0.9121362809097624,69533971.05995364
2021-06-30,Varejo_Estavel,126,76231997.910006,0.8989686793490934,68530178.48530094
2021-06-30,Varejo_Estavel,147,76231997.910006,0.901936004596354,68756383.61734842
2021-06-30,Varejo_Estavel,168,76231997.910006,0.8487286667112505,64700281.94689423
2021-06-30,Varejo_Estavel,189,76231997.910006,0.8407539482075895,64092353.22259026
2021-06-30,Varejo_Estavel,210,76231997.910006,0.8185628371167144,62400680.48828995
2021-06-30,Varejo_Estavel,231,76231997.910006,0.8145183122317879,62092358.27571528
2021-06-30,Varejo_Estavel,252,76231997.910006,0.8037119740849764,61268569.52869272
2021-06-30,Varejo_Estavel,273,76231997.910006,0.7802010558144425,59476285.25623106
2021-06-30,Varejo_Estavel,294,76231997.910006,0.7771254251633426,59241823.78686446
2021-06-30,Varejo_Estavel,315,76231997.910006,0.7483516647441332,57048342.542724274
2021-06-30,Varejo_Estavel,336,76231997.910006,0.7471341182766383,56955526.54295887
2021-06-30,Varejo_Estavel,357,76231997.910006,0.7608015748886343,57997424.06683964
2021-06-30,Varejo_Estavel,378,76231997.910006,0.7385071019217164,56297871.85022088
2021-06-30,Varejo_Estavel,399,76231997.910006,0.7233983705899363,55146103.07491377
2021-06-30,Varejo_Estavel,420,76231997.910006,0.6968136226478318,53119494.625353225
2021-06-30,Varejo_Estavel,441,76231997.910006,0.6783220040685503,51709841.596464805
2021-06-30,Varejo_Estavel,462,76231997.910006,0.671199480605697,51166877.40273061
2021-06-30,Varejo_Estavel,483,76231997.910006,0.672667918497967,51278819.35706511
2021-06-30,Varejo_Estavel,504,76231997.910006,0.6721209349763614,51237121.710389264
2021-06-30,Varejo_Estavel,525,76231997.910006,0.6612434944315395,50407912.68551019
2021-06-30,Varejo_Estavel,546,76231997.910006,0.6468872585002381,49313508.13799966
2021-06-30,Varejo_Estavel,567,76231997.910006,0.6195633207398501,47230549.77175664
2021-06-30,Varejo_Estavel,588,76231997.910006,0.6179887336370448,47110515.85102645
2021-06-30,Varejo_Estavel,609,76231997.910006,0.603301023832497,45990842.38790339
2021-06-30,Varejo_Estavel,630,76231997.910006,0.594385602141668,45311201.9802013
2021-06-30,Varejo_Estavel,651,76231997.910006,0.6110648395176852,46582693.56899033
2021-06-30,Varejo_Estavel,672,76231997.910006,0.5554683937801194,42344465.43372045
2021-06-30,Varejo_Estavel,693,76231997.910006,0.56396007061534,42991802.92447544
2021-06-30,Varejo_Estavel,714,76231997.910006,0.5716487670163161,43577927.61244532
2021-06-30,Varejo_Estavel,735,76231997.910006,0.5300135995576548,40403995.6137539
2021-06-30,Varejo_Estavel,756,76231997.910006,0.5305379619375222,40443968.80560004
2021-06-30,Varejo_Estavel,777,76231997.910006,0.5227324533110331,39848939.28829899
2021-06-30,Varejo_Estavel,798,76231997.910006,0.5173760552558653,39440610.36295227
2021-06-30,Varejo_Estavel,819,76231997.910006,0.4920326231109474,37508629.89664851
2021-06-30,Varejo_Estavel,840,76231997.910006,0.5096074529719398,38848394.2898804
2021-06-30,Varejo_Estavel,861,76231997.910006,0.5018881314264574,38259934.98595852
2021-06-30,Varejo_Estavel,882,76231997.910006,0.4915680667801224,37473215.83940799
2021-06-30,Varejo_Estavel,903,76231997.910006,0.4667416784620604,35580650.65703248
2021-06-30,Varejo_Estavel,924,76231997.910006,0.4700841608695408,35835454.768933766
2021-06-30,Varejo_Estavel,945,76231997.910006,0.4502514766297489,34323569.62541614
2021-06-30,Varejo_Estavel,966,76231997.910006,0.4491888182515688,34242561.05415166
2021-06-30,Varejo_Estavel,987,76231997.910006,0.4712909741962202,35927452.55993095
2021-06-30,Varejo_Estavel,1008,76231997.910006,0.4389989580833049,33465767.655101314
2021-06-30,Varejo_Estavel,1029,76231997.910006,0.4161311731351417,31722510.72072647
2021-06-30,Varejo_Estavel,1050,76231997.910006,0.4252038074375682,32414135.75990729
2021-06-30,Varejo_Estavel,1071,76231997.910006,0.3996017628622262,30462440.751347948
2021-06-30,Varejo_Estavel,1092,76231997.910006,0.3943418228045841,30061465.011867013
2021-06-30,Varejo_Estavel,1113,76231997.910006,0.3892641063733237,29674380.543491565
2021-06-30,Varejo_Estavel,1134,76231997.910006,0.3895724458767096,29697885.87986925
2021-06-30,Varejo_Estavel,1155,76231997.910006,0.3994112724265009,30447919.28484985
2021-06-30,Varejo_Estavel,1176,76231997.910006,0.3884868235903751,29615126.724006347
2021-06-30,Varejo_Estavel,1197,76231997.910006,0.3813133451469148,29068278.130297005
2021-06-30,Varejo_Estavel,1218,76231997.910006,0.355452690814302,27096868.78326188
2021-06-30,Varejo_Estavel,1239,76231997.910006,0.3558555321394439,27127578.18231816
2021-06-30,Varejo_Estavel,1260,76231997.910006,0.3594341092193958,27400380.262797847
2021-06-30,Varejo_Nao_Estavel,0,46858400.073057935,0.9966596027163868,46701874.40073943
2021-06-30,Varejo_Nao_Estavel,21,46858400.073057935,0.963193850076925,45133722.77481354
2021-06-30,Varejo_Nao_Estavel,42,46858400.073057935,0.913382436011194,42799639.60631677
2021-06-30,Varejo_Nao_Estavel,63,46858400.073057935,0.8816485708148721,41312641.45508303
2021-06-30,Varejo_Nao_Estavel,84,46858400.073057935,0.861043240577227,40347108.64716998
2021-06-30,Varejo_Nao_Estavel,105,46858400.073057935,0.8044208532108477,37693874.16686451
2021-06-30,Varejo_Nao_Estavel,126,46858400.073057935,0.7866802922319647,36862579.86299553
2021-06-30,Varejo_Nao_Estavel,147,46858400.073057935,0.7467153445168949,34989886.35406395
2021-06-30,Varejo_Nao_Estavel,168,46858400.073057935,0.69124006140134,32390403.34366912
2021-06-30,Varejo_Nao_Estavel,189,46858400.073057935,0.6657771240559909,31197250.838505544
2021-06-30,Varejo_Nao_Estavel,210,46858400.073057935,0.6404119348290769,30008678.653781988
2021-06-30,Varejo_Nao_Estavel,231,46858400.073057935,0.6127729950558423,28713562.15629261
2021-06-30,Varejo_Nao_Estavel,252,46858400.073057935,0.5957164023503232,27914317.511414196
2021-06-30,Varejo_Nao_Estavel,273,46858400.073057935,0.5790488682756876,27133303.531513598
2021-06-30,Varejo_Nao_Estavel,294,46858400.073057935,0.5626661984985141,26365637.83683
2021-06-30,Varejo_Nao_Estavel,315,46858400.073057935,0.5282469136893144,24752805.219012
2021-06-30,Varejo_Nao_Estavel,336,46858400.073057935,0.4971158655752447,23294054.111789305
2021-06-30,Varejo_Nao_Estavel,357,46858400.073057935,0.4563221569078908,21382526.190590665
2021-06-30,Varejo_Nao_Estavel,378,46858400.073057935,0.4618918344095861,21643512.36724301
2021-06-30,Varejo_Nao_Estavel,399,46858400.073057935,0.4419428859423115,20708736.55892665
2021-06-30,Varejo_Nao_Estavel,420,46858400.073057935,0.4252349283920687,19925828.3996337
2021-06-30,Varejo_Nao_Estavel,441,46858400.073057935,0.4305036538046426,20172712.442891177
2021-06-30,Varejo_Nao_Estavel,462,46858400.073057935,0.4030548030337472,18886503.21192289
2021-06-30,Varejo_Nao_Estavel,483,46858400.073057935,0.381245565011835,17864557.211403582
2021-06-30,Varejo_Nao_Estavel,504,46858400.073057935,0.3446251703759383,16148584.10872147
2021-06-30,Varejo_Nao_Estavel,525,46858400.073057935,0.3350185237829395,15698432.019306256
2021-06-30,Varejo_Nao_Estavel,546,46858400.073057935,0.3256720433698339,15260470.900833951
2021-06-30,Varejo_Nao_Estavel,567,46858400.073057935,0.3037457825750942,14233041.400407838
2021-06-30,Varejo_Nao_Estavel,588,46858400.073057935,0.3058760409381623,14332861.899043456
2021-06-30,Varejo_Nao_Estavel,609,46858400.073057935,0.29152809023133,13660539.884594193
2021-06-30,Varejo_Nao_Estavel,630,46858400.073057935,0.2620917633092354,12281200.700997362
2021-06-30,Varejo_Nao_Estavel,651,46858400.073057935,0.2779287057167703,13023294.484263606
2021-06-30,Varejo_Nao_Estavel,672,46858400.073057935,0.2536978156493715,11887873.743359149
2021-06-30,Varejo_Nao_Estavel,693,46858400.073057935,0.2210916274040197,10359999.929701015
2021-06-30,Varejo_Nao_Estavel,714,46858400.073057935,0.231042289074749,10826272.015259694
2021-06-30,Varejo_Nao_Estavel,735,46858400.073057935,0.2252794935200818,10556236.635619856
2021-06-30,Varejo_Nao_Estavel,756,46858400.073057935,0.224235778603863,10507329.82451346
2021-06-30,Varejo_Nao_Estavel,777,46858400.073057935,0.1995631601734588,9351210.399251675
2021-06-30,Varejo_Nao_Estavel,798,46858400.073057935,0.2049755343846521,9604825.595384872
2021-06-30,Varejo_Nao_Estavel,819,46858400.073057935,0.1890743047572843,8859719.41585211
2021-06-30,Varejo_Nao_Estavel,840,46858400.073057935,0.1631820029880265,7646447.580735885
2021-06-30,Varejo_Nao_Estavel,861,46858400.073057935,0.1544458898842661,7237087.297836395
2021-06-30,Varejo_Nao_Estavel,882,46858400.073057935,0.1776810746656954,8325850.882096036
2021-06-30,Varejo_Nao_Estavel,903,46858400.073057935,0.1716485073569116,8043174.429673392
2021-06-30,Varejo_Nao_Estavel,924,46858400.073057935,0.1545490309855661,7241920.324825085
2021-06-30,Varejo_Nao_Estavel,945,46858400.073057935,0.1622788506241144,7604127.30594076
2021-06-30,Varejo_Nao_Estavel,966,46858400.073057935,0.1509330253622987,7072480.086663592
2021-06-30,Varejo_Nao_Estavel,987,46858400.073057935,0.1406364315486685,6589998.174354737
2021-06-30,Varejo_Nao_Estavel,1008,46858400.073057935,0.1159213993748234,5431891.308934205
2021-06-30,Varejo_Nao_Estavel,1029,46858400.073057935,0.1422932854371997,6667635.696726134
2021-06-30,Varejo_Nao_Estavel,1050,46858400.073057935,0.1228356298704516,5755881.087695688
2021-06-30,Varejo_Nao_Estavel,1071,46858400.073057935,0.1068692211818156,5007720.721633633
2021-06-30,Varejo_Nao_Estavel,1092,46858400.073057935,0.0987856528075264,4628937.640733276
2021-06-30,Varejo_Nao_Estavel,1113,46858400.073057935,0.1053895501353402,4938385.703761369
2021-06-30,Varejo_Nao_Estavel,1134,46858400.073057935,0.0779480117567659,3652519.119797964
2021-06-30,Varejo_Nao_Estavel,1155,46858400.073057935,0.102270729217796,4792242.745450864
2021-06-30,Varejo_Nao_Estavel,1176,46858400.073057935,0.078479446985568,3677421.3243620857
2021-06-30,Varejo_Nao_Estavel,1197,46858400.073057935,0.0905836446838046,4244604.662669447
2021-06-30,Varejo_Nao_Estavel,1218,46858400.073057935,0.0762503517063015,3572969.4859652533
2021-06-30,Varejo_Nao_Estavel,1239,46858400.073057935,0.0758629063023349,3554814.4142197203
2021-06-30,Varejo_Nao_Estavel,1260,46858400.073057935,0.0666254057202297,3121959.91626833
2021-06-30,Atacado,0,34435696.9908672,1.0,34435696.9908672
2021-06-30,Atacado,21,34435696.9908672,0.9341884237101932,32169429.491260078
2021-06-30,Atacado,42,34435696.9908672,0.8461842465649376,29138944.31315545
2021-06-30,Atacado,63,34435696.9908672,0.7722247073285547,26592096.030427214
2021-06-30,Atacado,84,34435696.9908672,0.7189773796114958,24758487.18758917
2021-06-30,Atacado,105,34435696.9908672,0.6639747301552064,22864432.6172175
2021-06-30,Atacado,126,34435696.9908672,0.5868420587171147,20208315.315479256
2021-06-30,Atacado,147,34435696.9908672,0.546675031086471,18825135.72296662
2021-06-30,Atacado,168,34435696.9908672,0.4806005214930662,16549813.931787986
2021-06-30,Atacado,189,34435696.9908672,0.4745219848277087,16340495.28503186
2021-06-30,Atacado,210,34435696.9908672,0.4478200744420115,15420996.3899127
2021-06-30,Atacado,231,34435696.9908672,0.3891286359749074,13399915.798901375
2021-06-30,Atacado,252,34435696.9908672,0.3306699744379613,11386851.043723438
2021-06-30,Atacado,273,34435696.9908672,0.3341168648519003,11505547.117578566
2021-06-30,Atacado,294,34435696.9908672,0.2890213966445519,9952653.23872903
2021-06-30,Atacado,315,34435696.9908672,0.2671912635259182,9200917.389385467
2021-06-30,Atacado,336,34435696.9908672,0.2599890083211572,8952902.71150342
2021-06-30,Atacado,357,34435696.9908672,0.2347130528810414,8082507.568812931
2021-06-30,Atacado,378,34435696.9908672,0.2067049649625709,7118029.539958914
2021-06-30,Atacado,399,34435696.9908672,0.1872450075840656,6447912.344217516
2021-06-30,Atacado,420,34435696.9908672,0.1804726909591275,6214702.900994933
2021-06-30,Atacado,441,34435696.9908672,0.1592967695937548,5485495.28935453
2021-06-30,Atacado,462,34435696.9908672,0.1373632746174733,4730200.102400592
2021-06-30,Atacado,483,34435696.9908672,0.1342629489960591,4623438.228728548
2021-06-30,Atacado,504,34435696.9908672,0.1309322487186897,4508743.243209659
2021-06-30,Atacado,525,34435696.9908672,0.1142627710821167,3934718.162320595
2021-06-30,Atacado,546,34435696.9908672,0.0898427896922118,3093799.082655214
2021-06-30,Atacado,567,34435696.9908672,0.1098694962313339,3783432.68076144
2021-06-30,Atacado,588,34435696.9908672,0.0570565595185763,1964782.3949230737
2021-06-30,Atacado,609,34435696.9908672,0.0771534138942582,2656831.5826736395
2021-06-30,Atacado,630,34435696.9908672,0.0682659427387635,2350785.3189479536
2021-06-30,Atacado,651,34435696.9908672,0.0712456600551778,2453393.961574436
2021-06-30,Atacado,672,34435696.9908672,0.0704810888681935,2427065.4198514954
2021-06-30,Atacado,693,34435696.9908672,0.0720079960292157,2479645.532181641
2021-06-30,Atacado,714,34435696.9908672,0.0451167573739767,1553626.986140736
2021-06-30,Atacado,735,34435696.9908672,0.0562808241957118,1938069.4083997991
2021-06-30,Atacado,756,34435696.9908672,0.0475325393954831,1636816.123829316
2021-06-30,Atacado,777,34435696.9908672,0.020919731182489,720385.5241305898
2021-06-30,Atacado,798,34435696.9908672,0.0608471920056604,2095315.4666520408
2021-06-30,Atacado,819,34435696.9908672,0.0176396245933632,607432.7675297043
2021-06-30,Atacado,840,34435696.9908672,0.0370616003322583,1276242.039038272
2021-06-30,Atacado,861,34435696.9908672,0.0340670412000142,1173122.308139079
2021-06-30,Atacado,882,34435696.9908672,0.0302726824791301,1042460.92095206
2021-06-30,Atacado,903,34435696.9908672,0.0188073283692266,647643.4609304287
2021-06-30,Atacado,924,34435696.9908672,0.0326297223179708,1123627.2306377804
2021-06-30,Atacado,945,34435696.9908672,0.0021068460083466,72550.71074984397
2021-06-30,Atacado,966,34435696.9908672,0.0183241420832116,631004.6043950728
2021-06-30,Atacado,987,34435696.9908672,0.0107719733862044,370940.411521022
2021-06-30,Atacado,1008,34435696.9908672,0.0079651579638293,274285.766126819
2021-06-30,Atacado,1029,34435696.9908672,0.019911145833185,685654.1846525294
2021-06-30,Atacado,1050,34435696.9908672,0.0264787054654604,911812.6781190158
2021-06-30,Atacado,1071,34435696.9908672,0.0083130217428723,286264.6978160413
2021-06-30,Atacado,1092,34435696.9908672,0.0207754582203357,715417.3841219018
2021-06-30,Atacado,1113,34435696.9908672,0.01106384446899,380991.1956882229
2021-06-30,Atacado,1134,34435696.9908672,0.0,0.0
2021-06-30,Atacado,1155,34435696.9908672,0.005717024777501,196869.73292730463
2021-06-30,Atacado,1176,34435696.9908672,0.0044921887654351,154691.65115230336
2021-06-30,Atacado,1197,34435696.9908672,0.0,0.0
2021-06-30,Atacado,1218,34435696.9908672,0.0119496615393357,411494.9239119846
2021-06-30,Atacado,1239,34435696.9908672,0.0090624326185784,312071.1836535175
2021-06-30,Atacado,1260,34435696.9908672,0.0,0.0
2021-09-30,Varejo_Estavel,0,66787792.03808513,1.0,66787792.03808513
2021-09-30,Varejo_Estavel,21,66787792.03808513,0.9731579559369892,64995071.18132765
2021-09-30,Varejo_Estavel,42,66787792.03808513,0.969798276096216,64770685.58280754
2021-09-30,Varejo_Estavel,63,66787792.03808513,0.9590633824072036,64053725.73555484
2021-09-30,Varejo_Estavel,84,66787792.03808513,0.9182403434294416,61327245.09794542
2021-09-30,Varejo_Estavel,105,66787792.03808513,0.9006292611306954,60151039.795811154
2021-09-30,Varejo_Estavel,126,66787792.03808513,0.9220084615202452,61578909.38536895
2021-09-30,Varejo_Estavel,147,66787792.03808513,0.8907487124699519,59491139.76663524
2021-09-30,Varejo_Estavel,168,66787792.03808513,0.8663760107395326,57863340.832057714
2021-09-30,Varejo_Estavel,189,66787792.03808513,0.8453346254391275,56458033.16642104
2021-09-30,Varejo_Estavel,210,66787792.03808513,0.8358052089181048,55821584.47757068
2021-09-30,Varejo_Estavel,231,66787792.03808513,0.8132814696355656,54317273.662448406
2021-09-30,Varejo_Estavel,252,66787792.03808513,0.8240521207883689,55036621.67175659
2021-09-30,Varejo_Estavel,273,66787792.03808513,0.7902538170202513,52779307.58845153
2021-09-30,Varejo_Estavel,294,66787792.03808513,0.7990576131813139,53367293.69560226
2021-09-30,Varejo_Estavel,315,66787792.03808513,0.767720691478094,51274369.88577386
2021-09-30,Varejo_Estavel,336,66787792.03808513,0.7468297807584428,49879112.08514359
2021-09-30,Varejo_Estavel,357,66787792.03808513,0.7412809110335463,49508515.32791078
2021-09-30,Varejo_Estavel,378,66787792.03808513,0.7021740437483261,46896654.0084045
2021-09-30,Varejo_Estavel,399,66787792.03808513,0.7196995356037779,48067142.913811564
2021-09-30,Varejo_Estavel,420,66787792.03808513,0.7068055350296193,47205981.08492571
2021-09-30,Varejo_Estavel,441,66787792.03808513,0.7066519365356626,47195722.580653965
2021-09-30,Varejo_Estavel,462,66787792.03808513,0.6622336943763079,44229126.26061768
2021-09-30,Varejo_Estavel,483,66787792.03808513,0.6871288327510817,45891817.58515143
2021-09-30,Varejo_Estavel,504,66787792.03808513,0.6715500051596132,44851342.087775245
2021-09-30,Varejo_Estavel,525,66787792.03808513,0.6654396081902996,44443242.16571858
2021-09-30,Varejo_Estavel,546,66787792.03808513,0.6386872536383884,42656511.473376416
2021-09-30,Varejo_Estavel,567,66787792.03808513,0.6405807651178985,42782974.92429166
2021-09-30,Varejo_Estavel,588,66787792.03808513,0.600039207229314,40075293.787128896
2021-09-30,Varejo_Estavel,609,66787792.03808513,0.6157137049753983,41122158.882895805
2021-09-30,Varejo_Estavel,630,66787792.03808513,0.5875459261584056,39240895.12909172
2021-09-30,Varejo_Estavel,651,66787792.03808513,0.5668024827650923,37855486.34558532
2021-09-30,Varejo_Estavel,672,66787792.03808513,0.5631227104061904,37609722.47453149
2021-09-30,Varejo_Estavel,693,66787792.03808513,0.5668425660699584,37858163.42101491
2021-09-30,Varejo_Estavel,714,66787792.03808513,0.547216189631351,36547361.07297203
2021-09-30,Varejo_Estavel,735,66787792.03808513,0.5521171798784069,36874687.39037308
2021-09-30,Varejo_Estavel,756,66787792.03808513,0.516564080380669,34500174.37480882
2021-09-30,Varejo_Estavel,777,66787792.03808513,0.5035557447584544,33631376.36051073
2021-09-30,Varejo_Estavel,798,66787792.03808513,0.536524181130236,35833265.43273012
2021-09-30,Varejo_Estavel,819,66787792.03808513,0.5220297105790392,34865211.74785464
2021-09-30,Varejo_Estavel,840,66787792.03808513,0.4898724582169176,32717499.86457704
2021-09-30,Varejo_Estavel,861,66787792.03808513,0.4938566883146532,32983597.795776486
2021-09-30,Varejo_Estavel,882,66787792.03808513,0.4977016476023229,33240394.13707628
2021-09-30,Varejo_Estavel,903,66787792.03808513,0.4822165698530407,32206179.98466363
2021-09-30,Varejo_Estavel,924,66787792.03808513,0.470824708534295,31445342.71998054
2021-09-30,Varejo_Estavel,945,66787792.03808513,0.4741866084803292,31669876.59442912
2021-09-30,Varejo_Estavel,966,66787792.03808513,0.4444114284784123,29681258.064564545
2021-09-30,Varejo_Estavel,987,66787792.03808513,0.4458235004541452,29775567.234022606
2021-09-30,Varejo_Estavel,1008,66787792.03808513,0.4376364298926411,29228770.867959738
2021-09-30,Varejo_Estavel,1029,66787792.03808513,0.4271083474749353,28525623.48888618
2021-09-30,Varejo_Estavel,1050,66787792.03808513,0.4183621172125522,27941482.081004936
2021-09-30,Varejo_Estavel,1071,66787792.03808513,0.4166977328289278,27830321.522919998
2021-09-30,Varejo_Estavel,1092,66787792.03808513,0.4091428374665906,27325746.74259072
2021-09-30,Varejo_Estavel,1113,66787792.03808513,0.3891764522942949,25992235.961951125
2021-09-30,Varejo_Estavel,1134,66787792.03808513,0.4045257102218631,27017379.00835648
2021-09-30,Varejo_Estavel,1155,66787792.03808513,0.3764510219862353,25142332.568941303
2021-09-30,Varejo_Estavel,1176,66787792.03808513,0.3789272438796069,25307713.96179596
2021-09-30,Varejo_Estavel,1197,66787792.03808513,0.3714940355353062,24811266.38872104
2021-09-30,Varejo_Estavel,1218,66787792.03808513,0.372937028953299,24907640.73303427
2021-09-30,Varejo_Estavel,1239,66787792.03808513,0.3369220571220637,22502280.28411223
2021-09-30,Varejo_Estavel,1260,66787792.03808513,0.366861013715951,24501837.090942036
2021-09-30,Varejo_Nao_Estavel,0,46615048.26193918,1.0,46615048.26193918
2021-09-30,Varejo_Nao_Estavel,21,46615048.26193918,0.9521595666723718,44384964.15349971
2021-09-30,Varejo_Nao_Estavel,42,46615048.26193918,0.9169815851568016,42745140.8473938
2021-09-30,Varejo_Nao_Estavel,63,46615048.26193918,0.9019012882264688,42042172.07818197
2021-09-30,Varejo_Nao_Estavel,84,46615048.26193918,0.8386024405994682,39091493.2411242
2021-09-30,Varejo_Nao_Estavel,105,46615048.26193918,0.8213493574147731,38287239.93580239
2021-09-30,Varejo_Nao_Estavel,126,46615048.26193918,0.7729967795421089,36033282.18467897
2021-09-30,Varejo_Nao_Estavel,147,46615048.26193918,0.7449879296727285,34727648.29625639
2021-09-30,Varejo_Nao_Estavel,168,46615048.26193918,0.7096864683961176,33082068.9751302
2021-09-30,Varejo_Nao_Estavel,189,46615048.26193918,0.6891769879227546,32126018.553037085
2021-09-30,Varejo_Nao_Estavel,210,46615048.26193918,0.642188706071679,29935657.526803598
2021-09-30,Varejo_Nao_Estavel,231,46615048.26193918,0.6112224317828054,28492163.156335305
2021-09-30,Varejo_Nao_Estavel,252,46615048.26193918,0.5891369650190807,27462648.057256825
2021-09-30,Varejo_Nao_Estavel,273,46615048.26193918,0.5728696642145948,26704347.04516423
2021-09-30,Varejo_Nao_Estavel,294,46615048.26193918,0.5449544720714534,25403079.01617039
2021-09-30,Varejo_Nao_Estavel,315,46615048.26193918,0.5330721111422675,24849182.18799061
2021-09-30,Varejo_Nao_Estavel,336,46615048.26193918,0.5181208006457414,24152226.12761581
2021-09-30,Varejo_Nao_Estavel,357,46615048.26193918,0.4695989917846291,21890379.66579847
2021-09-30,Varejo_Nao_Estavel,378,46615048.26193918,0.4522373740052108,21081067.01510554
2021-09-30,Varejo_Nao_Estavel,399,46615048.26193918,0.4243987705982174,19783369.17374356
2021-09-30,Varejo_Nao_Estavel,420,46615048.26193918,0.4474042592387104,20855771.13700964
2021-09-30,Varejo_Nao_Estavel,441,46615048.26193918,0.4088848042216645,19060184.88236645
2021-09-30,Varejo_Nao_Estavel,462,46615048.26193918,0.3939252723200493,18362845.580796637
2021-09-30,Varejo_Nao_Estavel,483,46615048.26193918,0.3557423333724626,16582946.0389722
2021-09-30,Varejo_Nao_Estavel,504,46615048.26193918,0.356156056068715,16602231.742425064
2021-09-30,Varejo_Nao_Estavel,525,46615048.26193918,0.3472854365862575,16188727.387137013
2021-09-30,Varejo_Nao_Estavel,546,46615048.26193918,0.3237770863665629,15092884.50708738
2021-09-30,Varejo_Nao_Estavel,567,46615048.26193918,0.3259591355611352,15194600.835602297
2021-09-30,Varejo_Nao_Estavel,588,46615048.26193918,0.3276124401460548,15271669.708620008
2021-09-30,Varejo_Nao_Estavel,609,46615048.26193918,0.2758804301156141,12860179.564363891
2021-09-30,Varejo_Nao_Estavel,630,46615048.26193918,0.2628864098741714,12254462.683692424
2021-09-30,Varejo_Nao_Estavel,651,46615048.26193918,0.2530338324212739,11795184.310221115
2021-09-30,Varejo_Nao_Estavel,672,46615048.26193918,0.271744481563863,12667382.12301512
2021-09-30,Varejo_Nao_Estavel,693,46615048.26193918,0.254348744969283,11856479.022106787
2021-09-30,Varejo_Nao_Estavel,714,46615048.26193918,0.2300320695613649,10722956.024396775
2021-09-30,Varejo_Nao_Estavel,735,46615048.26193918,0.2223437320218174,10364563.798936691
2021-09-30,Varejo_Nao_Estavel,756,46615048.26193918,0.2027637467522735,9451841.840628844
2021-09-30,Varejo_Nao_Estavel,777,46615048.26193918,0.2142932029038964,9989287.99557066
2021-09-30,Varejo_Nao_Estavel,798,46615048.26193918,0.190481453285983,8879302.137930412
2021-09-30,Varejo_Nao_Estavel,819,46615048.26193918,0.1837076824425817,8563542.483149946
2021-09-30,Varejo_Nao_Estavel,840,46615048.26193918,0.1862681355548286,8682898.128549766
2021-09-30,Varejo_Nao_Estavel,861,46615048.26193918,0.1691719519090576,7885958.702807178
2021-09-30,Varejo_Nao_Estavel,882,46615048.26193918,0.1613907643019291,7523238.266965678
2021-09-30,Varejo_Nao_Estavel,903,46615048.26193918,0.1574235996826792,7338308.696776288
2021-09-30,Varejo_Nao_Estavel,924,46615048.26193918,0.1602183851862263,7468587.757905903
2021-09-30,Varejo_Nao_Estavel,945,46615048.26193918,0.16408828687576,7648983.411932477
2021-09-30,Varejo_Nao_Estavel,966,46615048.26193918,0.1452795419607524,6772212.859972892
2021-09-30,Varejo_Nao_Estavel,987,46615048.26193918,0.142072657478403,6622723.785057714
2021-09-30,Varejo_Nao_Estavel,1008,46615048.26193918,0.124458888494414,5801657.093794418
2021-09-30,Varejo_Nao_Estavel,1029,46615048.26193918,0.113022566066787,5268552.371891486
2021-09-30,Varejo_Nao_Estavel,1050,46615048.26193918,0.1242478474707737,5791819.406292176
2021-09-30,Varejo_Nao_Estavel,1071,46615048.26193918,0.1135541763723619,5293333.411942406
2021-09-30,Varejo_Nao_Estavel,1092,46615048.26193918,0.089733349086193,4182924.3983583264
2021-09-30,Varejo_Nao_Estavel,1113,46615048.26193918,0.0983713092760667,4585583.329493997
2021-09-30,Varejo_Nao_Estavel,1134,46615048.26193918,0.0970059564930488,4521937.343619042
2021-09-30,Varejo_Nao_Estavel,1155,46615048.26193918,0.0877491555092199,4090431.119006695
2021-09-30,Varejo_Nao_Estavel,1176,46615048.26193918,0.1077031238964018,5020586.318392388
2021-09-30,Varejo_Nao_Estavel,1197,46615048.26193918,0.0918944158207398,4283662.628486495
2021-09-30,Varejo_Nao_Estavel,1218,46615048.26193918,0.0989878947692632,4614325.492016963
2021-09-30,Varejo_Nao_Estavel,1239,46615048.26193918,0.0821970339948573,3831618.70665853
2021-09-30,Varejo_Nao_Estavel,1260,46615048.26193918,0.0766849782305115,3574673.961181049
2021-09-30,Atacado,0,31721907.638364125,1.0,31721907.638364125
2021-09-30,Atacado,21,31721907.638364125,0.9177243552937148,29111967.236104485
2021-09-30,Atacado,42,31721907.638364125,0.8255251324965813,26187232.00620486
2021-09-30,Atacado,63,31721907.638364125,0.7660539088780894,24300691.34343856
2021-09-30,Atacado,84,31721907.638364125,0.7049675741409848,22362916.27494193
2021-09-30,Atacado,105,31721907.638364125,0.6553768399545843,20789803.58536227
2021-09-30,Atacado,126,31721907.638364125,0.6023360806474335,19107249.51755213
2021-09-30,Atacado,147,31721907.638364125,0.5406284757144749,17149766.573284157
2021-09-30,Atacado,168,31721907.638364125,0.5080904554783858,16117598.500619715
2021-09-30,Atacado,189,31721907.638364125,0.4588598123523958,14555908.586399794
2021-09-30,Atacado,210,31721907.638364125,0.3886043430513418,12327271.07814183
2021-09-30,Atacado,231,31721907.638364125,0.3823512200960118,12128910.08930152
2021-09-30,Atacado,252,31721907.638364125,0.369117959618506,11709125.822679669
2021-09-30,Atacado,273,31721907.638364125,0.3066285095734438,9726841.259978034
2021-09-30,Atacado,294,31721907.638364125,0.3012227610433273,9555360.604389455
2021-09-30,Atacado,315,31721907.638364125,0.2941745913961152,9331779.21782107
2021-09-30,Atacado,336,31721907.638364125,0.2433427362075394,7719295.802442371
2021-09-30,Atacado,357,31721907.638364125,0.2316841923400209,7349464.550679133
2021-09-30,Atacado,378,31721907.638364125,0.1969140751798991,6246490.10555065
2021-09-30,Atacado,399,31721907.638364125,0.2145670488752485,6806476.106656995
2021-09-30,Atacado,420,31721907.638364125,0.1779626667725181,5645315.278434793
2021-09-30,Atacado,441,31721907.638364125,0.1647698783374315,5226814.862204496
2021-09-30,Atacado,462,31721907.638364125,0.1669257258067769,5295202.456509472
2021-09-30,Atacado,483,31721907.638364125,0.1461914479095452,4637471.608105313
2021-09-30,Atacado,504,31721907.638364125,0.1163495924496666,3690831.025449633
2021-09-30,Atacado,525,31721907.638364125,0.1086326775949045,3446035.76517375
2021-09-30,Atacado,546,31721907.638364125,0.1127440685254696,3576456.928538344
2021-09-30,Atacado,567,31721907.638364125,0.0905112681140721,2871190.0873458087
2021-09-30,Atacado,588,31721907.638364125,0.0645153770164499,2046550.8309700664
2021-09-30,Atacado,609,31721907.638364125,0.0818709061709305,2597101.3238234334
2021-09-30,Atacado,630,31721907.638364125,0.0579457722599128,1838150.435662638
2021-09-30,Atacado,651,31721907.638364125,0.0888628945634856,2818900.53382058
2021-09-30,Atacado,672,31721907.638364125,0.0658625988277185,2089287.2768355163
2021-09-30,Atacado,693,31721907.638364125,0.0476247176491604,1510746.894569836
2021-09-30,Atacado,714,31721907.638364125,0.0452820268782532,1436432.27430987
2021-09-30,Atacado,735,31721907.638364125,0.0265690650932229,842821.4289249041
2021-09-30,Atacado,756,31721907.638364125,0.0319891760995395,1014757.6896569598
2021-09-30,Atacado,777,31721907.638364125,0.0536540821151761,1702009.8372788222
2021-09-30,Atacado,798,31721907.638364125,0.0648221426863598,2056282.0232175677
2021-09-30,Atacado,819,31721907.638364125,0.0436216842786331,1383763.0397166796
2021-09-30,Atacado,840,31721907.638364125,0.0309231226010894,980940.4390415692
2021-09-30,Atacado,861,31721907.638364125,0.0242040093617942,767797.3494529381
2021-09-30,Atacado,882,31721907.638364125,0.0154870913282648,491280.08070212806
2021-09-30,Atacado,903,31721907.638364125,0.0494594417472428,1568947.842951087
2021-09-30,Atacado,924,31721907.638364125,0.0204377060819123,648323.0246704549
2021-09-30,Atacado,945,31721907.638364125,0.0462188136564138,1466148.9379635232
2021-09-30,Atacado,966,31721907.638364125,0.0358363216626194,1136796.4858803204
2021-09-30,Atacado,987,31721907.638364125,0.0,0.0
2021-09-30,Atacado,1008,31721907.638364125,0.0081013045195221,256988.8337185448
2021-09-30,Atacado,1029,31721907.638364125,0.0067376308936566,213730.5049099655
2021-09-30,Atacado,1050,31721907.638364125,0.0125908065835553,399404.4035360511
2021-09-30,Atacado,1071,31721907.638364125,0.0117083198475496,371410.2408043957
2021-09-30,Atacado,1092,31721907.638364125,0.0473621542860041,1502417.8838145735
2021-09-30,Atacado,1113,31721907.638364125,0.0,0.0
2021-09-30,Atacado,1134,31721907.638364125,0.0123517805003583,391822.04020171537
2021-09-30,Atacado,1155,31721907.638364125,0.0162105428060074,514229.3416599151
2021-09-30,Atacado,1176,31721907.638364125,0.0080671554013041,255905.558544502
2021-09-30,Atacado,1197,31721907.638364125,0.0087416372729848,277301.41018170625
2021-09-30,Atacado,1218,31721907.638364125,0.0,0.0
2021-09-30,Atacado,1239,31721907.638364125,0.0075245127013534,238691.8969360331
2021-09-30,Atacado,1260,31721907.638364125,0.011868538306267,376492.675953789
2021-12-31,Varejo_Estavel,0,82620804.67416902,1.0,82620804.67416902
2021-12-31,Varejo_Estavel,21,82620804.67416902,0.9998926878901584,82611938.46130262
2021-12-31,Varejo_Estavel,42,82620804.67416902,0.977417380737984,80755010.49909088
2021-12-31,Varejo_Estavel,63,82620804.67416902,0.9505477388318628,78535019.06350036
2021-12-31,Varejo_Estavel,84,82620804.67416902,0.9194306772557092,75964102.39698288
2021-12-31,Varejo_Estavel,105,82620804.67416902,0.9103676448890762,75215307.37006363
2021-12-31,Varejo_Estavel,126,82620804.67416902,0.8992797075084927,74299213.06150302
2021-12-31,Varejo_Estavel,147,82620804.67416902,0.8895580130504998,73495998.84258723
2021-12-31,Varejo_Estavel,168,82620804.67416902,0.8656669054816191,71522096.31068918
2021-12-31,Varejo_Estavel,189,82620804.67416902,0.8453131124806705,69840449.55477935
2021-12-31,Varejo_Estavel,210,82620804.67416902,0.8276721148355481,68382936.13408421
2021-12-31,Varejo_Estavel,231,82620804.67416902,0.8077542045602589,66737302.35971192
2021-12-31,Varejo_Estavel,252,82620804.67416902,0.8106317662539869,66975048.82234729
2021-12-31,Varejo_Estavel,273,82620804.67416902,0.7819388455586835,64604416.626049206
2021-12-31,Varejo_Estavel,294,82620804.67416902,0.7739288899128299,63942627.64518438
2021-12-31,Varejo_Estavel,315,82620804.67416902,0.7678014160412026,63436370.82329058
2021-12-31,Varejo_Estavel,336,82620804.67416902,0.7433189752491534,61413611.86466377
2021-12-31,Varejo_Estavel,357,82620804.67416902,0.7509535563516964,62044387.09870608
2021-12-31,Varejo_Estavel,378,82620804.67416902,0.7425467218416114,61349807.66672029
2021-12-31,Varejo_Estavel,399,82620804.67416902,0.7145556342865612,59037161.48921692
2021-12-31,Varejo_Estavel,420,82620804.67416902,0.7036026376318611,58132216.09201212
2021-12-31,Varejo_Estavel,441,82620804.67416902,0.7032041808187559,58099295.269485466
2021-12-31,Varejo_Estavel,462,82620804.67416902,0.6763014123452923,55876566.89024504
2021-12-31,Varejo_Estavel,483,82620804.67416902,0.6637936294815516,54843163.805353
2021-12-31,Varejo_Estavel,504,82620804.67416902,0.6760607953578768,55856686.92112649
2021-12-31,Varejo_Estavel,525,82620804.67416902,0.6610253382904691,54614445.35957334
2021-12-31,Varejo_Estavel,546,82620804.67416902,0.6465385101785651,53417531.96379147
2021-12-31,Varejo_Estavel,567,82620804.67416902,0.6395217385653946,52837800.64689645
2021-12-31,Varejo_Estavel,588,82620804.67416902,0.5939667909437885,49074014.21750973
2021-12-31,Varejo_Estavel,609,82620804.67416902,0.6234031607544612,51506070.77795393
2021-12-31,Varejo_Estavel,630,82620804.67416902,0.6015046247026099,49696796.10816368
2021-12-31,Varejo_Estavel,651,82620804.67416902,0.5987486813622362,49469097.85174558
2021-12-31,Varejo_Estavel,672,82620804.67416902,0.5812583379735591,48024031.60694554
2021-12-31,Varejo_Estavel,693,82620804.67416902,0.567363290302569,46876011.58738241
2021-12-31,Varejo_Estavel,714,82620804.67416902,0.5538040695816175,45755737.86066273
2021-12-31,Varejo_Estavel,735,82620804.67416902,0.5520100300206917,45607512.86852174
2021-12-31,Varejo_Estavel,756,82620804.67416902,0.5345219561338626,44162634.1317906
2021-12-31,Varejo_Estavel,777,82620804.67416902,0.5394954284826261,44573546.41927017
2021-12-31,Varejo_Estavel,798,82620804.67416902,0.5010180521858867,41394514.62788277
2021-12-31,Varejo_Estavel,819,82620804.67416902,0.5046851986846906,41697497.22247201
2021-12-31,Varejo_Estavel,840,82620804.67416902,0.527001899229603,43541320.97916514
2021-12-31,Varejo_Estavel,861,82620804.67416902,0.4863797184734309,40185083.71747065
2021-12-31,Varejo_Estavel,882,82620804.67416902,0.4826033582031453,39873077.79320009
2021-12-31,Varejo_Estavel,903,82620804.67416902,0.4665951913533525,38550470.16671185
2021-12-31,Varejo_Estavel,924,82620804.67416902,0.4730761794547232,39085934.61873081
2021-12-31,Varejo_Estavel,945,82620804.67416902,0.4522095808228716,37361919.44895433
2021-12-31,Varejo_Estavel,966,82620804.67416902,0.4509526469631423,37258070.56204128
2021-12-31,Varejo_Estavel,987,82620804.67416902,0.4556357575025905,37644992.923188575
2021-12-31,Varejo_Estavel,1008,82620804.67416902,0.429465452526372,35482781.26748499
2021-12-31,Varejo_Estavel,1029,82620804.67416902,0.4398448254781705,36340333.41277589
2021-12-31,Varejo_Estavel,1050,82620804.67416902,0.4329065351363255,35767086.28166964
2021-12-31,Varejo_Estavel,1071,82620804.67416902,0.4284827871116174,35401592.66019249
2021-12-31,Varejo_Estavel,1092,82620804.67416902,0.4104164394537807,33908936.479178734
2021-12-31,Varejo_Estavel,1113,82620804.67416902,0.4406526929284306,36407080.071586445
2021-12-31,Varejo_Estavel,1134,82620804.67416902,0.4075585636615627,33672816.481566854
2021-12-31,Varejo_Estavel,1155,82620804.67416902,0.3920661759723124,32392822.944356803
2021-12-31,Varejo_Estavel,1176,82620804.67416902,0.3710349522451922,30655206.316739656
2021-12-31,Varejo_Estavel,1197,82620804.67416902,0.3738726916974571,30889662.63374142
2021-12-31,Varejo_Estavel,1218,82620804.67416902,0.3857557093241889,31871447.11201933
2021-12-31,Varejo_Estavel,1239,82620804.67416902,0.3828657197921869,31632673.851385403
2021-12-31,Varejo_Estavel,1260,82620804.67416902,0.3739100451420802,30892748.80539353
2021-12-31,Varejo_Nao_Estavel,0,53925961.5336481,0.9849320775244532,53113409.32583977
2021-12-31,Varejo_Nao_Estavel,21,53925961.5336481,0.9637434875804736,51970794.239568494
2021-12-31,Varejo_Nao_Estavel,42,53925961.5336481,0.9026708796489736,48677395.13349485
2021-12-31,Varejo_Nao_Estavel,63,53925961.5336481,0.8610862014250787,46434901.37520396
2021-12-31,Varejo_Nao_Estavel,84,53925961.5336481,0.844800403319919,45556674.05304036
2021-12-31,Varejo_Nao_Estavel,105,53925961.5336481,0.8127615521659286,43828948.19812799
2021-12-31,Varejo_Nao_Estavel,126,53925961.5336481,0.7833687636971038,42243913.81779149
2021-12-31,Varejo_Nao_Estavel,147,53925961.5336481,0.7459685385938397,40227070.71752309
2021-12-31,Varejo_Nao_Estavel,168,53925961.5336481,0.7152259971520941,38569249.61028893
2021-12-31,Varejo_Nao_Estavel,189,53925961.5336481,0.6671869373872447,35978697.12129704
2021-12-31,Varejo_Nao_Estavel,210,53925961.5336481,0.6491553652096996,35006327.25365955
2021-12-31,Varejo_Nao_Estavel,231,53925961.5336481,0.6049456126314219,32622273.836711243
2021-12-31,Varejo_Nao_Estavel,252,53925961.5336481,0.5727594497508026,30886604.05529524
2021-12-31,Varejo_Nao_Estavel,273,53925961.5336481,0.5805608522168226,31307302.18458634
2021-12-31,Varejo_Nao_Estavel,294,53925961.5336481,0.5385668047725659,29042732.79746516
2021-12-31,Varejo_Nao_Estavel,315,53925961.5336481,0.5350187946503301,28851402.940092474
2021-12-31,Varejo_Nao_Estavel,336,53925961.5336481,0.5157641911824437,27813079.934137583
2021-12-31,Varejo_Nao_Estavel,357,53925961.5336481,0.4738772439359709,25554286.028162345
2021-12-31,Varejo_Nao_Estavel,378,53925961.5336481,0.4681284926392416,25244279.086868413
2021-12-31,Varejo_Nao_Estavel,399,53925961.5336481,0.433699762874608,23387676.72992841
2021-12-31,Varejo_Nao_Estavel,420,53925961.5336481,0.4008892368540793,21618337.565846626
2021-12-31,Varejo_Nao_Estavel,441,53925961.5336481,0.4067084830855121,21932146.0142777
2021-12-31,Varejo_Nao_Estavel,462,53925961.5336481,0.3825171579228412,20627605.54410753
2021-12-31,Varejo_Nao_Estavel,483,53925961.5336481,0.3665437658657896,19766225.01847709
2021-12-31,Varejo_Nao_Estavel,504,53925961.5336481,0.3798742133509438,20485082.216787823
2021-12-31,Varejo_Nao_Estavel,525,53925961.5336481,0.3228641769805084,17410761.18844385
2021-12-31,Varejo_Nao_Estavel,546,53925961.5336481,0.3314046322774336,17871313.45226568
2021-12-31,Varejo_Nao_Estavel,567,53925961.5336481,0.3011129812174815,16237807.04241601
2021-12-31,Varejo_Nao_Estavel,588,53925961.5336481,0.3107696035495488,16758549.68684004
2021-12-31,Varejo_Nao_Estavel,609,53925961.5336481,0.2908263588748423,15683091.041655686
2021-12-31,Varejo_Nao_Estavel,630,53925961.5336481,0.2797035890160591,15083284.982103324
2021-12-31,Varejo_Nao_Estavel,651,53925961.5336481,0.2522282297963897,13601649.817700263
2021-12-31,Varejo_Nao_Estavel,672,53925961.5336481,0.2432830366842053,13119271.678021556
2021-12-31,Varejo_Nao_Estavel,693,53925961.5336481,0.2529674872530774,13641514.986873072
2021-12-31,Varejo_Nao_Estavel,714,53925961.5336481,0.2529079760356195,13638305.787249614
2021-12-31,Varejo_Nao_Estavel,735,53925961.5336481,0.2276687098556972,12277254.090093618
2021-12-31,Varejo_Nao_Estavel,756,53925961.5336481,0.201793221617377,10881893.5066896
2021-12-31,Varejo_Nao_Estavel,777,53925961.5336481,0.2076801392805231,11199351.202144168
2021-12-31,Varejo_Nao_Estavel,798,53925961.5336481,0.2241699397073369,12088579.545658069
2021-12-31,Varejo_Nao_Estavel,819,53925961.5336481,0.1880576746446687,10141190.928995714
2021-12-31,Varejo_Nao_Estavel,840,53925961.5336481,0.1965047486092007,10596707.51467895
2021-12-31,Varejo_Nao_Estavel,861,53925961.5336481,0.1625439387759918,8765338.189961785
2021-12-31,Varejo_Nao_Estavel,882,53925961.5336481,0.1637053236042666,8827966.983537098
2021-12-31,Varejo_Nao_Estavel,903,53925961.5336481,0.1647314796898369,8883303.437135078
2021-12-31,Varejo_Nao_Estavel,924,53925961.5336481,0.1554420599198638,8382362.543949599
2021-12-31,Varejo_Nao_Estavel,945,53925961.5336481,0.1351337058086201,7287215.021334968
2021-12-31,Varejo_Nao_Estavel,966,53925961.5336481,0.1285394976882322,6931616.007890061
2021-12-31,Varejo_Nao_Estavel,987,53925961.5336481,0.1442922996321438,7781100.999564612
2021-12-31,Varejo_Nao_Estavel,1008,53925961.5336481,0.1411557469914292,7611959.382513178
2021-12-31,Varejo_Nao_Estavel,1029,53925961.5336481,0.1396618631222746,7531400.25844941
2021-12-31,Varejo_Nao_Estavel,1050,53925961.5336481,0.1380471784829867,7444326.836702198
2021-12-31,Varejo_Nao_Estavel,1071,53925961.5336481,0.1131147197130262,6099820.024134039
2021-12-31,Varejo_Nao_Estavel,1092,53925961.5336481,0.1030705019404109,5558175.922892403
2021-12-31,Varejo_Nao_Estavel,1113,53925961.5336481,0.1185200360225155,6391306.903516761
2021-12-31,Varejo_Nao_Estavel,1134,53925961.5336481,0.1065575521570464,5746218.458740589
2021-12-31,Varejo_Nao_Estavel,1155,53925961.5336481,0.0820851868095506,4426522.626374146
2021-12-31,Varejo_Nao_Estavel,1176,53925961.5336481,0.0775186687756693,4180268.750536356
2021-12-31,Varejo_Nao_Estavel,1197,53925961.5336481,0.0920395097941889,4963319.064737261
2021-12-31,Varejo_Nao_Estavel,1218,53925961.5336481,0.0803824998167914,4334703.593098772
2021-12-31,Varejo_Nao_Estavel,1239,53925961.5336481,0.078718771398143,4244985.4383923
2021-12-31,Varejo_Nao_Estavel,1260,53925961.5336481,0.0885787245699329,4776692.893857812
2021-12-31,Atacado,0,37656630.00744762,1.0,37656630.00744762
2021-12-31,Atacado,21,37656630.00744762,0.8943892749091292,33679686.00788244
2021-12-31,Atacado,42,37656630.00744762,0.8449712741116466,31818770.63614388
2021-12-31,Atacado,63,37656630.00744762,0.7808645007841006,29404725.59197717
2021-12-31,Atacado,84,37656630.00744762,0.690527935042929,26002954.9597184
2021-12-31,Atacado,105,37656630.00744762,0.6425563377301959,24196506.268846545
2021-12-31,Atacado,126,37656630.00744762,0.586714057355658,22093674.17801041
2021-12-31,Atacado,147,37656630.00744762,0.5478646755507763,20630737.38136592
2021-12-31,Atacado,168,37656630.00744762,0.5219982678722119,19656695.63779242
2021-12-31,Atacado,189,37656630.00744762,0.4853158323605568,18275358.735957965
2021-12-31,Atacado,210,37656630.00744762,0.4132683327127218,15562292.698757729
2021-12-31,Atacado,231,37656630.00744762,0.3944863314853532,14855025.827739282
2021-12-31,Atacado,252,37656630.00744762,0.3628756701625052,13664674.850014064
2021-12-31,Atacado,273,37656630.00744762,0.3314616879111529,12481730.14331436
2021-12-31,Atacado,294,37656630.00744762,0.3046582222552116,11472401.95419125
2021-12-31,Atacado,315,37656630.00744762,0.2787963668553077,10498531.634090954
2021-12-31,Atacado,336,37656630.00744762,0.2727209330933422,10269751.272781866
2021-12-31,Atacado,357,37656630.00744762,0.2448880015473054,9221656.86753014
2021-12-31,Atacado,378,37656630.00744762,0.1998404234954549,7525316.888099991
2021-12-31,Atacado,399,37656630.00744762,0.2045889281458522,7704129.570808645
2021-12-31,Atacado,420,37656630.00744762,0.1896711387906149,7142375.896529434
2021-12-31,Atacado,441,37656630.00744762,0.1679899636697247,6325935.906875392
2021-12-31,Atacado,462,37656630.00744762,0.1642512126667422,6185147.143666105
2021-12-31,Atacado,483,37656630.00744762,0.1405105955853878,5291155.510085054
2021-12-31,Atacado,504,37656630.00744762,0.1292627498925425,4867599.546448714
2021-12-31,Atacado,525,37656630.00744762,0.1178548992200768,4438018.334495463
2021-12-31,Atacado,546,37656630.00744762,0.082585963841594,3109909.084191354
2021-12-31,Atacado,567,37656630.00744762,0.0970359400479569,3654046.491810784
2021-12-31,Atacado,588,37656630.00744762,0.0819032898684414,3084201.882968634
2021-12-31,Atacado,609,37656630.00744762,0.0682724200162887,2570909.260266447
2021-12-31,Atacado,630,37656630.00744762,0.0929165436102848,3498923.904303368
2021-12-31,Atacado,651,37656630.00744762,0.0755180037431343,2843753.5258562565
2021-12-31,Atacado,672,37656630.00744762,0.0633831742032261,2386796.739668485
2021-12-31,Atacado,693,37656630.00744762,0.0517091781168541,1947193.3883355856
2021-12-31,Atacado,714,37656630.00744762,0.0572196508697475,2154699.221957412
2021-12-31,Atacado,735,37656630.00744762,0.0611390692675201,2302291.31040672
2021-12-31,Atacado,756,37656630.00744762,0.0352591286183423,1327739.9607659257
2021-12-31,Atacado,777,37656630.00744762,0.0414002632173684,1558994.3941873864
2021-12-31,Atacado,798,37656630.00744762,0.0484575069266652,1824746.4094207624
2021-12-31,Atacado,819,37656630.00744762,0.011672912571236,439562.54980431945
2021-12-31,Atacado,840,37656630.00744762,0.0313367959156769,1180038.129415542
2021-12-31,Atacado,861,37656630.00744762,0.0242360254230707,912647.0422076712
2021-12-31,Atacado,882,37656630.00744762,0.0253590827981208,954937.5982570648
2021-12-31,Atacado,903,37656630.00744762,0.018722708278703,705034.0983884985
2021-12-31,Atacado,924,37656630.00744762,0.0243541857667723,917096.5625519936
2021-12-31,Atacado,945,37656630.00744762,0.0439147823407364,1653682.7104627064
2021-12-31,Atacado,966,37656630.00744762,0.015227017860156,573398.1776766938
2021-12-31,Atacado,987,37656630.00744762,0.0210390016139632,792257.8995031067
2021-12-31,Atacado,1008,37656630.00744762,0.040029690289543,1507383.2365460414
2021-12-31,Atacado,1029,37656630.00744762,0.0081659854432718,307503.49248349195
2021-12-31,Atacado,1050,37656630.00744762,0.0353250671399719,1330222.9832781677
2021-12-31,Atacado,1071,37656630.00744762,0.0124959669644399,470556.0045652048
2021-12-31,Atacado,1092,37656630.00744762,0.0327900398516055,1234762.398621371
2021-12-31,Atacado,1113,37656630.00744762,0.0194693699830106,733150.8619283399
2021-12-31,Atacado,1134,37656630.00744762,0.0132894416233747,500435.5862169972
2021-12-31,Atacado,1155,37656630.00744762,0.0080248817137547,302190.00154839427
2021-12-31,Atacado,1176,37656630.00744762,0.000597522176384,22500.671517338025
2021-12-31,Atacado,1197,37656630.00744762,0.0083289689391807,313640.901686254
2021-12-31,Atacado,1218,37656630.00744762,0.017576203903706,661860.6073373136
2021-12-31,Atacado,1239,37656630.00744762,0.0060893411941612,229304.06833763985
2021-12-31,Atacado,1260,37656630.00744762,0.0019322766914322,72763.02844127979
2022-03-31,Varejo_Estavel,0,77993739.72657782,1.0,77993739.72657782
2022-03-31,Varejo_Estavel,21,77993739.72657782,0.9964908970284632,77720051.66274202
2022-03-31,Varejo_Estavel,42,77993739.72657782,0.9559037549629522,74554508.66823891
2022-03-31,Varejo_Estavel,63,77993739.72657782,0.9383327108475976,73184077.22678174
2022-03-31,Varejo_Estavel,84,77993739.72657782,0.9336739490703118,72820722.97327597
2022-03-31,Varejo_Estavel,105,77993739.72657782,0.9305317550213776,72575651.508453
2022-03-31,Varejo_Estavel,126,77993739.72657782,0.909341117907726,70922914.4727705
2022-03-31,Varejo_Estavel,147,77993739.72657782,0.8642573959065328,67406666.39310405
2022-03-31,Varejo_Estavel,168,77993739.72657782,0.8600981140566235,67082268.44705274
2022-03-31,Varejo_Estavel,189,77993739.72657782,0.8363787923310453,65232309.84189703
2022-03-31,Varejo_Estavel,210,77993739.72657782,0.828901189612578,64649103.641694136
2022-03-31,Varejo_Estavel,231,77993739.72657782,0.8362106465729742,65219195.5254059
2022-03-31,Varejo_Estavel,252,77993739.72657782,0.7850088686438317,61225777.38406232
2022-03-31,Varejo_Estavel,273,77993739.72657782,0.7680469802077216,59902856.2721051
2022-03-31,Varejo_Estavel,294,77993739.72657782,0.7631900046193449,59524042.58220691
2022-03-31,Varejo_Estavel,315,77993739.72657782,0.7625008316612113,59470291.40588364
2022-03-31,Varejo_Estavel,336,77993739.72657782,0.7526790155026152,58704251.2327678
2022-03-31,Varejo_Estavel,357,77993739.72657782,0.7369079259827253,57474204.98154894
2022-03-31,Varejo_Estavel,378,77993739.72657782,0.7324425062614986,57125930.19804167
2022-03-31,Varejo_Estavel,399,77993739.72657782,0.6840956396487105,53355177.26684829
2022-03-31,Varejo_Estavel,420,77993739.72657782,0.7066693204098088,55115783.04880025
2022-03-31,Varejo_Estavel,441,77993739.72657782,0.6760546446793627,52728029.99806626
2022-03-31,Varejo_Estavel,462,77993739.72657782,0.6761978588026756,52739199.8031251
2022-03-31,Varejo_Estavel,483,77993739.72657782,0.6393844106861004,49867981.312283054
2022-03-31,Varejo_Estavel,504,77993739.72657782,0.6433919293688247,50180542.68137285
2022-03-31,Varejo_Estavel,525,77993739.72657782,0.6344519450112687,49483279.86822995
2022-03-31,Varejo_Estavel,546,77993739.72657782,0.6339833110296292,49446729.35143893
2022-03-31,Varejo_Estavel,567,77993739.72657782,0.5897983165440039,46000576.3917068
2022-03-31,Varejo_Estavel,588,77993739.72657782,0.5981031319756323,46648300.00495849
2022-03-31,Varejo_Estavel,609,77993739.72657782,0.5738259180110112,44754829.2977154
2022-03-31,Varejo_Estavel,630,77993739.72657782,0.5822275678757742,45410105.39054155
2022-03-31,Varejo_Estavel,651,77993739.72657782,0.5749957113099057,44846065.85180326
2022-03-31,Varejo_Estavel,672,77993739.72657782,0.57081373269646,44519897.700284064
2022-03-31,Varejo_Estavel,693,77993739.72657782,0.5388335128809284,42025640.75959275
2022-03-31,Varejo_Estavel,714,77993739.72657782,0.5464509439550057,42619752.69616948
2022-03-31,Varejo_Estavel,735,77993739.72657782,0.5419062340498483,42265293.77469383
2022-03-31,Varejo_Estavel,756,77993739.72657782,0.4962851762288393,38707136.8649509
2022-03-31,Varejo_Estavel,777,77993739.72657782,0.5139553066537076,40085296.41824276
2022-03-31,Varejo_Estavel,798,77993739.72657782,0.5088834590449824,39689724.05591498
2022-03-31,Varejo_Estavel,819,77993739.72657782,0.4852187759611275,37844026.92276086
2022-03-31,Varejo_Estavel,840,77993739.72657782,0.464901330799523,36259393.392917655
2022-03-31,Varejo_Estavel,861,77993739.72657782,0.4820151525118155,37594164.34927325
2022-03-31,Varejo_Estavel,882,77993739.72657782,0.4477336465410323,34920421.49515287
2022-03-31,Varejo_Estavel,903,77993739.72657782,0.451571708072243,35219766.2672727
2022-03-31,Varejo_Estavel,924,77993739.72657782,0.4449678703765297,34704708.26883667
2022-03-31,Varejo_Estavel,945,77993739.72657782,0.4459237194018549,34779258.50893579
2022-03-31,Varejo_Estavel,966,77993739.72657782,0.4218533174920026,32901917.84726465
2022-03-31,Varejo_Estavel,987,77993739.72657782,0.4133385647666879,32237820.43937029
2022-03-31,Varejo_Estavel,1008,77993739.72657782,0.4150636256875628,32372364.39184549
2022-03-31,Varejo_Estavel,1029,77993739.72657782,0.4184162014496868,32633844.31325022
2022-03-31,Varejo_Estavel,1050,77993739.72657782,0.4263890503759244,33255676.61728253
2022-03-31,Varejo_Estavel,1071,77993739.72657782,0.373584769867667,29137273.306872293
2022-03-31,Varejo_Estavel,1092,77993739.72657782,0.388325847516368,30286985.080294352
2022-03-31,Varejo_Estavel,1113,77993739.72657782,0.3645004177527535,28428750.712437145
2022-03-31,Varejo_Estavel,1134,77993739.72657782,0.3828891979410697,29862960.44833393
2022-03-31,Varejo_Estavel,1155,77993739.72657782,0.3526507611428361,27504551.678953923
2022-03-31,Varejo_Estavel,1176,77993739.72657782,0.3491902773501643,27234655.60670024
2022-03-31,Varejo_Estavel,1197,77993739.72657782,0.3437082548482922,26807092.17051398
2022-03-31,Varejo_Estavel,1218,77993739.72657782,0.3434770581410324,26789060.27470232
2022-03-31,Varejo_Estavel,1239,77993739.72657782,0.3419980900310038,26673710.02086484
2022-03-31,Varejo_Estavel,1260,77993739.72657782,0.3377666237205787,26343682.13878776
2022-03-31,Varejo_Nao_Estavel,0,49971162.269086085,0.9840413077307132,49173687.86809514
2022-03-31,Varejo_Nao_Estavel,21,49971162.269086085,0.96382576978192,48163493.940899126
2022-03-31,Varejo_Nao_Estavel,42,49971162.269086085,0.9115658662803342,45552005.82285461
2022-03-31,Varejo_Nao_Estavel,63,49971162.269086085,0.8851773550693086,44233341.24708885
2022-03-31,Varejo_Nao_Estavel,84,49971162.269086085,0.8236184745218018,41157172.4381461
2022-03-31,Varejo_Nao_Estavel,105,49971162.269086085,0.7755158666674857,38753429.21549186
2022-03-31,Varejo_Nao_Estavel,126,49971162.269086085,0.7586447923981025,37910362.0255227
2022-03-31,Varejo_Nao_Estavel,147,49971162.269086085,0.7405172349012485,37004506.90830523
2022-03-31,Varejo_Nao_Estavel,168,49971162.269086085,0.6943405875888942,34697006.17241721
2022-03-31,Varejo_Nao_Estavel,189,49971162.269086085,0.6589187609600617,32926936.32608039
2022-03-31,Varejo_Nao_Estavel,210,49971162.269086085,0.6211725315523113,31040713.371299542
2022-03-31,Varejo_Nao_Estavel,231,49971162.269086085,0.6243454630004308,31199268.44356221
2022-03-31,Varejo_Nao_Estavel,252,49971162.269086085,0.5638063842066575,28174060.31353757
2022-03-31,Varejo_Nao_Estavel,273,49971162.269086085,0.5415828120095515,27063522.58107724
2022-03-31,Varejo_Nao_Estavel,294,49971162.269086085,0.5324158253531319,26605437.60335075
2022-03-31,Varejo_Nao_Estavel,315,49971162.269086085,0.4797008025665372,23971206.645663258
2022-03-31,Varejo_Nao_Estavel,336,49971162.269086085,0.4947257017144004,24722018.31905778
2022-03-31,Varejo_Nao_Estavel,357,49971162.269086085,0.4653908221772872,23256120.293564606
2022-03-31,Varejo_Nao_Estavel,378,49971162.269086085,0.4481280356431402,22393478.786450155
2022-03-31,Varejo_Nao_Estavel,399,49971162.269086085,0.4243948720636006,21207505.018058214
2022-03-31,Varejo_Nao_Estavel,420,49971162.269086085,0.3970061681586103,19838859.65088199
2022-03-31,Varejo_Nao_Estavel,441,49971162.269086085,0.3682664180625163,18402700.9352571
2022-03-31,Varejo_Nao_Estavel,462,49971162.269086085,0.3622323904158472,18101173.560589246
2022-03-31,Varejo_Nao_Estavel,483,49971162.269086085,0.3358679639526792,16783712.52766689
2022-03-31,Varejo_Nao_Estavel,504,49971162.269086085,0.3377960707181931,16880062.26371851
2022-03-31,Varejo_Nao_Estavel,525,49971162.269086085,0.326735917704084,16327373.56272954
2022-03-31,Varejo_Nao_Estavel,546,49971162.269086085,0.3205380836666129,16017660.592326203
2022-03-31,Varejo_Nao_Estavel,567,49971162.269086085,0.2936788155213884,14675471.745412298
2022-03-31,Varejo_Nao_Estavel,588,49971162.269086085,0.2873244211316944,14357935.272243127
2022-03-31,Varejo_Nao_Estavel,609,49971162.269086085,0.2602589576700712,13005442.605714336
2022-03-31,Varejo_Nao_Estavel,630,49971162.269086085,0.246237618118718,12304779.971763711
2022-03-31,Varejo_Nao_Estavel,651,49971162.269086085,0.246345310532338,12310161.486839864
2022-03-31,Varejo_Nao_Estavel,672,49971162.269086085,0.2252160389087531,11254307.225910109
2022-03-31,Varejo_Nao_Estavel,693,49971162.269086085,0.2227617495125943,11131663.53223936
2022-03-31,Varejo_Nao_Estavel,714,49971162.269086085,0.1969385660301863,9841249.040135568
2022-03-31,Varejo_Nao_Estavel,735,49971162.269086085,0.1896774212086618,9478401.19399983
2022-03-31,Varejo_Nao_Estavel,756,49971162.269086085,0.1988887930293528,9938704.149972469
2022-03-31,Varejo_Nao_Estavel,777,49971162.269086085,0.19331494819582,9660172.645333292
2022-03-31,Varejo_Nao_Estavel,798,49971162.269086085,0.1626433006793503,8127474.770227575
2022-03-31,Varejo_Nao_Estavel,819,49971162.269086085,0.1746834535377986,8729135.202461697
2022-03-31,Varejo_Nao_Estavel,840,49971162.269086085,0.1527600165593879,7633595.575717454
2022-03-31,Varejo_Nao_Estavel,861,49971162.269086085,0.1522037242751958,7605797.00371505
2022-03-31,Varejo_Nao_Estavel,882,49971162.269086085,0.1621827759445515,8104461.813976014
2022-03-31,Varejo_Nao_Estavel,903,49971162.269086085,0.1483496201162406,7413202.93938594
2022-03-31,Varejo_Nao_Estavel,924,49971162.269086085,0.1419833506511782,7095073.054898576
2022-03-31,Varejo_Nao_Estavel,945,49971162.269086085,0.1493911195107722,7465247.874633232
2022-03-31,Varejo_Nao_Estavel,966,49971162.269086085,0.112358908707128,5614705.259381326
2022-03-31,Varejo_Nao_Estavel,987,49971162.269086085,0.103549870054222,5174507.359422307
2022-03-31,Varejo_Nao_Estavel,1008,49971162.269086085,0.1015334396317595,5073743.987577115
2022-03-31,Varejo_Nao_Estavel,1029,49971162.269086085,0.1021961187481332,5106858.833233757
2022-03-31,Varejo_Nao_Estavel,1050,49971162.269086085,0.0722689864788415,3611365.25035658
2022-03-31,Varejo_Nao_Estavel,1071,49971162.269086085,0.0935201752310871,4673311.851906022
2022-03-31,Varejo_Nao_Estavel,1092,49971162.269086085,0.0851629112694256,4255689.658352249
2022-03-31,Varejo_Nao_Estavel,1113,49971162.269086085,0.0969849450609637,4846450.427299817
2022-03-31,Varejo_Nao_Estavel,1134,49971162.269086085,0.0878758549160372,4391258.605543962
2022-03-31,Varejo_Nao_Estavel,1155,49971162.269086085,0.0726820794392948,3632007.9857156095
2022-03-31,Varejo_Nao_Estavel,1176,49971162.269086085,0.0833822761249492,4166709.250605581
2022-03-31,Varejo_Nao_Estavel,1197,49971162.269086085,0.0815553246180421,4075414.360396175
2022-03-31,Varejo_Nao_Estavel,1218,49971162.269086085,0.0603809199594032,3017304.7492480404
2022-03-31,Varejo_Nao_Estavel,1239,49971162.269086085,0.0605614491520871,3026326.002829951
2022-03-31,Varejo_Nao_Estavel,1260,49971162.269086085,0.0367880219489211,1838340.214368241
2022-03-31,Atacado,0,31182690.089707505,0.991090365274917,30904863.711262744
2022-03-31,Atacado,21,31182690.089707505,0.9130913643635628,28472645.03853717
2022-03-31,Atacado,42,31182690.089707505,0.8207667477232433,25593715.13019104
2022-03-31,Atacado,63,31182690.089707505,0.7528916805857101,23477187.94682325
2022-03-31,Atacado,84,31182690.089707505,0.6777053137705104,21132674.77145381
2022-03-31,Atacado,105,31182690.089707505,0.6336700625465758,19759537.179515444
2022-03-31,Atacado,126,31182690.089707505,0.5812701904802938,18125568.20813225
2022-03-31,Atacado,147,31182690.089707505,0.5304037991811614,16539417.292269612
2022-03-31,Atacado,168,31182690.089707505,0.4795789473126874,14954561.687599696
2022-03-31,Atacado,189,31182690.089707505,0.4188443868233902,13060694.710127346
2022-03-31,Atacado,210,31182690.089707505,0.3915002064013725,12208029.606270522
2022-03-31,Atacado,231,31182690.089707505,0.359025615642725,11195384.506853538
2022-03-31,Atacado,252,31182690.089707505,0.327122663242229,10200564.62920218
2022-03-31,Atacado,273,31182690.089707505,0.3037161547081125,9470686.727500731
2022-03-31,Atacado,294,31182690.089707505,0.2933360133210044,9147005.995539192
2022-03-31,Atacado,315,31182690.089707505,0.2617220983270316,8161199.081759781
2022-03-31,Atacado,336,31182690.089707505,0.2180035000231716,6797935.579694105
2022-03-31,Atacado,357,31182690.089707505,0.217813706805771,6792017.316614771
2022-03-31,Atacado,378,31182690.089707505,0.1989475098291222,6203718.543120556
2022-03-31,Atacado,399,31182690.089707505,0.1647983650315317,5138856.344068744
2022-03-31,Atacado,420,31182690.089707505,0.1693392357074365,5280452.907092925
2022-03-31,Atacado,441,31182690.089707505,0.1432549233237205,4467073.87782839
2022-03-31,Atacado,462,31182690.089707505,0.1155134449147385,3602019.953970792
2022-03-31,Atacado,483,31182690.089707505,0.1262678934953713,3937372.591146359
2022-03-31,Atacado,504,31182690.089707505,0.1128024487578769,3517483.800976989
2022-03-31,Atacado,525,31182690.089707505,0.0977914623001143,3049400.8623237805
2022-03-31,Atacado,546,31182690.089707505,0.091248323032365,2845368.1783237574
2022-03-31,Atacado,567,31182690.089707505,0.0750177966212551,2339256.7032533074
2022-03-31,Atacado,588,31182690.089707505,0.0836243120261597,2607631.0058767386
2022-03-31,Atacado,609,31182690.089707505,0.0690820618227931,2154164.524578172
2022-03-31,Atacado,630,31182690.089707505,0.0654897663214757,2042147.087249941
2022-03-31,Atacado,651,31182690.089707505,0.0622035393062731,1939673.688670456
2022-03-31,Atacado,672,31182690.089707505,0.0389777021820826,1215429.6075527996
2022-03-31,Atacado,693,31182690.089707505,0.0374626920314135,1168187.5155417232
2022-03-31,Atacado,714,31182690.089707505,0.0174433798640649,543931.5084181812
2022-03-31,Atacado,735,31182690.089707505,0.0468797544862847,1461836.8556273936
2022-03-31,Atacado,756,31182690.089707505,0.022035352049786,687121.5539860799
2022-03-31,Atacado,777,31182690.089707505,0.0349608705886059,1090173.9928308695
2022-03-31,Atacado,798,31182690.089707505,0.0348920495028978,1088027.9662435972
2022-03-31,Atacado,819,31182690.089707505,0.034995817828273,1091263.7417748985
2022-03-31,Atacado,840,31182690.089707505,0.0108814249896379,339312.10318627954
2022-03-31,Atacado,861,31182690.089707505,0.0223237819112525,696115.572968808
2022-03-31,Atacado,882,31182690.089707505,0.0411204357061956,1282245.8029800402
2022-03-31,Atacado,903,31182690.089707505,0.0397983088936281,1241018.3323244555
2022-03-31,Atacado,924,31182690.089707505,0.0293863466331573,916345.3399304656
2022-03-31,Atacado,945,31182690.089707505,0.0200485335801233,625167.2093820794
2022-03-31,Atacado,966,31182690.089707505,0.0025326826928895,78975.85950793975
2022-03-31,Atacado,987,31182690.089707505,0.0219360892292929,684026.2722172141
2022-03-31,Atacado,1008,31182690.089707505,0.0102475443313732,319545.9990657501
2022-03-31,Atacado,1029,31182690.089707505,0.0178039294606785,555174.4147513526
2022-03-31,Atacado,1050,31182690.089707505,0.0025108714623635,78295.72666597404
2022-03-31,Atacado,1071,31182690.089707505,0.0071425910343909,222725.2026629369
2022-03-31,Atacado,1092,31182690.089707505,0.0103782475195014,323621.6760748894
2022-03-31,Atacado,1113,31182690.089707505,0.0106255633445455,331333.6488015202
2022-03-31,Atacado,1134,31182690.089707505,0.0129214634657727,402925.9907586709
2022-03-31,Atacado,1155,31182690.089707505,0.0,0.0
2022-03-31,Atacado,1176,31182690.089707505,0.0,0.0
2022-03-31,Atacado,1197,31182690.089707505,0.0248083563266094,773591.2869676955
2022-03-31,Atacado,1218,31182690.089707505,0.0347156929859338,1082528.6956298065
2022-03-31,Atacado,1239,31182690.089707505,0.0097883384787444,305226.7252758464
2022-03-31,Atacado,1260,31182690.089707505,0.0,0.0
2022-06-30,Varejo_Estavel,0,73814439.06525698,1.0,73814439.06525698
2022-06-30,Varejo_Estavel,21,73814439.06525698,0.9978823469074404,73658125.69009489
2022-06-30,Varejo_Estavel,42,73814439.06525698,0.9493548735136704,70076097.46227957
2022-06-30,Varejo_Estavel,63,73814439.06525698,0.9448637712867808,69744589.270617
2022-06-30,Varejo_Estavel,84,73814439.06525698,0.931472826807634,68756144.21533477
2022-06-30,Varejo_Estavel,105,73814439.06525698,0.922576311659721,68099452.94005601
2022-06-30,Varejo_Estavel,126,73814439.06525698,0.8914660210751709,65803064.2914003
2022-06-30,Varejo_Estavel,147,73814439.06525698,0.8605138461568287,63518346.861953154
2022-06-30,Varejo_Estavel,168,73814439.06525698,0.8707213964099606,64271811.458118506
2022-06-30,Varejo_Estavel,189,73814439.06525698,0.8610435865693743,63557449.35335541
2022-06-30,Varejo_Estavel,210,73814439.06525698,0.8311202423346191,61348674.48371036
2022-06-30,Varejo_Estavel,231,73814439.06525698,0.8218206077162271,60662227.17084191
2022-06-30,Varejo_Estavel,252,73814439.06525698,0.796386181676103,58784799.27974338
2022-06-30,Varejo_Estavel,273,73814439.06525698,0.7773240901903732,57377741.68931363
2022-06-30,Varejo_Estavel,294,73814439.06525698,0.7854497626271147,57977533.642259724
2022-06-30,Varejo_Estavel,315,73814439.06525698,0.763703054604073,56372312.58802297
2022-06-30,Varejo_Estavel,336,73814439.06525698,0.7511143808477486,55443086.69612437
2022-06-30,Varejo_Estavel,357,73814439.06525698,0.7496839265403222,55337498.513813205
2022-06-30,Varejo_Estavel,378,73814439.06525698,0.7056761734109036,52089090.90204287
2022-06-30,Varejo_Estavel,399,73814439.06525698,0.6986283515616045,51568859.88560499
2022-06-30,Varejo_Estavel,420,73814439.06525698,0.6943044821355179,51249695.88932699
2022-06-30,Varejo_Estavel,441,73814439.06525698,0.6730280296667833,49679186.48504875
2022-06-30,Varejo_Estavel,462,73814439.06525698,0.6768175655082865,49958908.947506994
2022-06-30,Varejo_Estavel,483,73814439.06525698,0.6530167251564111,48202063.26765157
2022-06-30,Varejo_Estavel,504,73814439.06525698,0.6314220553147496,46608064.82648991
2022-06-30,Varejo_Estavel,525,73814439.06525698,0.6324059558664524,46680690.89380985
2022-06-30,Varejo_Estavel,546,73814439.06525698,0.6221583638293297,45924270.63582004
2022-06-30,Varejo_Estavel,567,73814439.06525698,0.6200375567700531,45767724.45237391
2022-06-30,Varejo_Estavel,588,73814439.06525698,0.6024517922309824,44469641.10738871
2022-06-30,Varejo_Estavel,609,73814439.06525698,0.5923824982010351,43726381.81678501
2022-06-30,Varejo_Estavel,630,73814439.06525698,0.5800051155533615,42812752.259550944
2022-06-30,Varejo_Estavel,651,73814439.06525698,0.563410442616929,41587825.78527677
2022-06-30,Varejo_Estavel,672,73814439.06525698,0.5467730604050277,40359746.749791
2022-06-30,Varejo_Estavel,693,73814439.06525698,0.5487199265525413,40503453.582404844
2022-06-30,Varejo_Estavel,714,73814439.06525698,0.5313267289361365,39219584.45679876
2022-06-30,Varejo_Estavel,735,73814439.06525698,0.5458532864454158,40291854.15089541
2022-06-30,Varejo_Estavel,756,73814439.06525698,0.5321103274043836,39277425.33818481
2022-06-30,Varejo_Estavel,777,73814439.06525698,0.5142012372007455,37955475.89063418
2022-06-30,Varejo_Estavel,798,73814439.06525698,0.5019229272711371,37049159.33051076
2022-06-30,Varejo_Estavel,819,73814439.06525698,0.4872679839860027,35967412.91238541
2022-06-30,Varejo_Estavel,840,73814439.06525698,0.4642971289536587,34271832.1333236
2022-06-30,Varejo_Estavel,861,73814439.06525698,0.468105616758636,34552953.52433488
2022-06-30,Varejo_Estavel,882,73814439.06525698,0.4633445528725885,34201518.26423243
2022-06-30,Varejo_Estavel,903,73814439.06525698,0.4564654029797098,33693737.67364376
2022-06-30,Varejo_Estavel,924,73814439.06525698,0.4510837954743595,33296497.33436696
2022-06-30,Varejo_Estavel,945,73814439.06525698,0.4483932251559391,33097894.39554712
2022-06-30,Varejo_Estavel,966,73814439.06525698,0.4210670473458386,31080827.908697084
2022-06-30,Varejo_Estavel,987,73814439.06525698,0.4133566617461141,30511690.12067658
2022-06-30,Varejo_Estavel,1008,73814439.06525698,0.4312869200993233,31835202.08331386
2022-06-30,Varejo_Estavel,1029,73814439.06525698,0.4155912947885675,30676638.30522197
2022-06-30,Varejo_Estavel,1050,73814439.06525698,0.3942503990624869,29101372.058051188
2022-06-30,Varejo_Estavel,1071,73814439.06525698,0.3903880102375854,28816271.99348917
2022-06-30,Varejo_Estavel,1092,73814439.06525698,0.3833091759428302,28293751.810785912
2022-06-30,Varejo_Estavel,1113,73814439.06525698,0.3779177275349416,27895785.07080834
2022-06-30,Varejo_Estavel,1134,73814439.06525698,0.3763356601294522,27779005.65270871
2022-06-30,Varejo_Estavel,1155,73814439.06525698,0.3943332086637449,29107484.602317262
2022-06-30,Varejo_Estavel,1176,73814439.06525698,0.359563134702304,26540951.09659601
2022-06-30,Varejo_Estavel,1197,73814439.06525698,0.3587306829621631,26479504.138348613
2022-06-30,Varejo_Estavel,1218,73814439.06525698,0.3241537249313884,23927225.37672404
2022-06-30,Varejo_Estavel,1239,73814439.06525698,0.3323009189553533,24528605.93355883
2022-06-30,Varejo_Estavel,1260,73814439.06525698,0.3467079870298757,25592055.582054675
2022-06-30,Varejo_Nao_Estavel,0,52011576.95678308,0.947330624981622,49272159.70474904
2022-06-30,Varejo_Nao_Estavel,21,52011576.95678308,0.963180614405992,50096542.64945886
2022-06-30,Varejo_Nao_Estavel,42,52011576.95678308,0.9352193429798356,48642232.82886783
2022-06-30,Varejo_Nao_Estavel,63,52011576.95678308,0.8472856465556947,44068662.61020923
2022-06-30,Varejo_Nao_Estavel,84,52011576.95678308,0.8503439919833072,44227731.97877792
2022-06-30,Varejo_Nao_Estavel,105,52011576.95678308,0.7614796958281864,39605759.80059549
2022-06-30,Varejo_Nao_Estavel,126,52011576.95678308,0.7703090917709403,40064990.607153945
2022-06-30,Varejo_Nao_Estavel,147,52011576.95678308,0.7248620191296905,37701216.69101307
2022-06-30,Varejo_Nao_Estavel,168,52011576.95678308,0.6642096273665662,34546590.14921237
2022-06-30,Varejo_Nao_Estavel,189,52011576.95678308,0.6666684524770135,34674477.520667665
2022-06-30,Varejo_Nao_Estavel,210,52011576.95678308,0.6454267727540253,33569664.26106413
2022-06-30,Varejo_Nao_Estavel,231,52011576.95678308,0.6076189094461197,31603217.669053465
2022-06-30,Varejo_Nao_Estavel,252,52011576.95678308,0.5831795469899902,30332087.88789177
2022-06-30,Varejo_Nao_Estavel,273,52011576.95678308,0.5453474297530216,28364379.81078314
2022-06-30,Varejo_Nao_Estavel,294,52011576.95678308,0.5032387379374713,26174240.34586918
2022-06-30,Varejo_Nao_Estavel,315,52011576.95678308,0.5102754191132235,26540229.23036216
2022-06-30,Varejo_Nao_Estavel,336,52011576.95678308,0.5004276607631799,26028031.78908707
2022-06-30,Varejo_Nao_Estavel,357,52011576.95678308,0.4714554750574084,24521142.722645123
2022-06-30,Varejo_Nao_Estavel,378,52011576.95678308,0.4134827528261908,21505890.018921938
2022-06-30,Varejo_Nao_Estavel,399,52011576.95678308,0.3995187350336736,20779599.43288054
2022-06-30,Varejo_Nao_Estavel,420,52011576.95678308,0.3887880374665186,20221478.930566497
2022-06-30,Varejo_Nao_Estavel,441,52011576.95678308,0.3619084971690197,18823431.651820183
2022-06-30,Varejo_Nao_Estavel,462,52011576.95678308,0.3644435747452192,18955285.0342661
2022-06-30,Varejo_Nao_Estavel,483,52011576.95678308,0.352291789355877,18323251.51332601
2022-06-30,Varejo_Nao_Estavel,504,52011576.95678308,0.3147991675983681,16373201.131473778
2022-06-30,Varejo_Nao_Estavel,525,52011576.95678308,0.3263801012488131,16975543.753265295
2022-06-30,Varejo_Nao_Estavel,546,52011576.95678308,0.3100296274204746,16125129.8254628
2022-06-30,Varejo_Nao_Estavel,567,52011576.95678308,0.2826396943366296,14700536.213031257
2022-06-30,Varejo_Nao_Estavel,588,52011576.95678308,0.2741592530207443,14259455.086902607
2022-06-30,Varejo_Nao_Estavel,609,52011576.95678308,0.2404270804089965,12504991.595187197
2022-06-30,Varejo_Nao_Estavel,630,52011576.95678308,0.2479897978993715,12898340.457940243
2022-06-30,Varejo_Nao_Estavel,651,52011576.95678308,0.2407498675321003,12521780.262481166
2022-06-30,Varejo_Nao_Estavel,672,52011576.95678308,0.2318786845240943,12060376.044762556
2022-06-30,Varejo_Nao_Estavel,693,52011576.95678308,0.2240780429909045,11654652.37734678
2022-06-30,Varejo_Nao_Estavel,714,52011576.95678308,0.2126037732209782,11057857.512185369
2022-06-30,Varejo_Nao_Estavel,735,52011576.95678308,0.1970848290311893,10250692.752170142
2022-06-30,Varejo_Nao_Estavel,756,52011576.95678308,0.1946982207277851,10126561.490731936
2022-06-30,Varejo_Nao_Estavel,777,52011576.95678308,0.1946990512106698,10126604.685456404
2022-06-30,Varejo_Nao_Estavel,798,52011576.95678308,0.1733251978272347,9014916.865340872
2022-06-30,Varejo_Nao_Estavel,819,52011576.95678308,0.1704472205017017,8865228.726194035
2022-06-30,Varejo_Nao_Estavel,840,52011576.95678308,0.1569187918838418,8161593.820031869
2022-06-30,Varejo_Nao_Estavel,861,52011576.95678308,0.1442445551630373,7502386.781459257
2022-06-30,Varejo_Nao_Estavel,882,52011576.95678308,0.151453998958075,7877361.322220461
2022-06-30,Varejo_Nao_Estavel,903,52011576.95678308,0.1319970619779228,6865375.347133999
2022-06-30,Varejo_Nao_Estavel,924,52011576.95678308,0.1370666496068181,7129052.594233444
2022-06-30,Varejo_Nao_Estavel,945,52011576.95678308,0.1268246996674092,6596352.626772354
2022-06-30,Varejo_Nao_Estavel,966,52011576.95678308,0.1171582446814839,6093585.059372623
2022-06-30,Varejo_Nao_Estavel,987,52011576.95678308,0.1114426557683726,5796308.266765001
2022-06-30,Varejo_Nao_Estavel,1008,52011576.95678308,0.1041014549655144,5414480.8362519415
2022-06-30,Varejo_Nao_Estavel,1029,52011576.95678308,0.0855005173239444,4447016.736639102
2022-06-30,Varejo_Nao_Estavel,1050,52011576.95678308,0.1051183349922845,5467370.370020113
2022-06-30,Varejo_Nao_Estavel,1071,52011576.95678308,0.0987878759747887,5138113.213659867
2022-06-30,Varejo_Nao_Estavel,1092,52011576.95678308,0.1018938030815465,5299657.380395158
2022-06-30,Varejo_Nao_Estavel,1113,52011576.95678308,0.0812023450245086,4223462.01731348
2022-06-30,Varejo_Nao_Estavel,1134,52011576.95678308,0.1063914258736367,5533585.834368539
2022-06-30,Varejo_Nao_Estavel,1155,52011576.95678308,0.0753336075983313,3918219.729032708
2022-06-30,Varejo_Nao_Estavel,1176,52011576.95678308,0.065801430274258,3422436.154575968
2022-06-30,Varejo_Nao_Estavel,1197,52011576.95678308,0.0609519488620449,3170206.978904157
2022-06-30,Varejo_Nao_Estavel,1218,52011576.95678308,0.0487964005981442,2537977.744924396
2022-06-30,Varejo_Nao_Estavel,1239,52011576.95678308,0.0848692749253936,4414184.824048493
2022-06-30,Varejo_Nao_Estavel,1260,52011576.95678308,0.0799451888833209,4158075.343929405
2022-06-30,Atacado,0,37102608.07009665,0.9892469343066906,36703641.28812579
2022-06-30,Atacado,21,37102608.07009665,0.933936582423,34651482.97996608
2022-06-30,Atacado,42,37102608.07009665,0.8278907099373012,30716904.535677757
2022-06-30,Atacado,63,37102608.07009665,0.7558247944555796,28043071.11834673
2022-06-30,Atacado,84,37102608.07009665,0.7096563909147345,26330102.93654869
2022-06-30,Atacado,105,37102608.07009665,0.639523622777971,23727994.327499397
2022-06-30,Atacado,126,37102608.07009665,0.60257485301033,22357098.60413837
2022-06-30,Atacado,147,37102608.07009665,0.5285600821239519,19610957.568543084
2022-06-30,Atacado,168,37102608.07009665,0.4746662441348796,17611355.62024125
2022-06-30,Atacado,189,37102608.07009665,0.4299956041798894,15953958.373750849
2022-06-30,Atacado,210,37102608.07009665,0.3767756962417992,13979360.987997262
2022-06-30,Atacado,231,37102608.07009665,0.3605701464368723,13378092.82502463
2022-06-30,Atacado,252,37102608.07009665,0.3456973270632051,12826272.436906114
2022-06-30,Atacado,273,37102608.07009665,0.3100023901641072,11501897.183052056
2022-06-30,Atacado,294,37102608.07009665,0.276473212931277,10257877.261269549
2022-06-30,Atacado,315,37102608.07009665,0.2400377304490204,8906025.83488551
2022-06-30,Atacado,336,37102608.07009665,0.2325761895975088,8629183.20907286
2022-06-30,Atacado,357,37102608.07009665,0.2218266367645558,8230346.7633830095
2022-06-30,Atacado,378,37102608.07009665,0.1964325124947732,7288158.523317933
2022-06-30,Atacado,399,37102608.07009665,0.1764719967425508,6547571.330486235
2022-06-30,Atacado,420,37102608.07009665,0.1495893527964368,5550155.128265611
2022-06-30,Atacado,441,37102608.07009665,0.1555856247244079,5772632.455490845
2022-06-30,Atacado,462,37102608.07009665,0.0948500289699817,3519183.450310544
2022-06-30,Atacado,483,37102608.07009665,0.1253996093061073,4652652.556227746
2022-06-30,Atacado,504,37102608.07009665,0.1410427706458378,5233054.640393055
2022-06-30,Atacado,525,37102608.07009665,0.0824231132023621,3058112.4650644506
2022-06-30,Atacado,546,37102608.07009665,0.0888013265957482,3294760.8167866957
2022-06-30,Atacado,567,37102608.07009665,0.08355189048642,3099993.0462332782
2022-06-30,Atacado,588,37102608.07009665,0.0707517522119154,2625074.532591293
2022-06-30,Atacado,609,37102608.07009665,0.0820399603476079,3043896.4948635683
2022-06-30,Atacado,630,37102608.07009665,0.0691617923663606,2566082.8755944795
2022-06-30,Atacado,651,37102608.07009665,0.0597454406836945,2216711.669662326
2022-06-30,Atacado,672,37102608.07009665,0.0624000002892299,2315202.754305216
2022-06-30,Atacado,693,37102608.07009665,0.048395096802859,1795584.3091908677
2022-06-30,Atacado,714,37102608.07009665,0.0821210872453416,3046906.514354123
2022-06-30,Atacado,735,37102608.07009665,0.0419190105882808,1555304.620543214
2022-06-30,Atacado,756,37102608.07009665,0.0389252575166237,1444228.5736668732
2022-06-30,Atacado,777,37102608.07009665,0.0128444174749788,476561.3874628396
2022-06-30,Atacado,798,37102608.07009665,0.0239187868759821,887449.3749717375
2022-06-30,Atacado,819,37102608.07009665,0.0415361159431604,1541098.2305931766
2022-06-30,Atacado,840,37102608.07009665,0.0093041457513522,345208.07323947607
2022-06-30,Atacado,861,37102608.07009665,0.0,0.0
2022-06-30,Atacado,882,37102608.07009665,0.0214648563109935,796402.1509877328
2022-06-30,Atacado,903,37102608.07009665,0.035675466823516,1323652.863270652
2022-06-30,Atacado,924,37102608.07009665,0.0180470442491874,669592.4096012939
2022-06-30,Atacado,945,37102608.07009665,0.0119651206827811,443937.1832046349
2022-06-30,Atacado,966,37102608.07009665,0.0,0.0
2022-06-30,Atacado,987,37102608.07009665,0.0187396791970266,695290.9726066242
2022-06-30,Atacado,1008,37102608.07009665,0.0200791003829318,744986.991908048
2022-06-30,Atacado,1029,37102608.07009665,0.0,0.0
2022-06-30,Atacado,1050,37102608.07009665,0.0237193823049556,880050.9453255533
2022-06-30,Atacado,1071,37102608.07009665,0.0184061346991754,682915.601828912
2022-06-30,Atacado,1092,37102608.07009665,0.0219962705091525,816119.0037049105
2022-06-30,Atacado,1113,37102608.07009665,0.0146725273486193,544389.0316135986
2022-06-30,Atacado,1134,37102608.07009665,0.0148409833979856,550639.1903902723
2022-06-30,Atacado,1155,37102608.07009665,0.0126311330236439,468647.9780575151
2022-06-30,Atacado,1176,37102608.07009665,0.0162437769021934,602686.4879801726
2022-06-30,Atacado,1197,37102608.07009665,0.0,0.0
2022-06-30,Atacado,1218,37102608.07009665,0.0,0.0
2022-06-30,Atacado,1239,37102608.07009665,0.0,0.0
2022-06-30,Atacado,1260,37102608.07009665,0.0024734402826411,91771.08539162247
2022-09-30,Varejo_Estavel,0,83105095.38646545,1.0,83105095.38646545
2022-09-30,Varejo_Estavel,21,83105095.38646545,0.9951942293047372,82705711.35443015
2022-09-30,Varejo_Estavel,42,83105095.38646545,0.9776915047111367,81251145.75755596
2022-09-30,Varejo_Estavel,63,83105095.38646545,0.935887143837442,77776990.35957733
2022-09-30,Varejo_Estavel,84,83105095.38646545,0.931984555354912,77452665.37148255
2022-09-30,Varejo_Estavel,105,83105095.38646545,0.9020273916716284,74963072.42607531
2022-09-30,Varejo_Estavel,126,83105095.38646545,0.8933302697477327,74240297.27900223
2022-09-30,Varejo_Estavel,147,83105095.38646545,0.8831411188812737,73393526.92433807
2022-09-30,Varejo_Estavel,168,83105095.38646545,0.8223624807788655,68342512.40737797
2022-09-30,Varejo_Estavel,189,83105095.38646545,0.8764809634629956,72840034.0730134
2022-09-30,Varejo_Estavel,210,83105095.38646545,0.8389082440043307,69717549.63847214
2022-09-30,Varejo_Estavel,231,83105095.38646545,0.809809287315589,67299278.06720762
2022-09-30,Varejo_Estavel,252,83105095.38646545,0.8252085134919905,68579032.22747523
2022-09-30,Varejo_Estavel,273,83105095.38646545,0.7833041896812496,65096569.40007827
2022-09-30,Varejo_Estavel,294,83105095.38646545,0.7747228870904849,64383419.42973264
2022-09-30,Varejo_Estavel,315,83105095.38646545,0.7532077147055278,62595398.97642455
2022-09-30,Varejo_Estavel,336,83105095.38646545,0.7650538597042461,63579873.98650493
2022-09-30,Varejo_Estavel,357,83105095.38646545,0.7303987282887163,60699855.98458683
2022-09-30,Varejo_Estavel,378,83105095.38646545,0.7201280906316005,59846313.6624124
2022-09-30,Varejo_Estavel,399,83105095.38646545,0.719698052615823,59810575.3120914
2022-09-30,Varejo_Estavel,420,83105095.38646545,0.6994309554390344,58126276.26800762
2022-09-30,Varejo_Estavel,441,83105095.38646545,0.6791476117383093,56440627.05500239
2022-09-30,Varejo_Estavel,462,83105095.38646545,0.6807446187533067,56573346.47531661
2022-09-30,Varejo_Estavel,483,83105095.38646545,0.6857273145603943,56987433.88564636
2022-09-30,Varejo_Estavel,504,83105095.38646545,0.6471413743903089,53780745.64723497
2022-09-30,Varejo_Estavel,525,83105095.38646545,0.6330178168186713,52607006.04804779
2022-09-30,Varejo_Estavel,546,83105095.38646545,0.6221618235830771,51704817.69468892
2022-09-30,Varejo_Estavel,567,83105095.38646545,0.6245465260252754,51902998.61861613
2022-09-30,Varejo_Estavel,588,83105095.38646545,0.5905437285728183,49077192.89292303
2022-09-30,Varejo_Estavel,609,83105095.38646545,0.5835089307881771,48492565.35200592
2022-09-30,Varejo_Estavel,630,83105095.38646545,0.5577122999557552,46348733.88602807
2022-09-30,Varejo_Estavel,651,83105095.38646545,0.5514626985207525,45829360.16264477
2022-09-30,Varejo_Estavel,672,83105095.38646545,0.5491540897539872,45637503.01087271
2022-09-30,Varejo_Estavel,693,83105095.38646545,0.5445826224039038,45257590.78068791
2022-09-30,Varejo_Estavel,714,83105095.38646545,0.5565532260359817,46252408.93736532
2022-09-30,Varejo_Estavel,735,83105095.38646545,0.5320073286592263,44212519.79452367
2022-09-30,Varejo_Estavel,756,83105095.38646545,0.5050591977448274,41972992.8043956
2022-09-30,Varejo_Estavel,777,83105095.38646545,0.4978714017881568,41375650.33579804
2022-09-30,Varejo_Estavel,798,83105095.38646545,0.5138783081983891,42705905.81986261
2022-09-30,Varejo_Estavel,819,83105095.38646545,0.5018428167813271,41705695.15762469
2022-09-30,Varejo_Estavel,840,83105095.38646545,0.4797684126525147,39871199.69690035
2022-09-30,Varejo_Estavel,861,83105095.38646545,0.4653893658520335,38676227.64097992
2022-09-30,Varejo_Estavel,882,83105095.38646545,0.4756269465001811,39527022.75727085
2022-09-30,Varejo_Estavel,903,83105095.38646545,0.4417919997656775,36715166.28150395
2022-09-30,Varejo_Estavel,924,83105095.38646545,0.4501537238468599,37410068.15886592
2022-09-30,Varejo_Estavel,945,83105095.38646545,0.4646091706721268,38611389.44613371
2022-09-30,Varejo_Estavel,966,83105095.38646545,0.4318371643931705,35887868.738315195
2022-09-30,Varejo_Estavel,987,83105095.38646545,0.4122462552814829,34259764.36788083
2022-09-30,Varejo_Estavel,1008,83105095.38646545,0.4188010643744638,34804502.40279307
2022-09-30,Varejo_Estavel,1029,83105095.38646545,0.4006994110900656,33300162.779940438
2022-09-30,Varejo_Estavel,1050,83105095.38646545,0.3822102602430457,31763620.13518409
2022-09-30,Varejo_Estavel,1071,83105095.38646545,0.4000869765874776,33249266.35218489
2022-09-30,Varejo_Estavel,1092,83105095.38646545,0.3979557561095257,33072151.07107511
2022-09-30,Varejo_Estavel,1113,83105095.38646545,0.3738079580026942,31065346.006033767
2022-09-30,Varejo_Estavel,1134,83105095.38646545,0.3661366349334335,30427819.970622472
2022-09-30,Varejo_Estavel,1155,83105095.38646545,0.3523745110170849,29284117.34983396
2022-09-30,Varejo_Estavel,1176,83105095.38646545,0.3554868287627414,29542766.81295973
2022-09-30,Varejo_Estavel,1197,83105095.38646545,0.3440310845619818,28590736.09843266
2022-09-30,Varejo_Estavel,1218,83105095.38646545,0.3322590531652311,27612420.306313224
2022-09-30,Varejo_Estavel,1239,83105095.38646545,0.3608257448334946,29986457.94228001
2022-09-30,Varejo_Estavel,1260,83105095.38646545,0.3375601207982706,28052966.03760708
2022-09-30,Varejo_Nao_Estavel,0,52861975.54014677,1.0,52861975.54014677
2022-09-30,Varejo_Nao_Estavel,21,52861975.54014677,0.9643447705793152,50977169.67463221
2022-09-30,Varejo_Nao_Estavel,42,52861975.54014677,0.90724405081073,47958712.82290048
2022-09-30,Varejo_Nao_Estavel,63,52861975.54014677,0.8745071690647899,46228176.58078592
2022-09-30,Varejo_Nao_Estavel,84,52861975.54014677,0.8288829740644331,43816391.50063817
2022-09-30,Varejo_Nao_Estavel,105,52861975.54014677,0.8000047268930175,42289830.30502049
2022-09-30,Varejo_Nao_Estavel,126,52861975.54014677,0.7631533950617974,40341796.103136696
2022-09-30,Varejo_Nao_Estavel,147,52861975.54014677,0.720373879511467,38080386.39849581
2022-09-30,Varejo_Nao_Estavel,168,52861975.54014677,0.6764576972744399,35758890.24726545
2022-09-30,Varejo_Nao_Estavel,189,52861975.54014677,0.6630696432337221,35051171.26203486
2022-09-30,Varejo_Nao_Estavel,210,52861975.54014677,0.6291654619105129,33258929.25821868
2022-09-30,Varejo_Nao_Estavel,231,52861975.54014677,0.5805677984277557,30689960.759884883
2022-09-30,Varejo_Nao_Estavel,252,52861975.54014677,0.5822535565719394,30779073.265669327
2022-09-30,Varejo_Nao_Estavel,273,52861975.54014677,0.5618716484480037,29701645.33696032
2022-09-30,Varejo_Nao_Estavel,294,52861975.54014677,0.555915692702631,29386801.750030227
2022-09-30,Varejo_Nao_Estavel,315,52861975.54014677,0.4972786808053308,26287133.46136785
2022-09-30,Varejo_Nao_Estavel,336,52861975.54014677,0.4729660709712355,25001920.87500077
2022-09-30,Varejo_Nao_Estavel,357,52861975.54014677,0.444587452441408,23501771.036413874
2022-09-30,Varejo_Nao_Estavel,378,52861975.54014677,0.439840965659251,23250862.368233863
2022-09-30,Varejo_Nao_Estavel,399,52861975.54014677,0.420125286086905,22208652.59692313
2022-09-30,Varejo_Nao_Estavel,420,52861975.54014677,0.3892040943506457,20574097.31568881
2022-09-30,Varejo_Nao_Estavel,441,52861975.54014677,0.3789250440003354,20030726.40749477
2022-09-30,Varejo_Nao_Estavel,462,52861975.54014677,0.3401693077078745,17982021.62356232
2022-09-30,Varejo_Nao_Estavel,483,52861975.54014677,0.3586873206677097,18960920.37169725
2022-09-30,Varejo_Nao_Estavel,504,52861975.54014677,0.3227140558812105,17059302.528454106
2022-09-30,Varejo_Nao_Estavel,525,52861975.54014677,0.316638683520551,16738146.34332764
2022-09-30,Varejo_Nao_Estavel,546,52861975.54014677,0.285696059036661,15102458.084712304
2022-09-30,Varejo_Nao_Estavel,567,52861975.54014677,0.2822293606412152,14919201.558927178
2022-09-30,Varejo_Nao_Estavel,588,52861975.54014677,0.2728744230103418,14424681.07470435
2022-09-30,Varejo_Nao_Estavel,609,52861975.54014677,0.2636892043533029,13939132.270725064
2022-09-30,Varejo_Nao_Estavel,630,52861975.54014677,0.2577337339610865,13624314.340521649
2022-09-30,Varejo_Nao_Estavel,651,52861975.54014677,0.257930148844371,13634697.219277555
2022-09-30,Varejo_Nao_Estavel,672,52861975.54014677,0.2386462446945882,12615311.949793208
2022-09-30,Varejo_Nao_Estavel,693,52861975.54014677,0.2310774945644174,12215212.86554263
2022-09-30,Varejo_Nao_Estavel,714,52861975.54014677,0.227026121621529,12001049.288131656
2022-09-30,Varejo_Nao_Estavel,735,52861975.54014677,0.2070934479766498,10947368.781466318
2022-09-30,Varejo_Nao_Estavel,756,52861975.54014677,0.1908233950697054,10087301.642662533
2022-09-30,Varejo_Nao_Estavel,777,52861975.54014677,0.1947840101660075,10296667.581007188
2022-09-30,Varejo_Nao_Estavel,798,52861975.54014677,0.1873472861384904,9903547.657365756
2022-09-30,Varejo_Nao_Estavel,819,52861975.54014677,0.174418871867314,9220126.138389949
2022-09-30,Varejo_Nao_Estavel,840,52861975.54014677,0.141697313471378,7490399.918828495
2022-09-30,Varejo_Nao_Estavel,861,52861975.54014677,0.1419081403236564,7501544.64273684
2022-09-30,Varejo_Nao_Estavel,882,52861975.54014677,0.1418811937066979,7500120.191330292
2022-09-30,Varejo_Nao_Estavel,903,52861975.54014677,0.148015225556796,7824377.232952661
2022-09-30,Varejo_Nao_Estavel,924,52861975.54014677,0.1321767297660651,6987123.055870326
2022-09-30,Varejo_Nao_Estavel,945,52861975.54014677,0.1401280588106954,7407446.01733923
2022-09-30,Varejo_Nao_Estavel,966,52861975.54014677,0.136588300344657,7220327.39188948
2022-09-30,Varejo_Nao_Estavel,987,52861975.54014677,0.129770415378259,6859920.523560217
2022-09-30,Varejo_Nao_Estavel,1008,52861975.54014677,0.1246653936482661,6590058.989737412
2022-09-30,Varejo_Nao_Estavel,1029,52861975.54014677,0.092806204533108,4905919.314003013
2022-09-30,Varejo_Nao_Estavel,1050,52861975.54014677,0.1063152198438135,5620032.550929001
2022-09-30,Varejo_Nao_Estavel,1071,52861975.54014677,0.0887189655799839,4689859.788436232
2022-09-30,Varejo_Nao_Estavel,1092,52861975.54014677,0.0719089640758542,3801249.900095098
2022-09-30,Varejo_Nao_Estavel,1113,52861975.54014677,0.0841301742675201,4447287.214317933
2022-09-30,Varejo_Nao_Estavel,1134,52861975.54014677,0.0995436659554437,5262074.834913207
2022-09-30,Varejo_Nao_Estavel,1155,52861975.54014677,0.0854193430939485,4515435.22528771
2022-09-30,Varejo_Nao_Estavel,1176,52861975.54014677,0.100516458439865,5313498.567430328
2022-09-30,Varejo_Nao_Estavel,1197,52861975.54014677,0.0750029296433742,3964803.032247399
2022-09-30,Varejo_Nao_Estavel,1218,52861975.54014677,0.0989771024800151,5232125.170333158
2022-09-30,Varejo_Nao_Estavel,1239,52861975.54014677,0.0686079949228807,3626754.149471836
2022-09-30,Varejo_Nao_Estavel,1260,52861975.54014677,0.0637621437479418,3370592.883191022
2022-09-30,Atacado,0,30522134.69227476,1.0,30522134.69227476
2022-09-30,Atacado,21,30522134.69227476,0.9061758686970048,27658421.919259068
2022-09-30,Atacado,42,30522134.69227476,0.8243467682026564,25160823.09222288
2022-09-30,Atacado,63,30522134.69227476,0.7744278711954502,23637191.79407914
2022-09-30,Atacado,84,30522134.69227476,0.7063079539750531,21558026.50545157
2022-09-30,Atacado,105,30522134.69227476,0.6452013121707287,19692921.353707395
2022-09-30,Atacado,126,30522134.69227476,0.5718153217366151,17453024.269151393
2022-09-30,Atacado,147,30522134.69227476,0.5249637046164606,16023012.900859153
2022-09-30,Atacado,168,30522134.69227476,0.4787123609574741,14611323.160000876
2022-09-30,Atacado,189,30522134.69227476,0.4467274809494757,13635076.344280506
2022-09-30,Atacado,210,30522134.69227476,0.4175824263900174,12745507.063403023
2022-09-30,Atacado,231,30522134.69227476,0.3683310543729277,11242250.052918077
2022-09-30,Atacado,252,30522134.69227476,0.3556609000215648,10855529.895233868
2022-09-30,Atacado,273,30522134.69227476,0.3135827131086312,9571213.806670597
2022-09-30,Atacado,294,30522134.69227476,0.2734119241231791,8345115.57456168
2022-09-30,Atacado,315,30522134.69227476,0.261921480648364,7994402.711149406
2022-09-30,Atacado,336,30522134.69227476,0.2503249967258613,7640453.266909976
2022-09-30,Atacado,357,30522134.69227476,0.2336523401023074,7131568.195767819
2022-09-30,Atacado,378,30522134.69227476,0.2055065775523223,6272499.440200391
2022-09-30,Atacado,399,30522134.69227476,0.1747792681508465,5334636.363917345
2022-09-30,Atacado,420,30522134.69227476,0.1565525255871402,4778317.272386485
2022-09-30,Atacado,441,30522134.69227476,0.1520922769978004,4642180.964181627
2022-09-30,Atacado,462,30522134.69227476,0.1525205807381644,4655253.708634222
2022-09-30,Atacado,483,30522134.69227476,0.126010690266299,3846115.2609744966
2022-09-30,Atacado,504,30522134.69227476,0.1156532893369284,3529985.2747463533
2022-09-30,Atacado,525,30522134.69227476,0.1011403681021493,3087019.938040053
2022-09-30,Atacado,546,30522134.69227476,0.08776306730059,2678716.161155784
2022-09-30,Atacado,567,30522134.69227476,0.0817012082881897,2493695.283893721
2022-09-30,Atacado,588,30522134.69227476,0.0779278578035407,2378524.5721601057
2022-09-30,Atacado,609,30522134.69227476,0.090220669391778,2753727.4232030413
2022-09-30,Atacado,630,30522134.69227476,0.0606158148517273,1850124.065386411
2022-09-30,Atacado,651,30522134.69227476,0.0585491811240632,1787045.9923910506
2022-09-30,Atacado,672,30522134.69227476,0.0424481976303204,1295609.6055169392
2022-09-30,Atacado,693,30522134.69227476,0.056793661091676,1733463.77350754
2022-09-30,Atacado,714,30522134.69227476,0.0603628635240788,1842403.4508933332
2022-09-30,Atacado,735,30522134.69227476,0.0595968215358809,1819022.21414962
2022-09-30,Atacado,756,30522134.69227476,0.0390222466310957,1191042.2676694705
2022-09-30,Atacado,777,30522134.69227476,0.0402622854692089,1228890.9001100126
2022-09-30,Atacado,798,30522134.69227476,0.0285975869375827,872859.4003829393
2022-09-30,Atacado,819,30522134.69227476,0.034103807917897,1040921.0187895204
2022-09-30,Atacado,840,30522134.69227476,0.0290972097856612,888108.956247328
2022-09-30,Atacado,861,30522134.69227476,0.0238048939759587,726576.1802695326
2022-09-30,Atacado,882,30522134.69227476,0.0227301149640681,693771.6305041786
2022-09-30,Atacado,903,30522134.69227476,0.0246496001345401,752358.4154171471
2022-09-30,Atacado,924,30522134.69227476,0.0140086402866871,427573.6056858926
2022-09-30,Atacado,945,30522134.69227476,0.0130886544093608,399493.6728231475
2022-09-30,Atacado,966,30522134.69227476,0.0350823035230926,1070786.7934471006
2022-09-30,Atacado,987,30522134.69227476,0.0458391909507569,1399109.960383906
2022-09-30,Atacado,1008,30522134.69227476,0.0,0.0
2022-09-30,Atacado,1029,30522134.69227476,0.0,0.0
2022-09-30,Atacado,1050,30522134.69227476,0.0,0.0
2022-09-30,Atacado,1071,30522134.69227476,0.0079783274080074,243515.5837662709
2022-09-30,Atacado,1092,30522134.69227476,0.0191578453310314,584738.3356075087
2022-09-30,Atacado,1113,30522134.69227476,0.0147652615511985,450667.3018323471
2022-09-30,Atacado,1134,30522134.69227476,0.0090611645336154,276566.08436387323
2022-09-30,Atacado,1155,30522134.69227476,0.0127297088027178,388537.8866699895
2022-09-30,Atacado,1176,30522134.69227476,0.0,0.0
2022-09-30,Atacado,1197,30522134.69227476,0.0023814625867804,72687.32183832549
2022-09-30,Atacado,1218,30522134.69227476,0.0046035083771439,140508.90274420253
2022-09-30,Atacado,1239,30522134.69227476,0.0,0.0
2022-09-30,Atacado,1260,30522134.69227476,0.0,0.0
2022-12-31,Varejo_Estavel,0,71027471.50977872,1.0,71027471.50977872
2022-12-31,Varejo_Estavel,21,71027471.50977872,0.984733218950134,69943110.65371333
2022-12-31,Varejo_Estavel,42,71027471.50977872,0.97124229552906,68984884.47478239
2022-12-31,Varejo_Estavel,63,71027471.50977872,0.924279905259338,65649264.637868606
2022-12-31,Varejo_Estavel,84,71027471.50977872,0.9113188418016872,64728673.07239387
2022-12-31,Varejo_Estavel,105,71027471.50977872,0.9201599555273684,65356635.02565942
2022-12-31,Varejo_Estavel,126,71027471.50977872,0.8622451985079829,61243096.27146925
2022-12-31,Varejo_Estavel,147,71027471.50977872,0.8939751747438894,63496796.254571065
2022-12-31,Varejo_Estavel,168,71027471.50977872,0.8413872199742524,59761606.79541314
2022-12-31,Varejo_Estavel,189,71027471.50977872,0.8576661736904191,60917859.71669717
2022-12-31,Varejo_Estavel,210,71027471.50977872,0.8214483243784775,58345397.45654778
2022-12-31,Varejo_Estavel,231,71027471.50977872,0.8295445712026088,58920453.39718491
2022-12-31,Varejo_Estavel,252,71027471.50977872,0.8405780073962258,59704130.472082
2022-12-31,Varejo_Estavel,273,71027471.50977872,0.7601952321656303,53994745.19451393
2022-12-31,Varejo_Estavel,294,71027471.50977872,0.7814771802348759,55506348.15467486
2022-12-31,Varejo_Estavel,315,71027471.50977872,0.7373551518671745,52372472.0418343
2022-12-31,Varejo_Estavel,336,71027471.50977872,0.7503511847215361,53295547.395137616
2022-12-31,Varejo_Estavel,357,71027471.50977872,0.7291772788017641,51791618.39567027
2022-12-31,Varejo_Estavel,378,71027471.50977872,0.7198916692922686,51132085.03078365
2022-12-31,Varejo_Estavel,399,71027471.50977872,0.6943124314635788,49315256.44466454
2022-12-31,Varejo_Estavel,420,71027471.50977872,0.7017757752634596,49845358.88377825
2022-12-31,Varejo_Estavel,441,71027471.50977872,0.6624194944642736,47049981.77058322
2022-12-31,Varejo_Estavel,462,71027471.50977872,0.682319574239802,48463434.11988189
2022-12-31,Varejo_Estavel,483,71027471.50977872,0.6503545121279367,46193036.58142307
2022-12-31,Varejo_Estavel,504,71027471.50977872,0.6265001608758788,44498722.32748327
2022-12-31,Varejo_Estavel,525,71027471.50977872,0.650755937644289,46221548.82084908
2022-12-31,Varejo_Estavel,546,71027471.50977872,0.6193061867459383,43987752.53492683
2022-12-31,Varejo_Estavel,567,71027471.50977872,0.6317130036606015,44868977.36986011
2022-12-31,Varejo_Estavel,588,71027471.50977872,0.6123903749449735,43496539.909266815
2022-12-31,Varejo_Estavel,609,71027471.50977872,0.5772709930472798,41002099.01208734
2022-12-31,Varejo_Estavel,630,71027471.50977872,0.5751417377340339,40850863.39098872
2022-12-31,Varejo_Estavel,651,71027471.50977872,0.5671215681483951,40281211.024241164
2022-12-31,Varejo_Estavel,672,71027471.50977872,0.5736833281862002,40747276.24838037
2022-12-31,Varejo_Estavel,693,71027471.50977872,0.5505040788930342,39100912.77959196
2022-12-31,Varejo_Estavel,714,71027471.50977872,0.5374397375798977,38172985.64917914
2022-12-31,Varejo_Estavel,735,71027471.50977872,0.5231768599549439,37159929.51502527
2022-12-31,Varejo_Estavel,756,71027471.50977872,0.5153974554368492,36607378.082253255
2022-12-31,Varejo_Estavel,777,71027471.50977872,0.5222622726406662,37094968.6906172
2022-12-31,Varejo_Estavel,798,71027471.50977872,0.4974257882091909,35330896.00025754
2022-12-31,Varejo_Estavel,819,71027471.50977872,0.4835835253421987,34347715.068841375
2022-12-31,Varejo_Estavel,840,71027471.50977872,0.4726565277424601,33571598.05813852
2022-12-31,Varejo_Estavel,861,71027471.50977872,0.4640545015924656,32960617.890843414
2022-12-31,Varejo_Estavel,882,71027471.50977872,0.4453026005192123,31628717.771608725
2022-12-31,Varejo_Estavel,903,71027471.50977872,0.4447074215864561,31586443.716919165
2022-12-31,Varejo_Estavel,924,71027471.50977872,0.4634304023779735,32916289.7016668
2022-12-31,Varejo_Estavel,945,71027471.50977872,0.4348580716545969,30886869.2952442
2022-12-31,Varejo_Estavel,966,71027471.50977872,0.4378258362288262,31097662.108988
2022-12-31,Varejo_Estavel,987,71027471.50977872,0.3918084908178121,27829166.41885155
2022-12-31,Varejo_Estavel,1008,71027471.50977872,0.4206963756499959,29880999.835747257
2022-12-31,Varejo_Estavel,1029,71027471.50977872,0.4044032832658204,28723742.680624034
2022-12-31,Varejo_Estavel,1050,71027471.50977872,0.3931623700934006,27925329.04052609
2022-12-31,Varejo_Estavel,1071,71027471.50977872,0.3938460637540659,27973890.07253041
2022-12-31,Varejo_Estavel,1092,71027471.50977872,0.3785918402571847,26890421.14770189
2022-12-31,Varejo_Estavel,1113,71027471.50977872,0.3520523390289047,25005387.48032649
2022-12-31,Varejo_Estavel,1134,71027471.50977872,0.3817304383166521,27113347.83195135
2022-12-31,Varejo_Estavel,1155,71027471.50977872,0.3668295064467252,26054972.318090968
2022-12-31,Varejo_Estavel,1176,71027471.50977872,0.353518746511378,25109542.696009587
2022-12-31,Varejo_Estavel,1197,71027471.50977872,0.3391852806921909,24091472.860900886
2022-12-31,Varejo_Estavel,1218,71027471.50977872,0.3267531552123845,23208450.422577947
2022-12-31,Varejo_Estavel,1239,71027471.50977872,0.340806431353516,24206619.093311217
2022-12-31,Varejo_Estavel,1260,71027471.50977872,0.3513234985199808,24953619.78184373
2022-12-31,Varejo_Nao_Estavel,0,51015832.3837052,0.983406860726886,50169319.571828544
2022-12-31,Varejo_Nao_Estavel,21,51015832.3837052,0.9577937367026584,48862644.729785495
2022-12-31,Varejo_Nao_Estavel,42,51015832.3837052,0.9115612546973296,46504056.17711898
2022-12-31,Varejo_Nao_Estavel,63,51015832.3837052,0.881605061102023,44975816.025806986
2022-12-31,Varejo_Nao_Estavel,84,51015832.3837052,0.8393921380045017,42822288.6166376
2022-12-31,Varejo_Nao_Estavel,105,51015832.3837052,0.7589132929863786,38716593.34875884
2022-12-31,Varejo_Nao_Estavel,126,51015832.3837052,0.7655960108834409,39057517.76486296
2022-12-31,Varejo_Nao_Estavel,147,51015832.3837052,0.7129240497277884,36370413.82322516
2022-12-31,Varejo_Nao_Estavel,168,51015832.3837052,0.6753485370521172,34453467.76683133
2022-12-31,Varejo_Nao_Estavel,189,51015832.3837052,0.6590531176256532,33622143.380748674
2022-12-31,Varejo_Nao_Estavel,210,51015832.3837052,0.6365483490725606,32474043.88041002
2022-12-31,Varejo_Nao_Estavel,231,51015832.3837052,0.583563450076819,29770975.154375717
2022-12-31,Varejo_Nao_Estavel,252,51015832.3837052,0.5846165323499655,29824699.023108806
2022-12-31,Varejo_Nao_Estavel,273,51015832.3837052,0.5594476092714696,28540685.46205789
2022-12-31,Varejo_Nao_Estavel,294,51015832.3837052,0.5261391293557176,26841425.63371988
2022-12-31,Varejo_Nao_Estavel,315,51015832.3837052,0.4915615672824541,25077422.522753105
2022-12-31,Varejo_Nao_Estavel,336,51015832.3837052,0.4676780776795528,23858986.420433525
2022-12-31,Varejo_Nao_Estavel,357,51015832.3837052,0.4702116903856416,23988240.78157258
2022-12-31,Varejo_Nao_Estavel,378,51015832.3837052,0.4192025905434561,21385969.09397996
2022-12-31,Varejo_Nao_Estavel,399,51015832.3837052,0.4304711134500349,21960842.169793926
2022-12-31,Varejo_Nao_Estavel,420,51015832.3837052,0.3969572604585215,20251105.06304674
2022-12-31,Varejo_Nao_Estavel,441,51015832.3837052,0.3798741885886671,19379597.931935463
2022-12-31,Varejo_Nao_Estavel,462,51015832.3837052,0.3434162432455869,17519665.503258593
2022-12-31,Varejo_Nao_Estavel,483,51015832.3837052,0.3458102001321677,17641795.206518218
2022-12-31,Varejo_Nao_Estavel,504,51015832.3837052,0.339325233189413,17310959.219952777
2022-12-31,Varejo_Nao_Estavel,525,51015832.3837052,0.301017638683283,15356665.3996051
2022-12-31,Varejo_Nao_Estavel,546,51015832.3837052,0.3088000104992566,15753689.57571648
2022-12-31,Varejo_Nao_Estavel,567,51015832.3837052,0.2902857508789023,14809169.210216084
2022-12-31,Varejo_Nao_Estavel,588,51015832.3837052,0.2685044494865645,13697977.989285612
2022-12-31,Varejo_Nao_Estavel,609,51015832.3837052,0.2740807715547286,13982458.70123263
2022-12-31,Varejo_Nao_Estavel,630,51015832.3837052,0.2255498625470737,11506613.98186926
2022-12-31,Varejo_Nao_Estavel,651,51015832.3837052,0.2448214168274608,12489768.364810966
2022-12-31,Varejo_Nao_Estavel,672,51015832.3837052,0.2492869352782355,12717580.50560203
2022-12-31,Varejo_Nao_Estavel,693,51015832.3837052,0.2368108377158704,12081102.003557658
2022-12-31,Varejo_Nao_Estavel,714,51015832.3837052,0.2143505529486736,10935271.88058406
2022-12-31,Varejo_Nao_Estavel,735,51015832.3837052,0.1966367840848072,10031589.217341358
2022-12-31,Varejo_Nao_Estavel,756,51015832.3837052,0.1836342507385618,9368254.155585762
2022-12-31,Varejo_Nao_Estavel,777,51015832.3837052,0.1790395577640791,9133852.068944966
2022-12-31,Varejo_Nao_Estavel,798,51015832.3837052,0.1809968616819653,9233705.55754382
2022-12-31,Varejo_Nao_Estavel,819,51015832.3837052,0.1569491561462086,8006891.842718954
2022-12-31,Varejo_Nao_Estavel,840,51015832.3837052,0.1682419304524158,8583002.123871434
2022-12-31,Varejo_Nao_Estavel,861,51015832.3837052,0.177603588376832,9060594.895377036
2022-12-31,Varejo_Nao_Estavel,882,51015832.3837052,0.144436844133535,7368565.830347775
2022-12-31,Varejo_Nao_Estavel,903,51015832.3837052,0.1225270356685656,6250818.714139812
2022-12-31,Varejo_Nao_Estavel,924,51015832.3837052,0.1162959498391149,5932934.683896075
2022-12-31,Varejo_Nao_Estavel,945,51015832.3837052,0.1358044218298275,6928175.621036477
2022-12-31,Varejo_Nao_Estavel,966,51015832.3837052,0.1200885066522003,6126415.126578119
2022-12-31,Varejo_Nao_Estavel,987,51015832.3837052,0.1259023405069012,6423012.700016252
2022-12-31,Varejo_Nao_Estavel,1008,51015832.3837052,0.1037952958845904,5295203.417065354
2022-12-31,Varejo_Nao_Estavel,1029,51015832.3837052,0.1152176139594906,5877922.481407825
2022-12-31,Varejo_Nao_Estavel,1050,51015832.3837052,0.0986240037689475,5031385.64528654
2022-12-31,Varejo_Nao_Estavel,1071,51015832.3837052,0.0872192654075615,4449563.424662055
2022-12-31,Varejo_Nao_Estavel,1092,51015832.3837052,0.0868857783065359,4432550.302614009
2022-12-31,Varejo_Nao_Estavel,1113,51015832.3837052,0.0732151755871113,3735133.125695615
2022-12-31,Varejo_Nao_Estavel,1134,51015832.3837052,0.107519137070896,5485178.274849457
2022-12-31,Varejo_Nao_Estavel,1155,51015832.3837052,0.078733857209825,4016673.262339016
2022-12-31,Varejo_Nao_Estavel,1176,51015832.3837052,0.0840369150447807,4287213.171968208
2022-12-31,Varejo_Nao_Estavel,1197,51015832.3837052,0.0664337383057073,3389172.4580269004
2022-12-31,Varejo_Nao_Estavel,1218,51015832.3837052,0.0569803355731423,2906899.248766704
2022-12-31,Varejo_Nao_Estavel,1239,51015832.3837052,0.0636711740856609,3248237.944827791
2022-12-31,Varejo_Nao_Estavel,1260,51015832.3837052,0.0767066905946473,3913255.670085265
2022-12-31,Atacado,0,33177438.730106007,0.989553616327247,32830854.475852065
2022-12-31,Atacado,21,33177438.730106007,0.9140669411767202,30326399.936106045
2022-12-31,Atacado,42,33177438.730106007,0.838099611084174,27805998.496470854
2022-12-31,Atacado,63,33177438.730106007,0.7787672824565376,25837503.79871293
2022-12-31,Atacado,84,33177438.730106007,0.6966542876899715,23113204.945899677
2022-12-31,Atacado,105,33177438.730106007,0.6393446079065753,21211816.556244053
2022-12-31,Atacado,126,33177438.730106007,0.5847929181883187,19401931.21299284
2022-12-31,Atacado,147,33177438.730106007,0.511739230416932,16978196.96294936
2022-12-31,Atacado,168,33177438.730106007,0.4678706288841898,15522749.123421373
2022-12-31,Atacado,189,33177438.730106007,0.4243305073061391,14078199.40746423
2022-12-31,Atacado,210,33177438.730106007,0.3829539012997869,12705429.596828746
2022-12-31,Atacado,231,33177438.730106007,0.3734588142089916,12390406.926636863
2022-12-31,Atacado,252,33177438.730106007,0.3354428080972416,11129133.21310094
2022-12-31,Atacado,273,33177438.730106007,0.3037703328493318,10078321.606132615
2022-12-31,Atacado,294,33177438.730106007,0.2451169186677249,8132351.550810821
2022-12-31,Atacado,315,33177438.730106007,0.2766426660782398,9178295.103943976
2022-12-31,Atacado,336,33177438.730106007,0.2191224493315133,7269921.6370870415
2022-12-31,Atacado,357,33177438.730106007,0.2342946253734789,7773295.578121737
2022-12-31,Atacado,378,33177438.730106007,0.1738729836493175,5768660.2618459575
2022-12-31,Atacado,399,33177438.730106007,0.164722360804272,5465066.033062152
2022-12-31,Atacado,420,33177438.730106007,0.1327186520456957,4403264.946588328
2022-12-31,Atacado,441,33177438.730106007,0.1495249426663761,4960854.623936307
2022-12-31,Atacado,462,33177438.730106007,0.1192178049451771,3955341.4191063424
2022-12-31,Atacado,483,33177438.730106007,0.1079294589505454,3580823.0115052112
2022-12-31,Atacado,504,33177438.730106007,0.0937287362684099,3109679.404795435
2022-12-31,Atacado,525,33177438.730106007,0.1098518546031986,3644603.175486136
2022-12-31,Atacado,546,33177438.730106007,0.1002353238709751,3325551.316321611
2022-12-31,Atacado,567,33177438.730106007,0.1053912290608621,3496611.044857322
2022-12-31,Atacado,588,33177438.730106007,0.0680742665277187,2258529.806820294
2022-12-31,Atacado,609,33177438.730106007,0.0722293018894618,2396383.2379559497
2022-12-31,Atacado,630,33177438.730106007,0.0480203578252735,1593192.47954578
2022-12-31,Atacado,651,33177438.730106007,0.0538973679403029,1788176.6225533793
2022-12-31,Atacado,672,33177438.730106007,0.0466065857958244,1546287.1446603942
2022-12-31,Atacado,693,33177438.730106007,0.0537674877839432,1783867.5316234992
2022-12-31,Atacado,714,33177438.730106007,0.0561669750564777,1863476.3735916829
2022-12-31,Atacado,735,33177438.730106007,0.0519956476743779,1725082.4149488518
2022-12-31,Atacado,756,33177438.730106007,0.0264681250681359,878144.5977488627
2022-12-31,Atacado,777,33177438.730106007,0.0453516489253341,1504651.5535295508
2022-12-31,Atacado,798,33177438.730106007,0.0299111691583296,992375.9820963194
2022-12-31,Atacado,819,33177438.730106007,0.0238724210107986,792025.7854250659
2022-12-31,Atacado,840,33177438.730106007,0.0168274901138436,558293.0222335126
2022-12-31,Atacado,861,33177438.730106007,0.0163864917966022,543661.8275831563
2022-12-31,Atacado,882,33177438.730106007,0.0419848368110974,1392949.3508936835
2022-12-31,Atacado,903,33177438.730106007,0.0229154619317446,760276.3342125332
2022-12-31,Atacado,924,33177438.730106007,0.0196338116748484,651399.583880723
2022-12-31,Atacado,945,33177438.730106007,0.0128516536118538,426384.9502878276
2022-12-31,Atacado,966,33177438.730106007,0.0439457026962903,1458005.8586576288
2022-12-31,Atacado,987,33177438.730106007,0.0289727555907574,961241.8234546916
2022-12-31,Atacado,1008,33177438.730106007,0.0034910536987498,115824.22019378144
2022-12-31,Atacado,1029,33177438.730106007,0.0077942095009489,258591.9081673432
2022-12-31,Atacado,1050,33177438.730106007,0.007534058400138,249960.76095962067
2022-12-31,Atacado,1071,33177438.730106007,0.0109682521278613,363898.5129484734
2022-12-31,Atacado,1092,33177438.730106007,0.0,0.0
2022-12-31,Atacado,1113,33177438.730106007,0.0129360245269596,429184.1611543513
2022-12-31,Atacado,1134,33177438.730106007,0.0244218484767215,810254.3815123632
2022-12-31,Atacado,1155,33177438.730106007,0.0,0.0
2022-12-31,Atacado,1176,33177438.730106007,0.0,0.0
2022-12-31,Atacado,1197,33177438.730106007,0.0,0.0
2022-12-31,Atacado,1218,33177438.730106007,0.0,0.0
2022-12-31,Atacado,1239,33177438.730106007,0.028400880441267,942268.4707212036
2022-12-31,Atacado,1260,33177438.730106007,0.0160517929828898,532557.3781981725
2023-03-31,Varejo_Estavel,0,87554578.8169461,0.9968276116778392,87276821.69355552
2023-03-31,Varejo_Estavel,21,87554578.8169461,0.9770337784824448,85543780.96495987
2023-03-31,Varejo_Estavel,42,87554578.8169461,0.9439000526552472,82642771.55552343
2023-03-31,Varejo_Estavel,63,87554578.8169461,0.9519263678289318,83345512.20000744
2023-03-31,Varejo_Estavel,84,87554578.8169461,0.9300297928557208,81428366.80069426
2023-03-31,Varejo_Estavel,105,87554578.8169461,0.9215202819859262,80683320.16055118
2023-03-31,Varejo_Estavel,126,87554578.8169461,0.8858620349077145,77561277.35626775
2023-03-31,Varejo_Estavel,147,87554578.8169461,0.8693399368947798,76114692.02357295
2023-03-31,Varejo_Estavel,168,87554578.8169461,0.8560699954305808,74952847.88774948
2023-03-31,Varejo_Estavel,189,87554578.8169461,0.8480526314564464,74250890.96177198
2023-03-31,Varejo_Estavel,210,87554578.8169461,0.8033534445950575,70337272.48266311
2023-03-31,Varejo_Estavel,231,87554578.8169461,0.8137942749785303,71251414.98938724
2023-03-31,Varejo_Estavel,252,87554578.8169461,0.7889943837583846,69080070.9589013
2023-03-31,Varejo_Estavel,273,87554578.8169461,0.7611224560816637,66639756.070349626
2023-03-31,Varejo_Estavel,294,87554578.8169461,0.7336976540156182,64238589.07631889
2023-03-31,Varejo_Estavel,315,87554578.8169461,0.7422572256272376,64988018.76362772
2023-03-31,Varejo_Estavel,336,87554578.8169461,0.7467388557085908,65380405.99781396
2023-03-31,Varejo_Estavel,357,87554578.8169461,0.7352176561005124,64371672.21866269
2023-03-31,Varejo_Estavel,378,87554578.8169461,0.7054193034917505,61762690.00656369
2023-03-31,Varejo_Estavel,399,87554578.8169461,0.7110049809241382,62251741.64156372
2023-03-31,Varejo_Estavel,420,87554578.8169461,0.673519191663157,58969689.15119771
2023-03-31,Varejo_Estavel,441,87554578.8169461,0.6723099233083428,58863812.16971529
2023-03-31,Varejo_Estavel,462,87554578.8169461,0.6425484090191858,56258055.32117362
2023-03-31,Varejo_Estavel,483,87554578.8169461,0.6291329742401436,55083472.57944837
2023-03-31,Varejo_Estavel,504,87554578.8169461,0.6147701898922193,53825945.04522724
2023-03-31,Varejo_Estavel,525,87554578.8169461,0.5860084221536952,51307720.58484993
2023-03-31,Varejo_Estavel,546,87554578.8169461,0.6142519452633496,53780570.35502241
2023-03-31,Varejo_Estavel,567,87554578.8169461,0.5794122754933237,50730197.7421863
2023-03-31,Varejo_Estavel,588,87554578.8169461,0.5660280342421692,49558346.136657074
2023-03-31,Varejo_Estavel,609,87554578.8169461,0.5502430215556929,48176295.99927249
2023-03-31,Varejo_Estavel,630,87554578.8169461,0.5509273241380664,48236209.82365555
2023-03-31,Varejo_Estavel,651,87554578.8169461,0.5637337858786103,49357474.187484205
2023-03-31,Varejo_Estavel,672,87554578.8169461,0.5571005456532584,48776703.63336189
2023-03-31,Varejo_Estavel,693,87554578.8169461,0.5016550762416432,43922198.91172005
2023-03-31,Varejo_Estavel,714,87554578.8169461,0.5071452981384328,44402892.97750504
2023-03-31,Varejo_Estavel,735,87554578.8169461,0.4889985291753456,42814060.26405352
2023-03-31,Varejo_Estavel,756,87554578.8169461,0.5034780909812822,44081812.19942623
2023-03-31,Varejo_Estavel,777,87554578.8169461,0.4854556339134145,42503863.561602585
2023-03-31,Varejo_Estavel,798,87554578.8169461,0.4649636749165318,40709698.72249639
2023-03-31,Varejo_Estavel,819,87554578.8169461,0.4642432391557155,40646621.27289345
2023-03-31,Varejo_Estavel,840,87554578.8169461,0.448593463052143,39276411.717565656
2023-03-31,Varejo_Estavel,861,87554578.8169461,0.4648203122026684,40697146.66046603
2023-03-31,Varejo_Estavel,882,87554578.8169461,0.4433130420776602,38814086.68316865
2023-03-31,Varejo_Estavel,903,87554578.8169461,0.4362574894860224,38196340.74768698
2023-03-31,Varejo_Estavel,924,87554578.8169461,0.3878532724924782,33958329.915853165
2023-03-31,Varejo_Estavel,945,87554578.8169461,0.4108548314900314,35972221.726017065
2023-03-31,Varejo_Estavel,966,87554578.8169461,0.4286149900671588,37527204.929959625
2023-03-31,Varejo_Estavel,987,87554578.8169461,0.4116471920429273,36041596.52049703
2023-03-31,Varejo_Estavel,1008,87554578.8169461,0.3658397078304916,32030941.53361331
2023-03-31,Varejo_Estavel,1029,87554578.8169461,0.3766657607310312,32978812.035570037
2023-03-31,Varejo_Estavel,1050,87554578.8169461,0.3585787251086296,31395209.24960357
2023-03-31,Varejo_Estavel,1071,87554578.8169461,0.3862453750047351,33817551.12853299
2023-03-31,Varejo_Estavel,1092,87554578.8169461,0.3615009687953094,31651065.064791296
2023-03-31,Varejo_Estavel,1113,87554578.8169461,0.3423530526587627,29974577.33223374
2023-03-31,Varejo_Estavel,1134,87554578.8169461,0.3451102370679532,30215981.451901063
2023-03-31,Varejo_Estavel,1155,87554578.8169461,0.3066797989409273,26851220.6279386
2023-03-31,Varejo_Estavel,1176,87554578.8169461,0.3183479753092101,27872822.89542545
2023-03-31,Varejo_Estavel,1197,87554578.8169461,0.3253330755318954,28484400.403416816
2023-03-31,Varejo_Estavel,1218,87554578.8169461,0.3286984915711504,28779057.987277582
2023-03-31,Varejo_Estavel,1239,87554578.8169461,0.2890331819056963,25306178.50587501
2023-03-31,Varejo_Estavel,1260,87554578.8169461,0.3016551593705196,26411290.4266446
2023-03-31,Varejo_Nao_Estavel,0,55048428.69259411,0.9825825601075208,54089625.99466542
2023-03-31,Varejo_Nao_Estavel,21,55048428.69259411,0.9546369066097158,52551261.680823565
2023-03-31,Varejo_Nao_Estavel,42,55048428.69259411,0.9068800076470588,49922319.43369833
2023-03-31,Varejo_Nao_Estavel,63,55048428.69259411,0.8830659900046053,48611395.18162354
2023-03-31,Varejo_Nao_Estavel,84,55048428.69259411,0.8182343977428878,45042517.89797705
2023-03-31,Varejo_Nao_Estavel,105,55048428.69259411,0.7794360068286362,42906727.44234648
2023-03-31,Varejo_Nao_Estavel,126,55048428.69259411,0.7541544272077542,41515016.20935021
2023-03-31,Varejo_Nao_Estavel,147,55048428.69259411,0.6921874965390663,38103834.04513603
2023-03-31,Varejo_Nao_Estavel,168,55048428.69259411,0.6713838861800276,36958627.983737975
2023-03-31,Varejo_Nao_Estavel,189,55048428.69259411,0.6361357696454736,35018274.55413733
2023-03-31,Varejo_Nao_Estavel,210,55048428.69259411,0.6090678277667257,33528226.885769792
2023-03-31,Varejo_Nao_Estavel,231,55048428.69259411,0.5915311894109924,32562862.499736395
2023-03-31,Varejo_Nao_Estavel,252,55048428.69259411,0.5600295751974881,30828748.136002693
2023-03-31,Varejo_Nao_Estavel,273,55048428.69259411,0.5177705361354965,28502454.437581103
2023-03-31,Varejo_Nao_Estavel,294,55048428.69259411,0.5030512128563966,27692178.819648333
2023-03-31,Varejo_Nao_Estavel,315,55048428.69259411,0.4951715987774243,27258418.44589686
2023-03-31,Varejo_Nao_Estavel,336,55048428.69259411,0.4443460981234679,24460554.49738215
2023-03-31,Varejo_Nao_Estavel,357,55048428.69259411,0.4342055395046122,23902332.679349
2023-03-31,Varejo_Nao_Estavel,378,55048428.69259411,0.4093383675127137,22533433.9351665
2023-03-31,Varejo_Nao_Estavel,399,55048428.69259411,0.3910940977808153,21529115.55378164
2023-03-31,Varejo_Nao_Estavel,420,55048428.69259411,0.3534290672326615,19455714.805447217
2023-03-31,Varejo_Nao_Estavel,441,55048428.69259411,0.3719800030752885,20476914.67436096
2023-03-31,Varejo_Nao_Estavel,462,55048428.69259411,0.3286759624790909,18093095.28349997
2023-03-31,Varejo_Nao_Estavel,483,55048428.69259411,0.334020288498089,18387292.033266764
2023-03-31,Varejo_Nao_Estavel,504,55048428.69259411,0.2987725037663786,16446956.8688913
2023-03-31,Varejo_Nao_Estavel,525,55048428.69259411,0.2839892822409945,15633163.752904369
2023-03-31,Varejo_Nao_Estavel,546,55048428.69259411,0.2920280180910654,16075683.530125596
2023-03-31,Varejo_Nao_Estavel,567,55048428.69259411,0.2760471345330273,15195961.00113629
2023-03-31,Varejo_Nao_Estavel,588,55048428.69259411,0.2539168036239286,13977721.058143258
2023-03-31,Varejo_Nao_Estavel,609,55048428.69259411,0.2484503225120639,13676799.86245736
2023-03-31,Varejo_Nao_Estavel,630,55048428.69259411,0.2243395782397143,12349541.27565555
2023-03-31,Varejo_Nao_Estavel,651,55048428.69259411,0.2167414867912109,11931278.280352805
2023-03-31,Varejo_Nao_Estavel,672,55048428.69259411,0.1984694290381869,10925430.212068504
2023-03-31,Varejo_Nao_Estavel,693,55048428.69259411,0.207326689363794,11413008.475514423
2023-03-31,Varejo_Nao_Estavel,714,55048428.69259411,0.1787037518464276,9837360.740617102
2023-03-31,Varejo_Nao_Estavel,735,55048428.69259411,0.1958482142475321,10781136.456577169
2023-03-31,Varejo_Nao_Estavel,756,55048428.69259411,0.1656708957168971,9119922.489309808
2023-03-31,Varejo_Nao_Estavel,777,55048428.69259411,0.1615536872428513,8893276.63221375
2023-03-31,Varejo_Nao_Estavel,798,55048428.69259411,0.1626512825496373,8953697.529192686
2023-03-31,Varejo_Nao_Estavel,819,55048428.69259411,0.1464452902433836,8061583.117329153
2023-03-31,Varejo_Nao_Estavel,840,55048428.69259411,0.1355518314277679,7461915.326502022
2023-03-31,Varejo_Nao_Estavel,861,55048428.69259411,0.1320726054212102,7270389.401774612
2023-03-31,Varejo_Nao_Estavel,882,55048428.69259411,0.1367869254930087,7529905.314081074
2023-03-31,Varejo_Nao_Estavel,903,55048428.69259411,0.1120416643968371,6167717.5731488485
2023-03-31,Varejo_Nao_Estavel,924,55048428.69259411,0.112707650180767,6204379.044085797
2023-03-31,Varejo_Nao_Estavel,945,55048428.69259411,0.1088503153009537,5992038.820010936
2023-03-31,Varejo_Nao_Estavel,966,55048428.69259411,0.1138706895539694,6268402.534088207
2023-03-31,Varejo_Nao_Estavel,987,55048428.69259411,0.0973180059393681,5357203.310458759
2023-03-31,Varejo_Nao_Estavel,1008,55048428.69259411,0.1154758037000126,6356761.545700144
2023-03-31,Varejo_Nao_Estavel,1029,55048428.69259411,0.087385869670083,4810454.815273891
2023-03-31,Varejo_Nao_Estavel,1050,55048428.69259411,0.0821173284520328,4520429.899718059
2023-03-31,Varejo_Nao_Estavel,1071,55048428.69259411,0.0788289831340383,4339411.656963813
2023-03-31,Varejo_Nao_Estavel,1092,55048428.69259411,0.0611902029164906,3368424.521933798
2023-03-31,Varejo_Nao_Estavel,1113,55048428.69259411,0.0608449407101875,3349418.379989873
2023-03-31,Varejo_Nao_Estavel,1134,55048428.69259411,0.0633916460338327,3489610.506399609
2023-03-31,Varejo_Nao_Estavel,1155,55048428.69259411,0.0800332408690256,4405704.153015766
2023-03-31,Varejo_Nao_Estavel,1176,55048428.69259411,0.0628108897459469,3457640.785298148
2023-03-31,Varejo_Nao_Estavel,1197,55048428.69259411,0.0543515081488455,2991965.120666671
2023-03-31,Varejo_Nao_Estavel,1218,55048428.69259411,0.0719908117366807,3962981.066408636
2023-03-31,Varejo_Nao_Estavel,1239,55048428.69259411,0.0731309571930793,4025744.2822643775
2023-03-31,Varejo_Nao_Estavel,1260,55048428.69259411,0.0669584371420159,3685956.7523798095
2023-03-31,Atacado,0,32014185.00967695,0.994057016557676,31823925.238244943
2023-03-31,Atacado,21,32014185.00967695,0.9278531464535634,29704462.29237526
2023-03-31,Atacado,42,32014185.00967695,0.8238897083642277,26376157.551141173
2023-03-31,Atacado,63,32014185.00967695,0.740683385391025,23712374.933502126
2023-03-31,Atacado,84,32014185.00967695,0.682654660194608,21854632.58918833
2023-03-31,Atacado,105,32014185.00967695,0.6228223583274842,19939150.20765939
2023-03-31,Atacado,126,32014185.00967695,0.5465222425253629,17496464.1841105
2023-03-31,Atacado,147,32014185.00967695,0.5040441019199092,16136561.131900435
2023-03-31,Atacado,168,32014185.00967695,0.4654412073396403,14900720.922898652
2023-03-31,Atacado,189,32014185.00967695,0.397732849884459,12733093.04062714
2023-03-31,Atacado,210,32014185.00967695,0.373145104188768,11945936.4009544
2023-03-31,Atacado,231,32014185.00967695,0.3245955094531406,10391660.692943186
2023-03-31,Atacado,252,32014185.00967695,0.294426057099827,9425810.263663571
2023-03-31,Atacado,273,32014185.00967695,0.2707133381557161,8666666.892304333
2023-03-31,Atacado,294,32014185.00967695,0.2571382472909145,8232071.421835399
2023-03-31,Atacado,315,32014185.00967695,0.2239379400591335,7169190.643739047
2023-03-31,Atacado,336,32014185.00967695,0.1986279042481319,6358910.474684094
2023-03-31,Atacado,357,32014185.00967695,0.1876433665803353,6007249.453541487
2023-03-31,Atacado,378,32014185.00967695,0.1556973529975379,4984523.864380158
2023-03-31,Atacado,399,32014185.00967695,0.1586921849157922,5080400.967484037
2023-03-31,Atacado,420,32014185.00967695,0.1527033723426914,4888674.013780509
2023-03-31,Atacado,441,32014185.00967695,0.1251106567584615,4005315.712147579
2023-03-31,Atacado,462,32014185.00967695,0.1117907063484437,3578888.3554015453
2023-03-31,Atacado,483,32014185.00967695,0.1079769514462243,3456794.100380332
2023-03-31,Atacado,504,32014185.00967695,0.0694345815401094,2222891.5394945648
2023-03-31,Atacado,525,32014185.00967695,0.0914113415920706,2926459.601711326
2023-03-31,Atacado,546,32014185.00967695,0.1142125297053251,3656421.056409502
2023-03-31,Atacado,567,32014185.00967695,0.0682875340573252,2186169.749165825
2023-03-31,Atacado,588,32014185.00967695,0.061778902053695,1977801.2000417043
2023-03-31,Atacado,609,32014185.00967695,0.0661956787905977,2119200.707643345
2023-03-31,Atacado,630,32014185.00967695,0.0716378396294983,2293427.051592328
2023-03-31,Atacado,651,32014185.00967695,0.0587200230018951,1879873.6801551576
2023-03-31,Atacado,672,32014185.00967695,0.0167373604340673,535832.9535098788
2023-03-31,Atacado,693,32014185.00967695,0.0453643551589933,1452302.8589047052
2023-03-31,Atacado,714,32014185.00967695,0.0658414045744171,2107858.907342381
2023-03-31,Atacado,735,32014185.00967695,0.0391626696213564,1253760.9507309613
2023-03-31,Atacado,756,32014185.00967695,0.0148617756138536,475787.6340742146
2023-03-31,Atacado,777,32014185.00967695,0.0294020923020714,941284.022630113
2023-03-31,Atacado,798,32014185.00967695,0.0082082948651134,262781.8704257246
2023-03-31,Atacado,819,32014185.00967695,0.036156073345119,1157507.2212940904
2023-03-31,Atacado,840,32014185.00967695,0.007885656277837,252452.85900139523
2023-03-31,Atacado,861,32014185.00967695,0.0184293931211382,590002.0009961873
2023-03-31,Atacado,882,32014185.00967695,0.0055980422330295,179216.75974019174
2023-03-31,Atacado,903,32014185.00967695,0.007841637181302,251043.62350096693
2023-03-31,Atacado,924,32014185.00967695,0.0308805859471397,988616.7917189634
2023-03-31,Atacado,945,32014185.00967695,0.0130630192331163,418201.9145139557
2023-03-31,Atacado,966,32014185.00967695,0.0040009234460454,128086.30341125236
2023-03-31,Atacado,987,32014185.00967695,0.0,0.0
2023-03-31,Atacado,1008,32014185.00967695,0.0,0.0
2023-03-31,Atacado,1029,32014185.00967695,0.0,0.0
2023-03-31,Atacado,1050,32014185.00967695,0.008563332284817,274148.1040654721
2023-03-31,Atacado,1071,32014185.00967695,0.0183046010102216,586006.8832695559
2023-03-31,Atacado,1092,32014185.00967695,0.0,0.0
2023-03-31,Atacado,1113,32014185.00967695,0.0242173115911128,775297.4937148793
2023-03-31,Atacado,1134,32014185.00967695,0.0,0.0
2023-03-31,Atacado,1155,32014185.00967695,0.0015532552764964,49726.20178901568
2023-03-31,Atacado,1176,32014185.00967695,0.0,0.0
2023-03-31,Atacado,1197,32014185.00967695,0.0155092373944128,496515.5953037344
2023-03-31,Atacado,1218,32014185.00967695,0.0284502545734478,910811.7134867684
2023-03-31,Atacado,1239,32014185.00967695,0.0,0.0
2023-03-31,Atacado,1260,32014185.00967695,0.0,0.0
2023-06-30,Varejo_Estavel,0,90118238.77640028,0.9826366537428928,88553484.59244497
2023-06-30,Varejo_Estavel,21,90118238.77640028,0.9872697462475396,88971010.72905189
2023-06-30,Varejo_Estavel,42,90118238.77640028,0.9759781840229228,87953435.0283353
2023-06-30,Varejo_Estavel,63,90118238.77640028,0.94348423086464,85025137.198828
2023-06-30,Varejo_Estavel,84,90118238.77640028,0.9307402944492968,83876676.09399883
2023-06-30,Varejo_Estavel,105,90118238.77640028,0.927219142243318,83559356.0587324
2023-06-30,Varejo_Estavel,126,90118238.77640028,0.9117731101172024,82167386.84744315
2023-06-30,Varejo_Estavel,147,90118238.77640028,0.8702976800927708,78429694.14114754
2023-06-30,Varejo_Estavel,168,90118238.77640028,0.8476409148962624,76387906.36526777
2023-06-30,Varejo_Estavel,189,90118238.77640028,0.8263100992174769,74465610.82463159
2023-06-30,Varejo_Estavel,210,90118238.77640028,0.8327196018653719,75043223.91469257
2023-06-30,Varejo_Estavel,231,90118238.77640028,0.7885002946801781,71058257.83125028
2023-06-30,Varejo_Estavel,252,90118238.77640028,0.7862094420485641,70851810.22679295
2023-06-30,Varejo_Estavel,273,90118238.77640028,0.7750583805485617,69846896.2039254
2023-06-30,Varejo_Estavel,294,90118238.77640028,0.7526768928948419,67829915.95537642
2023-06-30,Varejo_Estavel,315,90118238.77640028,0.7472527533500073,67341102.0527185
2023-06-30,Varejo_Estavel,336,90118238.77640028,0.760140459728815,68502519.45344403
2023-06-30,Varejo_Estavel,357,90118238.77640028,0.7136622570154572,64313985.68342371
2023-06-30,Varejo_Estavel,378,90118238.77640028,0.6959299214345808,62715978.83148304
2023-06-30,Varejo_Estavel,399,90118238.77640028,0.6996448948506134,63050765.69283705
2023-06-30,Varejo_Estavel,420,90118238.77640028,0.6769094883883842,61001890.90459536
2023-06-30,Varejo_Estavel,441,90118238.77640028,0.6781423099431659,61112990.61183788
2023-06-30,Varejo_Estavel,462,90118238.77640028,0.6499394311238995,58571396.84422134
2023-06-30,Varejo_Estavel,483,90118238.77640028,0.6323270818159009,56984202.94386976
2023-06-30,Varejo_Estavel,504,90118238.77640028,0.6014956006376523,54205724.161218256
2023-06-30,Varejo_Estavel,525,90118238.77640028,0.591297953193446,53286730.13388373
2023-06-30,Varejo_Estavel,546,90118238.77640028,0.5767784538588614,51978258.42593584
2023-06-30,Varejo_Estavel,567,90118238.77640028,0.5916639347583909,53319711.74794119
2023-06-30,Varejo_Estavel,588,90118238.77640028,0.559298305840822,50402978.27299935
2023-06-30,Varejo_Estavel,609,90118238.77640028,0.5794696101260777,52220780.68900945
2023-06-30,Varejo_Estavel,630,90118238.77640028,0.5537425961547733,49902307.50093965
2023-06-30,Varejo_Estavel,651,90118238.77640028,0.5396416351226734,48631553.72767216
2023-06-30,Varejo_Estavel,672,90118238.77640028,0.5218489385409337,47028107.2486429
2023-06-30,Varejo_Estavel,693,90118238.77640028,0.5290525837305107,47677287.06589767
2023-06-30,Varejo_Estavel,714,90118238.77640028,0.5017447002556392,45216348.70243108
2023-06-30,Varejo_Estavel,735,90118238.77640028,0.4895862863676313,44120653.85652929
2023-06-30,Varejo_Estavel,756,90118238.77640028,0.505878237134008,45588855.76582698
2023-06-30,Varejo_Estavel,777,90118238.77640028,0.4862719652751877,43821973.07693879
2023-06-30,Varejo_Estavel,798,90118238.77640028,0.4697833537061106,42336048.44246538
2023-06-30,Varejo_Estavel,819,90118238.77640028,0.4710695580054279,42451958.9086265
2023-06-30,Varejo_Estavel,840,90118238.77640028,0.4544296689863639,40952401.41679369
2023-06-30,Varejo_Estavel,861,90118238.77640028,0.4500455168755899,40557309.350042894
2023-06-30,Varejo_Estavel,882,90118238.77640028,0.4269473530689623,38475743.50882082
2023-06-30,Varejo_Estavel,903,90118238.77640028,0.4530643917419526,40829365.03608584
2023-06-30,Varejo_Estavel,924,90118238.77640028,0.4129008426167583,37209896.7259139
2023-06-30,Varejo_Estavel,945,90118238.77640028,0.4303284915593768,38780445.75463608
2023-06-30,Varejo_Estavel,966,90118238.77640028,0.4013500323667966,36168958.04974697
2023-06-30,Varejo_Estavel,987,90118238.77640028,0.4054188085903467,36535628.99698859
2023-06-30,Varejo_Estavel,1008,90118238.77640028,0.3968154648498488,35760310.81150696
2023-06-30,Varejo_Estavel,1029,90118238.77640028,0.3941890917850348,35523626.69653614
2023-06-30,Varejo_Estavel,1050,90118238.77640028,0.3629094742136846,32704762.65140671
2023-06-30,Varejo_Estavel,1071,90118238.77640028,0.3786197810957271,34120547.83825314
2023-06-30,Varejo_Estavel,1092,90118238.77640028,0.3807269076189358,34310438.36940375
2023-06-30,Varejo_Estavel,1113,90118238.77640028,0.3484622836246376,31402807.28025481
2023-06-30,Varejo_Estavel,1134,90118238.77640028,0.3451168145511691,31101319.49947292
2023-06-30,Varejo_Estavel,1155,90118238.77640028,0.3316868255799872,29891032.546603523
2023-06-30,Varejo_Estavel,1176,90118238.77640028,0.3272102759244678,29487613.77585301
2023-06-30,Varejo_Estavel,1197,90118238.77640028,0.3454328244091695,31129797.75131189
2023-06-30,Varejo_Estavel,1218,90118238.77640028,0.306499572836148,27621201.68971268
2023-06-30,Varejo_Estavel,1239,90118238.77640028,0.3010235254906551,27127709.94748068
2023-06-30,Varejo_Estavel,1260,90118238.77640028,0.3255598342999212,29338878.883445613
2023-06-30,Varejo_Nao_Estavel,0,53122742.12944181,1.0,53122742.12944181
2023-06-30,Varejo_Nao_Estavel,21,53122742.12944181,0.9464814489383956,50279689.942254834
2023-06-30,Varejo_Nao_Estavel,42,53122742.12944181,0.9076036872566376,48214396.63386492
2023-06-30,Varejo_Nao_Estavel,63,53122742.12944181,0.8545653028350645,45396852.21527548
2023-06-30,Varejo_Nao_Estavel,84,53122742.12944181,0.8227156460839997,43704911.11277744
2023-06-30,Varejo_Nao_Estavel,105,53122742.12944181,0.7602060536417253,40384230.15284999
2023-06-30,Varejo_Nao_Estavel,126,53122742.12944181,0.752114364849638,39954377.45575623
2023-06-30,Varejo_Nao_Estavel,147,53122742.12944181,0.7119853695575665,37822615.18694194
2023-06-30,Varejo_Nao_Estavel,168,53122742.12944181,0.6733438287090469,35769870.57696173
2023-06-30,Varejo_Nao_Estavel,189,53122742.12944181,0.6369200978803637,33834942.1167574
2023-06-30,Varejo_Nao_Estavel,210,53122742.12944181,0.5999977216707697,31873524.2465689
2023-06-30,Varejo_Nao_Estavel,231,53122742.12944181,0.5900828669678315,31346819.976933837
2023-06-30,Varejo_Nao_Estavel,252,53122742.12944181,0.5393265575480611,28650505.64018521
2023-06-30,Varejo_Nao_Estavel,273,53122742.12944181,0.5328974747824315,28308975.134297837
2023-06-30,Varejo_Nao_Estavel,294,53122742.12944181,0.5263042391541836,27958724.378219765
2023-06-30,Varejo_Nao_Estavel,315,53122742.12944181,0.4951125572719496,26301736.705006268
2023-06-30,Varejo_Nao_Estavel,336,53122742.12944181,0.4362609511969877,23175378.01158258
2023-06-30,Varejo_Nao_Estavel,357,53122742.12944181,0.4260226814157284,22631493.046141084
2023-06-30,Varejo_Nao_Estavel,378,53122742.12944181,0.4167137045226413,22136974.66716068
2023-06-30,Varejo_Nao_Estavel,399,53122742.12944181,0.3910067749066844,20771352.074232496
2023-06-30,Varejo_Nao_Estavel,420,53122742.12944181,0.3562040900802653,18922538.0227864
2023-06-30,Varejo_Nao_Estavel,441,53122742.12944181,0.3596746402412239,19106903.16403429
2023-06-30,Varejo_Nao_Estavel,462,53122742.12944181,0.3378479825483536,17947411.255868345
2023-06-30,Varejo_Nao_Estavel,483,53122742.12944181,0.344679329759492,18310311.15216233
2023-06-30,Varejo_Nao_Estavel,504,53122742.12944181,0.3031902786315394,16106298.987896884
2023-06-30,Varejo_Nao_Estavel,525,53122742.12944181,0.3055113786876627,16229602.18763495
2023-06-30,Varejo_Nao_Estavel,546,53122742.12944181,0.26226547824792,13932261.370418986
2023-06-30,Varejo_Nao_Estavel,567,53122742.12944181,0.2517844077165341,13375478.163339684
2023-06-30,Varejo_Nao_Estavel,588,53122742.12944181,0.2600727563540747,13815777.970690662
2023-06-30,Varejo_Nao_Estavel,609,53122742.12944181,0.2523212852816766,13403998.571787829
2023-06-30,Varejo_Nao_Estavel,630,53122742.12944181,0.2163134988898984,11491166.220645372
2023-06-30,Varejo_Nao_Estavel,651,53122742.12944181,0.2171308272016445,11534584.941785354
2023-06-30,Varejo_Nao_Estavel,672,53122742.12944181,0.1898299716654038,10084288.633220496
2023-06-30,Varejo_Nao_Estavel,693,53122742.12944181,0.1943032720565251,10321922.616365563
2023-06-30,Varejo_Nao_Estavel,714,53122742.12944181,0.1970677852479253,10468781.137745753
2023-06-30,Varejo_Nao_Estavel,735,53122742.12944181,0.1728068361186442,9179972.993335446
2023-06-30,Varejo_Nao_Estavel,756,53122742.12944181,0.1664724892654094,8843475.118892616
2023-06-30,Varejo_Nao_Estavel,777,53122742.12944181,0.1477500396951026,7848887.258337731
2023-06-30,Varejo_Nao_Estavel,798,53122742.12944181,0.1457662453382862,7743502.662282727
2023-06-30,Varejo_Nao_Estavel,819,53122742.12944181,0.1672562481836807,8885110.541799592
2023-06-30,Varejo_Nao_Estavel,840,53122742.12944181,0.1400018298997973,7437281.107416907
2023-06-30,Varejo_Nao_Estavel,861,53122742.12944181,0.1204051935951047,6396254.05039827
2023-06-30,Varejo_Nao_Estavel,882,53122742.12944181,0.1222838418513018,6496052.997264151
2023-06-30,Varejo_Nao_Estavel,903,53122742.12944181,0.1008267596084788,5356193.950428441
2023-06-30,Varejo_Nao_Estavel,924,53122742.12944181,0.1020525779623636,5421312.782739402
2023-06-30,Varejo_Nao_Estavel,945,53122742.12944181,0.1250509514414614,6643049.446466106
2023-06-30,Varejo_Nao_Estavel,966,53122742.12944181,0.1017858781149982,5407144.955521849
2023-06-30,Varejo_Nao_Estavel,987,53122742.12944181,0.1212049125390398,6438737.313632963
2023-06-30,Varejo_Nao_Estavel,1008,53122742.12944181,0.0926320405041353,4920868.000625191
2023-06-30,Varejo_Nao_Estavel,1029,53122742.12944181,0.0888325882483662,4719030.678208845
2023-06-30,Varejo_Nao_Estavel,1050,53122742.12944181,0.0926602620154016,4922367.204690696
2023-06-30,Varejo_Nao_Estavel,1071,53122742.12944181,0.0488103176068182,2592937.9154831613
2023-06-30,Varejo_Nao_Estavel,1092,53122742.12944181,0.0794491719442296,4220557.873590995
2023-06-30,Varejo_Nao_Estavel,1113,53122742.12944181,0.0726978250145603,3861907.811619772
2023-06-30,Varejo_Nao_Estavel,1134,53122742.12944181,0.0875921154328836,4653133.3607133785
2023-06-30,Varejo_Nao_Estavel,1155,53122742.12944181,0.0779794354127874,4142481.4388329727
2023-06-30,Varejo_Nao_Estavel,1176,53122742.12944181,0.0496041022317294,2635105.9314186303
2023-06-30,Varejo_Nao_Estavel,1197,53122742.12944181,0.0750729018477649,3988078.405767715
2023-06-30,Varejo_Nao_Estavel,1218,53122742.12944181,0.0541246204824296,2875248.256742014
2023-06-30,Varejo_Nao_Estavel,1239,53122742.12944181,0.0436633928828196,2319519.160610532
2023-06-30,Varejo_Nao_Estavel,1260,53122742.12944181,0.0542590866215772,2882391.466777094
2023-06-30,Atacado,0,34290307.25517664,1.0,34290307.25517664
2023-06-30,Atacado,21,34290307.25517664,0.9101757779516814,31210207.082182582
2023-06-30,Atacado,42,34290307.25517664,0.8234639391108595,28236831.48566944
2023-06-30,Atacado,63,34290307.25517664,0.7547026751640432,25878986.61767881
2023-06-30,Atacado,84,34290307.25517664,0.6871489440757504,23562548.422427677
2023-06-30,Atacado,105,34290307.25517664,0.6201380306507546,21264723.611634523
2023-06-30,Atacado,126,34290307.25517664,0.5704131990502814,19559643.857842386
2023-06-30,Atacado,147,34290307.25517664,0.5087150113714355,17443994.0452472
2023-06-30,Atacado,168,34290307.25517664,0.456334304085756,15647843.498177782
2023-06-30,Atacado,189,34290307.25517664,0.4265263603810336,14625719.949897842
2023-06-30,Atacado,210,34290307.25517664,0.3719062050186687,12752778.040196868
2023-06-30,Atacado,231,34290307.25517664,0.3383671434858851,11602713.31518744
2023-06-30,Atacado,252,34290307.25517664,0.3268879460705118,11209088.108771462
2023-06-30,Atacado,273,34290307.25517664,0.2969336286209425,10181945.359806633
2023-06-30,Atacado,294,34290307.25517664,0.2513147031532809,8617658.388869515
2023-06-30,Atacado,315,34290307.25517664,0.2223595926751237,7624778.753965918
2023-06-30,Atacado,336,34290307.25517664,0.2239670037502548,7679897.373617536
2023-06-30,Atacado,357,34290307.25517664,0.1966297321154183,6742493.92974077
2023-06-30,Atacado,378,34290307.25517664,0.1732478807871034,5940723.063497989
2023-06-30,Atacado,399,34290307.25517664,0.1496840737795059,5132712.881105789
2023-06-30,Atacado,420,34290307.25517664,0.1431070901437668,4907186.091424025
2023-06-30,Atacado,441,34290307.25517664,0.1258006037316653,4313741.354845524
2023-06-30,Atacado,462,34290307.25517664,0.1062504361131702,3643360.100317125
2023-06-30,Atacado,483,34290307.25517664,0.1050441751506843,3601997.041283558
2023-06-30,Atacado,504,34290307.25517664,0.0969613031137633,3324832.87563326
2023-06-30,Atacado,525,34290307.25517664,0.0804647913098534,2759162.417238541
2023-06-30,Atacado,546,34290307.25517664,0.0878358083237009,3011916.855426507
2023-06-30,Atacado,567,34290307.25517664,0.0852256374184337,2922413.293096373
2023-06-30,Atacado,588,34290307.25517664,0.0748471747821559,2566532.6204620367
2023-06-30,Atacado,609,34290307.25517664,0.0539574141668336,1850216.3104755464
2023-06-30,Atacado,630,34290307.25517664,0.0609637056613832,2090464.1985429844
2023-06-30,Atacado,651,34290307.25517664,0.047955945638206,1644424.1106466325
2023-06-30,Atacado,672,34290307.25517664,0.0277756912342785,952436.9866483274
2023-06-30,Atacado,693,34290307.25517664,0.0466763216490133,1600545.4108861196
2023-06-30,Atacado,714,34290307.25517664,0.0367318225230004,1259545.4803563028
2023-06-30,Atacado,735,34290307.25517664,0.0628159530850746,2153978.3318139687
2023-06-30,Atacado,756,34290307.25517664,0.0462042489324573,1584357.892388629
2023-06-30,Atacado,777,34290307.25517664,0.0345539386922623,1184865.1746342124
2023-06-30,Atacado,798,34290307.25517664,0.0265665878966644,910976.4616982808
2023-06-30,Atacado,819,34290307.25517664,0.0233270961345889,799893.2938260982
2023-06-30,Atacado,840,34290307.25517664,0.0073119744905748,250729.85192382516
2023-06-30,Atacado,861,34290307.25517664,0.0,0.0
2023-06-30,Atacado,882,34290307.25517664,0.0054206929479528,185877.2267212741
2023-06-30,Atacado,903,34290307.25517664,0.0138264096538328,474111.835265868
2023-06-30,Atacado,924,34290307.25517664,0.0,0.0
2023-06-30,Atacado,945,34290307.25517664,0.005289671747119,181384.46948773784
2023-06-30,Atacado,966,34290307.25517664,0.0077399967332609,265406.86613758147
2023-06-30,Atacado,987,34290307.25517664,0.0071203132528983,244157.72919499117
2023-06-30,Atacado,1008,34290307.25517664,0.0008532952400872,29259.755961971256
2023-06-30,Atacado,1029,34290307.25517664,0.0038699553024222,132701.95638385933
2023-06-30,Atacado,1050,34290307.25517664,0.0279065473249708,956924.082204378
2023-06-30,Atacado,1071,34290307.25517664,0.0144875391634369,496782.1692856573
2023-06-30,Atacado,1092,34290307.25517664,0.0,0.0
2023-06-30,Atacado,1113,34290307.25517664,0.004550614922141,156041.98388020892
2023-06-30,Atacado,1134,34290307.25517664,0.0045266485604133,155220.169972776
2023-06-30,Atacado,1155,34290307.25517664,0.0,0.0
2023-06-30,Atacado,1176,34290307.25517664,0.0,0.0
2023-06-30,Atacado,1197,34290307.25517664,0.0157463848235191,539948.373756723
2023-06-30,Atacado,1218,34290307.25517664,0.0,0.0
2023-06-30,Atacado,1239,34290307.25517664,0.0,0.0
2023-06-30,Atacado,1260,34290307.25517664,0.0021752872910531,74591.26957849252
2023-09-30,Varejo_Estavel,0,80944078.025033,0.976327549309674,79027933.3293115
2023-09-30,Varejo_Estavel,21,80944078.025033,0.9799805830700804,79323624.77904192
2023-09-30,Varejo_Estavel,42,80944078.025033,0.9717362768326112,78656297.01169394
2023-09-30,Varejo_Estavel,63,80944078.025033,0.94796023771862,76731767.44652481
2023-09-30,Varejo_Estavel,84,80944078.025033,0.950894678980355,76969293.08897455
2023-09-30,Varejo_Estavel,105,80944078.025033,0.921101627397533,74557721.99705078
2023-09-30,Varejo_Estavel,126,80944078.025033,0.9057791997649988,73317462.21923001
2023-09-30,Varejo_Estavel,147,80944078.025033,0.9046423178801564,73225438.3632381
2023-09-30,Varejo_Estavel,168,80944078.025033,0.8631273242291483,69865045.47794214
2023-09-30,Varejo_Estavel,189,80944078.025033,0.8393067030455537,67936907.2582525
2023-09-30,Varejo_Estavel,210,80944078.025033,0.8326809155814033,67400589.00077702
2023-09-30,Varejo_Estavel,231,80944078.025033,0.7982507641729298,64613672.13875585
2023-09-30,Varejo_Estavel,252,80944078.025033,0.7905325663383982,63988929.73102488
2023-09-30,Varejo_Estavel,273,80944078.025033,0.7660533715801683,62007483.88052474
2023-09-30,Varejo_Estavel,294,80944078.025033,0.7634887377382216,61799891.95871656
2023-09-30,Varejo_Estavel,315,80944078.025033,0.73607200111354,59580669.49017656
2023-09-30,Varejo_Estavel,336,80944078.025033,0.7211231579109613,58370649.15960304
2023-09-30,Varejo_Estavel,357,80944078.025033,0.7200831196168817,58286464.21877804
2023-09-30,Varejo_Estavel,378,80944078.025033,0.6995022516743427,56620564.83821426
2023-09-30,Varejo_Estavel,399,80944078.025033,0.6643306593294303,53773632.72318302
2023-09-30,Varejo_Estavel,420,80944078.025033,0.6565678016028929,53145275.361668944
2023-09-30,Varejo_Estavel,441,80944078.025033,0.6471030827910919,52379162.42368153
2023-09-30,Varejo_Estavel,462,80944078.025033,0.6373675168126952,51591126.01150833
2023-09-30,Varejo_Estavel,483,80944078.025033,0.640281240265297,51826974.6699991
2023-09-30,Varejo_Estavel,504,80944078.025033,0.6255275654596466,50632752.06537457
2023-09-30,Varejo_Estavel,525,80944078.025033,0.6235181219795773,50470099.51553695
2023-09-30,Varejo_Estavel,546,80944078.025033,0.6078404600192878,49201085.62257318
2023-09-30,Varejo_Estavel,567,80944078.025033,0.5999747002371718,48564398.949043415
2023-09-30,Varejo_Estavel,588,80944078.025033,0.5829460538967409,47186030.87100289
2023-09-30,Varejo_Estavel,609,80944078.025033,0.566918833444143,45888722.288163394
2023-09-30,Varejo_Estavel,630,80944078.025033,0.5665718582839537,45860636.70372429
2023-09-30,Varejo_Estavel,651,80944078.025033,0.5536048316527746,44811032.688337445
2023-09-30,Varejo_Estavel,672,80944078.025033,0.5364883438540337,43425554.36444163
2023-09-30,Varejo_Estavel,693,80944078.025033,0.5368383412015899,43453884.57705078
2023-09-30,Varejo_Estavel,714,80944078.025033,0.4832492151801074,39116162.17907457
2023-09-30,Varejo_Estavel,735,80944078.025033,0.4979252643267845,40304101.44630243
2023-09-30,Varejo_Estavel,756,80944078.025033,0.4879485524989231,39496545.705674745
2023-09-30,Varejo_Estavel,777,80944078.025033,0.4958487058756662,40136016.33701157
2023-09-30,Varejo_Estavel,798,80944078.025033,0.4914592468084991,39780715.6197911
2023-09-30,Varejo_Estavel,819,80944078.025033,0.4459702097461002,36098647.45452867
2023-09-30,Varejo_Estavel,840,80944078.025033,0.4712564925988268,38145422.30672283
2023-09-30,Varejo_Estavel,861,80944078.025033,0.4313920168378544,34918629.07029964
2023-09-30,Varejo_Estavel,882,80944078.025033,0.4230549449507379,34243792.47296857
2023-09-30,Varejo_Estavel,903,80944078.025033,0.4254081800070968,34434272.91498172
2023-09-30,Varejo_Estavel,924,80944078.025033,0.416037804563282,33675796.513933726
2023-09-30,Varejo_Estavel,945,80944078.025033,0.3929552882793746,31807403.51483503
2023-09-30,Varejo_Estavel,966,80944078.025033,0.4114149942403612,33301607.394460294
2023-09-30,Varejo_Estavel,987,80944078.025033,0.4038864722992063,32692218.12704229
2023-09-30,Varejo_Estavel,1008,80944078.025033,0.4006532820154992,32430510.52044812
2023-09-30,Varejo_Estavel,1029,80944078.025033,0.3752254067658999,30372274.60223375
2023-09-30,Varejo_Estavel,1050,80944078.025033,0.3725219661199849,30153447.09165476
2023-09-30,Varejo_Estavel,1071,80944078.025033,0.365347030301549,29572678.52694268
2023-09-30,Varejo_Estavel,1092,80944078.025033,0.3788255747056201,30663686.876849685
2023-09-30,Varejo_Estavel,1113,80944078.025033,0.3175556619839413,25704250.28091915
2023-09-30,Varejo_Estavel,1134,80944078.025033,0.3332170095575945,26971943.62089809
2023-09-30,Varejo_Estavel,1155,80944078.025033,0.3380346754032506,27361905.141007423
2023-09-30,Varejo_Estavel,1176,80944078.025033,0.318340668131703,25767791.8797937
2023-09-30,Varejo_Estavel,1197,80944078.025033,0.3217959065347263,26047472.96668311
2023-09-30,Varejo_Estavel,1218,80944078.025033,0.3170374807132716,25662306.57571495
2023-09-30,Varejo_Estavel,1239,80944078.025033,0.3044367180473548,24642349.45931006
2023-09-30,Varejo_Estavel,1260,80944078.025033,0.3070026501761808,24850046.46975269
2023-09-30,Varejo_Nao_Estavel,0,53140746.388789065,0.997164802659628,52990081.88596218
2023-09-30,Varejo_Nao_Estavel,21,53140746.388789065,0.9464483757846808,50294973.107655056
2023-09-30,Varejo_Nao_Estavel,42,53140746.388789065,0.9040991346099404,48044502.8226305
2023-09-30,Varejo_Nao_Estavel,63,53140746.388789065,0.862404190000579,45828802.34544983
2023-09-30,Varejo_Nao_Estavel,84,53140746.388789065,0.8001121972762144,42518559.35803208
2023-09-30,Varejo_Nao_Estavel,105,53140746.388789065,0.7870338610246723,41823566.80810157
2023-09-30,Varejo_Nao_Estavel,126,53140746.388789065,0.7384828954164164,39243532.25778242
2023-09-30,Varejo_Nao_Estavel,147,53140746.388789065,0.7232421014533911,38433625.09102951
2023-09-30,Varejo_Nao_Estavel,168,53140746.388789065,0.6811271263663476,36195603.88075876
2023-09-30,Varejo_Nao_Estavel,189,53140746.388789065,0.6556452666261956,34841478.83479265
2023-09-30,Varejo_Nao_Estavel,210,53140746.388789065,0.598602723994608,31810195.543435764
2023-09-30,Varejo_Nao_Estavel,231,53140746.388789065,0.5768936723291892,30656560.334542625
2023-09-30,Varejo_Nao_Estavel,252,53140746.388789065,0.5384701355270131,28614704.90997788
2023-09-30,Varejo_Nao_Estavel,273,53140746.388789065,0.5182924293306888,27542446.54229151
2023-09-30,Varejo_Nao_Estavel,294,53140746.388789065,0.5164360875105731,27443799.15241784
2023-09-30,Varejo_Nao_Estavel,315,53140746.388789065,0.4951361863432879,26311906.506380867
2023-09-30,Varejo_Nao_Estavel,336,53140746.388789065,0.440544886971382,23410884.11142396
2023-09-30,Varejo_Nao_Estavel,357,53140746.388789065,0.4269642061200406,22689196.59451574
2023-09-30,Varejo_Nao_Estavel,378,53140746.388789065,0.4107419475716898,21827133.667144462
2023-09-30,Varejo_Nao_Estavel,399,53140746.388789065,0.3988774256725739,21196644.117879312
2023-09-30,Varejo_Nao_Estavel,420,53140746.388789065,0.3518792355372164,18699125.215164192
2023-09-30,Varejo_Nao_Estavel,441,53140746.388789065,0.3358148478452007,17845451.662931602
2023-09-30,Varejo_Nao_Estavel,462,53140746.388789065,0.343843699016218,18272110.80680396
2023-09-30,Varejo_Nao_Estavel,483,53140746.388789065,0.2983189620292314,15852892.304162184
2023-09-30,Varejo_Nao_Estavel,504,53140746.388789065,0.3008674541892823,15988321.079713264
2023-09-30,Varejo_Nao_Estavel,525,53140746.388789065,0.2934404397664497,15593643.989843637
2023-09-30,Varejo_Nao_Estavel,546,53140746.388789065,0.2824585307246771,15010057.146590052
2023-09-30,Varejo_Nao_Estavel,567,53140746.388789065,0.2624199021447663,13945189.46724587
2023-09-30,Varejo_Nao_Estavel,588,53140746.388789065,0.2470237322077904,13127025.50526634
2023-09-30,Varejo_Nao_Estavel,609,53140746.388789065,0.2494513662309858,13256031.78921776
2023-09-30,Varejo_Nao_Estavel,630,53140746.388789065,0.2312246827191802,12287452.223208174
2023-09-30,Varejo_Nao_Estavel,651,53140746.388789065,0.2090776988604201,11110544.970693195
2023-09-30,Varejo_Nao_Estavel,672,53140746.388789065,0.2068615965079397,10992779.637608437
2023-09-30,Varejo_Nao_Estavel,693,53140746.388789065,0.2010759382440652,10685325.439115684
2023-09-30,Varejo_Nao_Estavel,714,53140746.388789065,0.2076435587178524,11034333.693091026
2023-09-30,Varejo_Nao_Estavel,735,53140746.388789065,0.1874622221277769,9961882.403571034
2023-09-30,Varejo_Nao_Estavel,756,53140746.388789065,0.1840355880081823,9779788.50885449
2023-09-30,Varejo_Nao_Estavel,777,53140746.388789065,0.1539802957190597,8182627.843677295
2023-09-30,Varejo_Nao_Estavel,798,53140746.388789065,0.1472563514267252,7825312.425306004
2023-09-30,Varejo_Nao_Estavel,819,53140746.388789065,0.1433343572753528,7616894.728769606
2023-09-30,Varejo_Nao_Estavel,840,53140746.388789065,0.1374038594395337,7301743.647317083
2023-09-30,Varejo_Nao_Estavel,861,53140746.388789065,0.1203365873012772,6394776.06706955
2023-09-30,Varejo_Nao_Estavel,882,53140746.388789065,0.1412523087689995,7506253.117124329
2023-09-30,Varejo_Nao_Estavel,903,53140746.388789065,0.130596110715583,6939974.798899018
2023-09-30,Varejo_Nao_Estavel,924,53140746.388789065,0.1105543599324281,5874941.203344068
2023-09-30,Varejo_Nao_Estavel,945,53140746.388789065,0.1164274023610702,6187039.061575135
2023-09-30,Varejo_Nao_Estavel,966,53140746.388789065,0.1061704571636836,5641977.338117104
2023-09-30,Varejo_Nao_Estavel,987,53140746.388789065,0.1071540861970019,5694248.1191173205
2023-09-30,Varejo_Nao_Estavel,1008,53140746.388789065,0.0776445290837804,4126088.228518134
2023-09-30,Varejo_Nao_Estavel,1029,53140746.388789065,0.087516399724295,4650686.80260865
2023-09-30,Varejo_Nao_Estavel,1050,53140746.388789065,0.0842730697780266,4478333.828478838
2023-09-30,Varejo_Nao_Estavel,1071,53140746.388789065,0.0883650737887909,4695785.975836771
2023-09-30,Varejo_Nao_Estavel,1092,53140746.388789065,0.0694486488462011,3690553.035380043
2023-09-30,Varejo_Nao_Estavel,1113,53140746.388789065,0.0432864941823029,2300276.6094015557
2023-09-30,Varejo_Nao_Estavel,1134,53140746.388789065,0.0567792520985068,3017291.835911871
2023-09-30,Varejo_Nao_Estavel,1155,53140746.388789065,0.0656707068542932,3489790.3781165066
2023-09-30,Varejo_Nao_Estavel,1176,53140746.388789065,0.0639750131643309,3399679.949785155
2023-09-30,Varejo_Nao_Estavel,1197,53140746.388789065,0.0803722158957338,4271039.541620193
2023-09-30,Varejo_Nao_Estavel,1218,53140746.388789065,0.0642653520772987,3415108.7763259723
2023-09-30,Varejo_Nao_Estavel,1239,53140746.388789065,0.05549519494915,2949056.08058919
2023-09-30,Varejo_Nao_Estavel,1260,53140746.388789065,0.0515051522897455,2737022.2355453274
2023-09-30,Atacado,0,38864641.83759392,0.9929186745741108,38589428.661181286
2023-09-30,Atacado,21,38864641.83759392,0.9044049081568996,35149372.83167993
2023-09-30,Atacado,42,38864641.83759392,0.8079249346185678,31399713.215612125
2023-09-30,Atacado,63,38864641.83759392,0.7609217827541216,29572952.553162385
2023-09-30,Atacado,84,38864641.83759392,0.6787444719026573,26379160.799743608
2023-09-30,Atacado,105,38864641.83759392,0.6022444899671395,23406016.4012373
2023-09-30,Atacado,126,38864641.83759392,0.5520061772526823,21453522.371064883
2023-09-30,Atacado,147,38864641.83759392,0.5075266315749454,19724840.759200737
2023-09-30,Atacado,168,38864641.83759392,0.4513138595563682,17540151.50800042
2023-09-30,Atacado,189,38864641.83759392,0.405242648175426,15749610.378656017
2023-09-30,Atacado,210,38864641.83759392,0.3651456744678424,14191255.85673936
2023-09-30,Atacado,231,38864641.83759392,0.3420357280806425,13293096.067514837
2023-09-30,Atacado,252,38864641.83759392,0.3019323717124206,11734493.4857785
2023-09-30,Atacado,273,38864641.83759392,0.2720254462683268,10572171.53993017
2023-09-30,Atacado,294,38864641.83759392,0.2353800717756959,9147962.185269574
2023-09-30,Atacado,315,38864641.83759392,0.2287338985211171,8889661.042139772
2023-09-30,Atacado,336,38864641.83759392,0.2042342404822499,7937490.607315668
2023-09-30,Atacado,357,38864641.83759392,0.1831649316367322,7118639.465268973
2023-09-30,Atacado,378,38864641.83759392,0.1718461538665996,6678739.221193452
2023-09-30,Atacado,399,38864641.83759392,0.162522573454616,6316381.607837703
2023-09-30,Atacado,420,38864641.83759392,0.1475455168624773,5734303.667602856
2023-09-30,Atacado,441,38864641.83759392,0.1326938472611148,5157098.847855623
2023-09-30,Atacado,462,38864641.83759392,0.1113344509244175,4326973.559362667
2023-09-30,Atacado,483,38864641.83759392,0.0966916871763426,3757887.79078123
2023-09-30,Atacado,504,38864641.83759392,0.0812492268702187,3157722.1018924643
2023-09-30,Atacado,525,38864641.83759392,0.0778516540248392,3025676.650139653
2023-09-30,Atacado,546,38864641.83759392,0.0772257012020255,3001349.2178737703
2023-09-30,Atacado,567,38864641.83759392,0.060324215250872,2344479.0198590644
2023-09-30,Atacado,588,38864641.83759392,0.0643610881277003,2501370.638360892
2023-09-30,Atacado,609,38864641.83759392,0.0456869146544592,1775605.574710278
2023-09-30,Atacado,630,38864641.83759392,0.0319619449430385,1242189.5426440898
2023-09-30,Atacado,651,38864641.83759392,0.056853282319063,2209582.4546219977
2023-09-30,Atacado,672,38864641.83759392,0.0369116678326798,1434558.7499453377
2023-09-30,Atacado,693,38864641.83759392,0.0285591652683536,1109941.729335217
2023-09-30,Atacado,714,38864641.83759392,0.0218520771359478,849273.1512960865
2023-09-30,Atacado,735,38864641.83759392,0.0367698087570077,1429045.4477779288
2023-09-30,Atacado,756,38864641.83759392,0.0452158911107302,1757299.4133861763
2023-09-30,Atacado,777,38864641.83759392,0.0211832504769743,823279.4427436477
2023-09-30,Atacado,798,38864641.83759392,0.0209897813852553,815760.3357873437
2023-09-30,Atacado,819,38864641.83759392,0.0342220111525615,1330026.206406451
2023-09-30,Atacado,840,38864641.83759392,0.0,0.0
2023-09-30,Atacado,861,38864641.83759392,0.0411408932197859,1598926.0798656775
2023-09-30,Atacado,882,38864641.83759392,0.0452206058848481,1757482.6513936135
2023-09-30,Atacado,903,38864641.83759392,0.0,0.0
2023-09-30,Atacado,924,38864641.83759392,0.0118767394498127,461585.2249153955
2023-09-30,Atacado,945,38864641.83759392,0.0031941688719572,124140.2291774094
2023-09-30,Atacado,966,38864641.83759392,0.0075340918798972,292809.7824837315
2023-09-30,Atacado,987,38864641.83759392,0.0046848110593327,182073.5038977674
2023-09-30,Atacado,1008,38864641.83759392,0.0185350876000972,720359.541006209
2023-09-30,Atacado,1029,38864641.83759392,0.0066172821913831,257178.3023063957
2023-09-30,Atacado,1050,38864641.83759392,0.0,0.0
2023-09-30,Atacado,1071,38864641.83759392,0.0044755738500082,173941.57469827033
2023-09-30,Atacado,1092,38864641.83759392,0.0121048555548572,470450.8756353365
2023-09-30,Atacado,1113,38864641.83759392,0.0,0.0
2023-09-30,Atacado,1134,38864641.83759392,0.0,0.0
2023-09-30,Atacado,1155,38864641.83759392,0.0283223095610788,1100736.4171047928
2023-09-30,Atacado,1176,38864641.83759392,0.0,0.0
2023-09-30,Atacado,1197,38864641.83759392,0.0019718607365643,76635.66128018757
2023-09-30,Atacado,1218,38864641.83759392,0.0,0.0
2023-09-30,Atacado,1239,38864641.83759392,0.0095491373765109,371123.8039960802
2023-09-30,Atacado,1260,38864641.83759392,0.0239664504969789,931447.5146835122
2023-12-31,Varejo_Estavel,0,84639470.73383427,0.98177961822952,83097307.26421244
2023-12-31,Varejo_Estavel,21,84639470.73383427,0.9638600582397844,81580605.19089802
2023-12-31,Varejo_Estavel,42,84639470.73383427,0.956532940316509,80960441.8078676
2023-12-31,Varejo_Estavel,63,84639470.73383427,0.9393266866979588,79504113.60828139
2023-12-31,Varejo_Estavel,84,84639470.73383427,0.903473722363456,76469537.68277004
2023-12-31,Varejo_Estavel,105,84639470.73383427,0.91592040465188,77523018.28405444
2023-12-31,Varejo_Estavel,126,84639470.73383427,0.8753561447734108,74089680.7972311
2023-12-31,Varejo_Estavel,147,84639470.73383427,0.8889609053946936,75241180.53567699
2023-12-31,Varejo_Estavel,168,84639470.73383427,0.8758770402543218,74133769.11504304
2023-12-31,Varejo_Estavel,189,84639470.73383427,0.8343708181587751,70620704.444715
2023-12-31,Varejo_Estavel,210,84639470.73383427,0.8262637037452455,69934522.57157521
2023-12-31,Varejo_Estavel,231,84639470.73383427,0.7901782347086593,66880267.57113639
2023-12-31,Varejo_Estavel,252,84639470.73383427,0.7967244464222079,67434335.46588276
2023-12-31,Varejo_Estavel,273,84639470.73383427,0.7678477942158957,64990230.9065755
2023-12-31,Varejo_Estavel,294,84639470.73383427,0.7456660991884068,63112783.97946952
2023-12-31,Varejo_Estavel,315,84639470.73383427,0.740422890310742,62669001.55511703
2023-12-31,Varejo_Estavel,336,84639470.73383427,0.7237773238084375,61260129.61629713
2023-12-31,Varejo_Estavel,357,84639470.73383427,0.7112195272635706,60197244.36315643
2023-12-31,Varejo_Estavel,378,84639470.73383427,0.7125509477975057,60309935.09247285
2023-12-31,Varejo_Estavel,399,84639470.73383427,0.6780372218464025,57388711.59491888
2023-12-31,Varejo_Estavel,420,84639470.73383427,0.6948547606559244,58812139.17880253
2023-12-31,Varejo_Estavel,441,84639470.73383427,0.6449695650947251,54589882.6290488
2023-12-31,Varejo_Estavel,462,84639470.73383427,0.667348342964206,56484010.54359171
2023-12-31,Varejo_Estavel,483,84639470.73383427,0.6231100328486731,52739703.38925377
2023-12-31,Varejo_Estavel,504,84639470.73383427,0.6228881405043476,52720922.538670175
2023-12-31,Varejo_Estavel,525,84639470.73383427,0.6048524161574507,51194388.37564749
2023-12-31,Varejo_Estavel,546,84639470.73383427,0.5946820940855323,50333577.69828769
2023-12-31,Varejo_Estavel,567,84639470.73383427,0.5967281515992465,50506754.92333944
2023-12-31,Varejo_Estavel,588,84639470.73383427,0.5936432211659772,50245648.044216834
2023-12-31,Varejo_Estavel,609,84639470.73383427,0.5786889781945127,48979928.833886914
2023-12-31,Varejo_Estavel,630,84639470.73383427,0.5485213613883997,46426557.71411639
2023-12-31,Varejo_Estavel,651,84639470.73383427,0.5447829408207481,46110139.77588987
2023-12-31,Varejo_Estavel,672,84639470.73383427,0.5225902649593654,44231763.4368149
2023-12-31,Varejo_Estavel,693,84639470.73383427,0.5096868750003718,43139627.340013415
2023-12-31,Varejo_Estavel,714,84639470.73383427,0.4976430632214041,42120245.48542367
2023-12-31,Varejo_Estavel,735,84639470.73383427,0.4961599427326604,41994714.95222189
2023-12-31,Varejo_Estavel,756,84639470.73383427,0.4946133056589232,41863808.40888345
2023-12-31,Varejo_Estavel,777,84639470.73383427,0.4590747294288693,38855842.12613768
2023-12-31,Varejo_Estavel,798,84639470.73383427,0.4720462624141207,39953745.81261582
2023-12-31,Varejo_Estavel,819,84639470.73383427,0.4815646636832176,40759378.25826444
2023-12-31,Varejo_Estavel,840,84639470.73383427,0.467785419337925,39593110.309766695
2023-12-31,Varejo_Estavel,861,84639470.73383427,0.4384271501518497,37108241.94419584
2023-12-31,Varejo_Estavel,882,84639470.73383427,0.4199870529860743,35547481.87980414
2023-12-31,Varejo_Estavel,903,84639470.73383427,0.433737572112603,36711318.540989
2023-12-31,Varejo_Estavel,924,84639470.73383427,0.392047143226383,33182662.70539277
2023-12-31,Varejo_Estavel,945,84639470.73383427,0.4249781450265692,35969925.26849548
2023-12-31,Varejo_Estavel,966,84639470.73383427,0.4010534090638515,33944948.27916432
2023-12-31,Varejo_Estavel,987,84639470.73383427,0.4177092470494159,35354689.59089099
2023-12-31,Varejo_Estavel,1008,84639470.73383427,0.3672811970346176,31086486.127499137
2023-12-31,Varejo_Estavel,1029,84639470.73383427,0.3914446254257283,33131665.91763765
2023-12-31,Varejo_Estavel,1050,84639470.73383427,0.3717908526578839,31468180.99264425
2023-12-31,Varejo_Estavel,1071,84639470.73383427,0.3617395499027158,30617444.04726129
2023-12-31,Varejo_Estavel,1092,84639470.73383427,0.3421315078254529,28957829.743715007
2023-12-31,Varejo_Estavel,1113,84639470.73383427,0.3587155742560805,30361496.34901808
2023-12-31,Varejo_Estavel,1134,84639470.73383427,0.352813990362786,29861989.41179831
2023-12-31,Varejo_Estavel,1155,84639470.73383427,0.3593897189133397,30418555.596006542
2023-12-31,Varejo_Estavel,1176,84639470.73383427,0.3434641141050161,29070620.83391382
2023-12-31,Varejo_Estavel,1197,84639470.73383427,0.3177690068745109,26895800.557474744
2023-12-31,Varejo_Estavel,1218,84639470.73383427,0.3065040361463003,25942339.39720687
2023-12-31,Varejo_Estavel,1239,84639470.73383427,0.2959070541505958,25045416.449714467
2023-12-31,Varejo_Estavel,1260,84639470.73383427,0.3239077152106224,27415377.5820326
2023-12-31,Varejo_Nao_Estavel,0,46109128.578610666,1.0,46109128.578610666
2023-12-31,Varejo_Nao_Estavel,21,46109128.578610666,0.9581875770826506,44181194.19413135
2023-12-31,Varejo_Nao_Estavel,42,46109128.578610666,0.9100471481889144,41961480.96844061
2023-12-31,Varejo_Nao_Estavel,63,46109128.578610666,0.8588110064096025,39599027.11926639
2023-12-31,Varejo_Nao_Estavel,84,46109128.578610666,0.8289241070162544,38220968.2323225
2023-12-31,Varejo_Nao_Estavel,105,46109128.578610666,0.7813095648550954,36025503.18560194
2023-12-31,Varejo_Nao_Estavel,126,46109128.578610666,0.7394643506721522,34096056.82444111
2023-12-31,Varejo_Nao_Estavel,147,46109128.578610666,0.7164557379954368,33035149.74411499
2023-12-31,Varejo_Nao_Estavel,168,46109128.578610666,0.6723068193479843,30999481.57759298
2023-12-31,Varejo_Nao_Estavel,189,46109128.578610666,0.6320244524306938,29142096.741952863
2023-12-31,Varejo_Nao_Estavel,210,46109128.578610666,0.6179326908247147,28492337.89416364
2023-12-31,Varejo_Nao_Estavel,231,46109128.578610666,0.5805824841558955,26770152.41243338
2023-12-31,Varejo_Nao_Estavel,252,46109128.578610666,0.5592465575175957,25786371.427724205
2023-12-31,Varejo_Nao_Estavel,273,46109128.578610666,0.5213084055375904,24037076.300043263
2023-12-31,Varejo_Nao_Estavel,294,46109128.578610666,0.4869013667602986,22450597.72505188
2023-12-31,Varejo_Nao_Estavel,315,46109128.578610666,0.4981071869583893,22967288.329394437
2023-12-31,Varejo_Nao_Estavel,336,46109128.578610666,0.4728818234381984,21804168.79939976
2023-12-31,Varejo_Nao_Estavel,357,46109128.578610666,0.4430689576749916,20429523.5386272
2023-12-31,Varejo_Nao_Estavel,378,46109128.578610666,0.4070025674114859,18766533.71260086
2023-12-31,Varejo_Nao_Estavel,399,46109128.578610666,0.3882463422929237,17901700.51695971
2023-12-31,Varejo_Nao_Estavel,420,46109128.578610666,0.3895848880504119,17963419.69540009
2023-12-31,Varejo_Nao_Estavel,441,46109128.578610666,0.3508048883727331,16175307.703983512
2023-12-31,Varejo_Nao_Estavel,462,46109128.578610666,0.3303775128535816,15233419.21964739
2023-12-31,Varejo_Nao_Estavel,483,46109128.578610666,0.344174240963884,15869574.33004946
2023-12-31,Varejo_Nao_Estavel,504,46109128.578610666,0.3056568908835823,14093572.882689469
2023-12-31,Varejo_Nao_Estavel,525,46109128.578610666,0.3127164420059097,14419082.633096138
2023-12-31,Varejo_Nao_Estavel,546,46109128.578610666,0.2606898361571997,12020181.174509268
2023-12-31,Varejo_Nao_Estavel,567,46109128.578610666,0.2703387378847063,12465083.62490525
2023-12-31,Varejo_Nao_Estavel,588,46109128.578610666,0.2762658040269602,12738375.479752364
2023-12-31,Varejo_Nao_Estavel,609,46109128.578610666,0.2396735248502944,11051137.374211064
2023-12-31,Varejo_Nao_Estavel,630,46109128.578610666,0.2246341576955775,10357685.26033329
2023-12-31,Varejo_Nao_Estavel,651,46109128.578610666,0.2028288753126566,9352262.691246271
2023-12-31,Varejo_Nao_Estavel,672,46109128.578610666,0.2193970384009758,10116206.253396977
2023-12-31,Varejo_Nao_Estavel,693,46109128.578610666,0.1872363729805026,8633305.996350702
2023-12-31,Varejo_Nao_Estavel,714,46109128.578610666,0.1858870091077559,8571088.004042892
2023-12-31,Varejo_Nao_Estavel,735,46109128.578610666,0.1632123107507666,7525577.422019258
2023-12-31,Varejo_Nao_Estavel,756,46109128.578610666,0.1881436409379042,8675139.331253786
2023-12-31,Varejo_Nao_Estavel,777,46109128.578610666,0.1751662082033634,8076761.216676573
2023-12-31,Varejo_Nao_Estavel,798,46109128.578610666,0.1531675293112277,7062421.303079518
2023-12-31,Varejo_Nao_Estavel,819,46109128.578610666,0.1323091299620655,6100658.685544989
2023-12-31,Varejo_Nao_Estavel,840,46109128.578610666,0.1575576157901032,7264844.36500521
2023-12-31,Varejo_Nao_Estavel,861,46109128.578610666,0.1280417060703461,5903891.488622266
2023-12-31,Varejo_Nao_Estavel,882,46109128.578610666,0.1127986471605075,5201047.325417177
2023-12-31,Varejo_Nao_Estavel,903,46109128.578610666,0.098850474912807,4557909.257811349
2023-12-31,Varejo_Nao_Estavel,924,46109128.578610666,0.1064709126853209,4909281.002889493
2023-12-31,Varejo_Nao_Estavel,945,46109128.578610666,0.0912712171025447,4208436.284907524
2023-12-31,Varejo_Nao_Estavel,966,46109128.578610666,0.0960218171693636,4427482.314214033
2023-12-31,Varejo_Nao_Estavel,987,46109128.578610666,0.1074490552301979,4954382.303259438
2023-12-31,Varejo_Nao_Estavel,1008,46109128.578610666,0.0892714125983852,4116227.041893148
2023-12-31,Varejo_Nao_Estavel,1029,46109128.578610666,0.0935326531880287,4312709.132145417
2023-12-31,Varejo_Nao_Estavel,1050,46109128.578610666,0.0762895161985094,3517643.1115970714
2023-12-31,Varejo_Nao_Estavel,1071,46109128.578610666,0.0816633973898218,3765428.090413476
2023-12-31,Varejo_Nao_Estavel,1092,46109128.578610666,0.100040709925419,4612789.957046636
2023-12-31,Varejo_Nao_Estavel,1113,46109128.578610666,0.0691038299349689,3186317.379745929
2023-12-31,Varejo_Nao_Estavel,1134,46109128.578610666,0.0743728019621377,3429265.0884237587
2023-12-31,Varejo_Nao_Estavel,1155,46109128.578610666,0.0476169559532028,2195576.34456827
2023-12-31,Varejo_Nao_Estavel,1176,46109128.578610666,0.0814496759272934,3755573.580017744
2023-12-31,Varejo_Nao_Estavel,1197,46109128.578610666,0.0544407588768956,2510215.9509719205
2023-12-31,Varejo_Nao_Estavel,1218,46109128.578610666,0.0698787985882795,3222050.509025821
2023-12-31,Varejo_Nao_Estavel,1239,46109128.578610666,0.0530386680492653,2445566.7647218234
2023-12-31,Varejo_Nao_Estavel,1260,46109128.578610666,0.0592327999913724,2731172.790873323
2023-12-31,Atacado,0,37348543.4952385,0.9945707159258474,37145767.64284701
2023-12-31,Atacado,21,37348543.4952385,0.9191911908389292,34330452.171487816
2023-12-31,Atacado,42,37348543.4952385,0.8118882136923102,30322842.262358736
2023-12-31,Atacado,63,37348543.4952385,0.7532301208101084,28132047.929000083
2023-12-31,Atacado,84,37348543.4952385,0.6693520211286396,24999323.07474879
2023-12-31,Atacado,105,37348543.4952385,0.6149294649027717,22966719.866424903
2023-12-31,Atacado,126,37348543.4952385,0.5478357213482509,20460866.267020505
2023-12-31,Atacado,147,37348543.4952385,0.5020105341129492,18749362.26838539
2023-12-31,Atacado,168,37348543.4952385,0.4414261620887343,16486624.214707294
2023-12-31,Atacado,189,37348543.4952385,0.4146269794522427,15485713.776371447
2023-12-31,Atacado,210,37348543.4952385,0.3735272127191694,13950697.3508971
2023-12-31,Atacado,231,37348543.4952385,0.3314863426408794,12380532.086200418
2023-12-31,Atacado,252,37348543.4952385,0.3055686874662652,11412545.414616749
2023-12-31,Atacado,273,37348543.4952385,0.2790785927994946,10423178.96176188
2023-12-31,Atacado,294,37348543.4952385,0.2440165281971795,9113661.91692945
2023-12-31,Atacado,315,37348543.4952385,0.2262571086940351,8450373.465166073
2023-12-31,Atacado,336,37348543.4952385,0.1943422984570137,7258401.786886401
2023-12-31,Atacado,357,37348543.4952385,0.2151735082879679,8036417.133316231
2023-12-31,Atacado,378,37348543.4952385,0.1821703296592332,6803796.480819809
2023-12-31,Atacado,399,37348543.4952385,0.1568236755693639,5857135.868085559
2023-12-31,Atacado,420,37348543.4952385,0.153192086328912,5721501.299381702
2023-12-31,Atacado,441,37348543.4952385,0.1023100755301123,3821132.3059375375
2023-12-31,Atacado,462,37348543.4952385,0.0835303374140381,3119736.440080152
2023-12-31,Atacado,483,37348543.4952385,0.0987041744666386,3686457.153228864
2023-12-31,Atacado,504,37348543.4952385,0.0772334448428627,2884556.674000761
2023-12-31,Atacado,525,37348543.4952385,0.0821302658195162,3067445.805235702
2023-12-31,Atacado,546,37348543.4952385,0.0794577797475255,2967632.342935537
2023-12-31,Atacado,567,37348543.4952385,0.0808046226907892,3017934.9651832767
2023-12-31,Atacado,588,37348543.4952385,0.0495492346469884,1850591.7453688264
2023-12-31,Atacado,609,37348543.4952385,0.0620679630233224,2318148.016637413
2023-12-31,Atacado,630,37348543.4952385,0.0520665239289496,1944608.8336062504
2023-12-31,Atacado,651,37348543.4952385,0.0511905205878825,1911891.3847204333
2023-12-31,Atacado,672,37348543.4952385,0.0363673795680267,1358268.657604295
2023-12-31,Atacado,693,37348543.4952385,0.0552011907853858,2061684.07503694
2023-12-31,Atacado,714,37348543.4952385,0.0337361390503603,1259995.6566837977
2023-12-31,Atacado,735,37348543.4952385,0.0529835637422881,1978858.9349615893
2023-12-31,Atacado,756,37348543.4952385,0.0192323347289279,718299.6901383504
2023-12-31,Atacado,777,37348543.4952385,0.0349340648885147,1304736.4419541752
2023-12-31,Atacado,798,37348543.4952385,0.0228605201144799,853807.129819429
2023-12-31,Atacado,819,37348543.4952385,0.0174295200738915,650967.1885808714
2023-12-31,Atacado,840,37348543.4952385,0.0269440314197826,1006320.3294188268
2023-12-31,Atacado,861,37348543.4952385,0.0139483877545588,520951.9667395947
2023-12-31,Atacado,882,37348543.4952385,0.0,0.0
2023-12-31,Atacado,903,37348543.4952385,0.0,0.0
2023-12-31,Atacado,924,37348543.4952385,0.0283158441202224,1057555.5357285212
2023-12-31,Atacado,945,37348543.4952385,0.0265846347489483,992897.3872261264
2023-12-31,Atacado,966,37348543.4952385,0.0333594444858254,1245926.6633558448
2023-12-31,Atacado,987,37348543.4952385,0.0094950929153377,354627.8907398222
2023-12-31,Atacado,1008,37348543.4952385,0.0,0.0
2023-12-31,Atacado,1029,37348543.4952385,0.002933114963187,109547.57177912626
2023-12-31,Atacado,1050,37348543.4952385,0.0073569155718202,274770.08122492605
2023-12-31,Atacado,1071,37348543.4952385,0.0,0.0
2023-12-31,Atacado,1092,37348543.4952385,0.0257103413869947,960243.8035696036
2023-12-31,Atacado,1113,37348543.4952385,0.0322448229382094,1204297.1720039805
2023-12-31,Atacado,1134,37348543.4952385,0.0106057769970026,396110.3234733538
2023-12-31,Atacado,1155,37348543.4952385,0.0042790309906766,159815.575072762
2023-12-31,Atacado,1176,37348543.4952385,0.0,0.0
2023-12-31,Atacado,1197,37348543.4952385,0.0221773033334712,828289.9781572483
2023-12-31,Atacado,1218,37348543.4952385,0.0041958089351016,156707.3525103536
2023-12-31,Atacado,1239,37348543.4952385,0.0,0.0
2023-12-31,Atacado,1260,37348543.4952385,0.0084670604839808,316232.37676277536
2024-03-31,Varejo_Estavel,0,75314307.76808651,1.0,75314307.76808651
2024-03-31,Varejo_Estavel,21,75314307.76808651,0.9616344025108527,72424829.35108235
2024-03-31,Varejo_Estavel,42,75314307.76808651,0.9713764106502198,73158541.95036983
2024-03-31,Varejo_Estavel,63,75314307.76808651,0.9368998112014774,70561960.7286902
2024-03-31,Varejo_Estavel,84,75314307.76808651,0.9323046142804894,70215876.65352796
2024-03-31,Varejo_Estavel,105,75314307.76808651,0.8966475647273122,67530390.64937806
2024-03-31,Varejo_Estavel,126,75314307.76808651,0.8784961739972467,66163331.22151511
2024-03-31,Varejo_Estavel,147,75314307.76808651,0.8470507362257441,63795039.84328996
2024-03-31,Varejo_Estavel,168,75314307.76808651,0.852573814137862,64211006.63299032
2024-03-31,Varejo_Estavel,189,75314307.76808651,0.8151868300787266,61395231.809040055
2024-03-31,Varejo_Estavel,210,75314307.76808651,0.8024739708197282,60437771.61419548
2024-03-31,Varejo_Estavel,231,75314307.76808651,0.7913038121036851,59596498.84283704
2024-03-31,Varejo_Estavel,252,75314307.76808651,0.7760845113376001,58450267.74092504
2024-03-31,Varejo_Estavel,273,75314307.76808651,0.7378460559939595,55570364.94659785
2024-03-31,Varejo_Estavel,294,75314307.76808651,0.7395823829896544,55701135.21233766
2024-03-31,Varejo_Estavel,315,75314307.76808651,0.7362638546680049,55451202.54898384
2024-03-31,Varejo_Estavel,336,75314307.76808651,0.7068791997467601,53238117.60458618
2024-03-31,Varejo_Estavel,357,75314307.76808651,0.6937428346113709,52248761.357825525
2024-03-31,Varejo_Estavel,378,75314307.76808651,0.6837242590125576,51494219.27177866
2024-03-31,Varejo_Estavel,399,75314307.76808651,0.6659084018944532,50152430.32563349
2024-03-31,Varejo_Estavel,420,75314307.76808651,0.6410005502225538,48276512.7189742
2024-03-31,Varejo_Estavel,441,75314307.76808651,0.6391732958532417,48138894.32103325
2024-03-31,Varejo_Estavel,462,75314307.76808651,0.6380707138316668,48055854.11932081
2024-03-31,Varejo_Estavel,483,75314307.76808651,0.6003436848859792,45214469.050129786
2024-03-31,Varejo_Estavel,504,75314307.76808651,0.5955575771152217,44854006.65647172
2024-03-31,Varejo_Estavel,525,75314307.76808651,0.5708371053029553,42992201.43423038
2024-03-31,Varejo_Estavel,546,75314307.76808651,0.5863446217301146,44160139.29914411
2024-03-31,Varejo_Estavel,567,75314307.76808651,0.5618315310620231,42313952.84422046
2024-03-31,Varejo_Estavel,588,75314307.76808651,0.5408841755475664,40736317.26407715
2024-03-31,Varejo_Estavel,609,75314307.76808651,0.540590082112083,40714167.820564575
2024-03-31,Varejo_Estavel,630,75314307.76808651,0.513680343043286,38687479.4503783
2024-03-31,Varejo_Estavel,651,75314307.76808651,0.5046014323611607,38003707.57706574
2024-03-31,Varejo_Estavel,672,75314307.76808651,0.4885957556785158,36798251.11735254
2024-03-31,Varejo_Estavel,693,75314307.76808651,0.4826592024846072,36351143.7230249
2024-03-31,Varejo_Estavel,714,75314307.76808651,0.5013161892713354,37756281.76790566
2024-03-31,Varejo_Estavel,735,75314307.76808651,0.4660179680984919,35097820.674828134
2024-03-31,Varejo_Estavel,756,75314307.76808651,0.4704123789760209,35428782.68811779
2024-03-31,Varejo_Estavel,777,75314307.76808651,0.4449948616416082,33514479.96489315
2024-03-31,Varejo_Estavel,798,75314307.76808651,0.4545637640193282,34235155.22357154
2024-03-31,Varejo_Estavel,819,75314307.76808651,0.4237569954573791,31914964.774756685
2024-03-31,Varejo_Estavel,840,75314307.76808651,0.4273588271726927,32186234.237092678
2024-03-31,Varejo_Estavel,861,75314307.76808651,0.4185337541073333,31521579.96817234
2024-03-31,Varejo_Estavel,882,75314307.76808651,0.4370339117186123,32914906.532266315
2024-03-31,Varejo_Estavel,903,75314307.76808651,0.4080513382534361,30732104.07439886
2024-03-31,Varejo_Estavel,924,75314307.76808651,0.3849387503565188,28991395.51621348
2024-03-31,Varejo_Estavel,945,75314307.76808651,0.3920191073725462,29524647.70362649
2024-03-31,Varejo_Estavel,966,75314307.76808651,0.4013753536333828,30229306.91406915
2024-03-31,Varejo_Estavel,987,75314307.76808651,0.3482505260492122,26228247.299268395
2024-03-31,Varejo_Estavel,1008,75314307.76808651,0.3499518498738651,26356381.32541148
2024-03-31,Varejo_Estavel,1029,75314307.76808651,0.3496374076015774,26332699.323341116
2024-03-31,Varejo_Estavel,1050,75314307.76808651,0.3400532986147777,25610878.78942639
2024-03-31,Varejo_Estavel,1071,75314307.76808651,0.3337997298173821,25139895.58437044
2024-03-31,Varejo_Estavel,1092,75314307.76808651,0.3150294591934266,23726225.64570758
2024-03-31,Varejo_Estavel,1113,75314307.76808651,0.3405649173164987,25649410.99778772
2024-03-31,Varejo_Estavel,1134,75314307.76808651,0.2998299485053957,22581485.0198249
2024-03-31,Varejo_Estavel,1155,75314307.76808651,0.3078260267122123,23183704.114830777
2024-03-31,Varejo_Estavel,1176,75314307.76808651,0.3162463760039147,23817876.892900843
2024-03-31,Varejo_Estavel,1197,75314307.76808651,0.2969395604649301,22363797.44537608
2024-03-31,Varejo_Estavel,1218,75314307.76808651,0.2792890638980346,21034462.51467736
2024-03-31,Varejo_Estavel,1239,75314307.76808651,0.2687295113860122,20239177.12689364
2024-03-31,Varejo_Estavel,1260,75314307.76808651,0.2761544890880525,20798384.182716276
2024-03-31,Varejo_Nao_Estavel,0,46214852.17074767,1.0,46214852.17074767
2024-03-31,Varejo_Nao_Estavel,21,46214852.17074767,0.931370963535011,43043171.39589735
2024-03-31,Varejo_Nao_Estavel,42,46214852.17074767,0.9088176277040632,42000872.31451287
2024-03-31,Varejo_Nao_Estavel,63,46214852.17074767,0.8538659735266921,39461289.74016762
2024-03-31,Varejo_Nao_Estavel,84,46214852.17074767,0.8105890760303486,37461254.319965504
2024-03-31,Varejo_Nao_Estavel,105,46214852.17074767,0.783724054050865,36219691.30061978
2024-03-31,Varejo_Nao_Estavel,126,46214852.17074767,0.721467546063818,33342515.98733143
2024-03-31,Varejo_Nao_Estavel,147,46214852.17074767,0.6803586926839482,31442676.40547181
2024-03-31,Varejo_Nao_Estavel,168,46214852.17074767,0.6467935727110427,29891469.347830568
2024-03-31,Varejo_Nao_Estavel,189,46214852.17074767,0.6172044265985799,28524011.33438445
2024-03-31,Varejo_Nao_Estavel,210,46214852.17074767,0.5863251024526802,27096927.933849096
2024-03-31,Varejo_Nao_Estavel,231,46214852.17074767,0.5470132969019672,25280138.65175772
2024-03-31,Varejo_Nao_Estavel,252,46214852.17074767,0.5038465225856348,23285192.558040388
2024-03-31,Varejo_Nao_Estavel,273,46214852.17074767,0.4940294597307953,22831498.449453045
2024-03-31,Varejo_Nao_Estavel,294,46214852.17074767,0.4791332960693257,22143074.447926965
2024-03-31,Varejo_Nao_Estavel,315,46214852.17074767,0.4518495320135435,20882159.32542743
2024-03-31,Varejo_Nao_Estavel,336,46214852.17074767,0.4412827456774617,20393816.85698553
2024-03-31,Varejo_Nao_Estavel,357,46214852.17074767,0.4282361658105286,19790871.097101368
2024-03-31,Varejo_Nao_Estavel,378,46214852.17074767,0.3929105250662417,18158301.832267206
2024-03-31,Varejo_Nao_Estavel,399,46214852.17074767,0.3805035434194456,17584915.00957535
2024-03-31,Varejo_Nao_Estavel,420,46214852.17074767,0.3542596488476385,16372057.301554592
2024-03-31,Varejo_Nao_Estavel,441,46214852.17074767,0.3476991149942603,16068863.199359534
2024-03-31,Varejo_Nao_Estavel,462,46214852.17074767,0.3324388240391775,15363611.108787784
2024-03-31,Varejo_Nao_Estavel,483,46214852.17074767,0.3055691163195429,14121831.538653675
2024-03-31,Varejo_Nao_Estavel,504,46214852.17074767,0.287391041197481,13281734.484138835
2024-03-31,Varejo_Nao_Estavel,525,46214852.17074767,0.2620006816049533,12108322.769008046
2024-03-31,Varejo_Nao_Estavel,546,46214852.17074767,0.250265138893913,11565966.39747382
2024-03-31,Varejo_Nao_Estavel,567,46214852.17074767,0.2337147943206165,10801094.66964399
2024-03-31,Varejo_Nao_Estavel,588,46214852.17074767,0.2329046720824928,10763654.99016887
2024-03-31,Varejo_Nao_Estavel,609,46214852.17074767,0.2051245639589564,9479801.399952248
2024-03-31,Varejo_Nao_Estavel,630,46214852.17074767,0.2003997605685203,9261445.309727397
2024-03-31,Varejo_Nao_Estavel,651,46214852.17074767,0.1639291414075132,7575961.036625816
2024-03-31,Varejo_Nao_Estavel,672,46214852.17074767,0.2029105218624389,9377479.771761876
2024-03-31,Varejo_Nao_Estavel,693,46214852.17074767,0.1701459377370132,7863269.359969305
2024-03-31,Varejo_Nao_Estavel,714,46214852.17074767,0.169305983096796,7824450.980441534
2024-03-31,Varejo_Nao_Estavel,735,46214852.17074767,0.1728436928102373,7987945.71187124
2024-03-31,Varejo_Nao_Estavel,756,46214852.17074767,0.150904825056674,6974044.181846729
2024-03-31,Varejo_Nao_Estavel,777,46214852.17074767,0.1570015086575493,7255801.513193003
2024-03-31,Varejo_Nao_Estavel,798,46214852.17074767,0.1175320330490955,5431725.53269138
2024-03-31,Varejo_Nao_Estavel,819,46214852.17074767,0.1543398431074144,7132793.033265547
2024-03-31,Varejo_Nao_Estavel,840,46214852.17074767,0.1321105923523763,6105471.495754978
2024-03-31,Varejo_Nao_Estavel,861,46214852.17074767,0.115406735036882,5333505.199238148
2024-03-31,Varejo_Nao_Estavel,882,46214852.17074767,0.1241479163539507,5737477.60160418
2024-03-31,Varejo_Nao_Estavel,903,46214852.17074767,0.0874770688026699,4042739.803045713
2024-03-31,Varejo_Nao_Estavel,924,46214852.17074767,0.092778393568941,4287739.743428054
2024-03-31,Varejo_Nao_Estavel,945,46214852.17074767,0.1085863344869856,5018301.396079402
2024-03-31,Varejo_Nao_Estavel,966,46214852.17074767,0.0641225208467773,2963412.8217495005
2024-03-31,Varejo_Nao_Estavel,987,46214852.17074767,0.0887696194491941,4102474.8400980346
2024-03-31,Varejo_Nao_Estavel,1008,46214852.17074767,0.0841794007596433,3890338.5619290406
2024-03-31,Varejo_Nao_Estavel,1029,46214852.17074767,0.0973934002175418,4501021.5934601575
2024-03-31,Varejo_Nao_Estavel,1050,46214852.17074767,0.0509454606944231,2354436.9347634017
2024-03-31,Varejo_Nao_Estavel,1071,46214852.17074767,0.0856327455607402,3957504.67706486
2024-03-31,Varejo_Nao_Estavel,1092,46214852.17074767,0.0561675236194838,2595773.8008714262
2024-03-31,Varejo_Nao_Estavel,1113,46214852.17074767,0.054259083432378,2507575.5197476167
2024-03-31,Varejo_Nao_Estavel,1134,46214852.17074767,0.0418699697236523,1935014.461172276
2024-03-31,Varejo_Nao_Estavel,1155,46214852.17074767,0.040550678481401,1874043.6114414672
2024-03-31,Varejo_Nao_Estavel,1176,46214852.17074767,0.0556698140953327,2572772.2287888066
2024-03-31,Varejo_Nao_Estavel,1197,46214852.17074767,0.0348461053166219,1610407.6059339854
2024-03-31,Varejo_Nao_Estavel,1218,46214852.17074767,0.0545804863791451,2522429.1094197016
2024-03-31,Varejo_Nao_Estavel,1239,46214852.17074767,0.0353738422359976,1634796.889647983
2024-03-31,Varejo_Nao_Estavel,1260,46214852.17074767,0.0265280608021417,1225990.4083475857
2024-03-31,Atacado,0,33152667.98774037,1.0,33152667.98774037
2024-03-31,Atacado,21,33152667.98774037,0.8957329597182394,29695937.41921481
2024-03-31,Atacado,42,33152667.98774037,0.8087215607181124,26811277.3970148
2024-03-31,Atacado,63,33152667.98774037,0.7350755815863134,24369716.702226207
2024-03-31,Atacado,84,33152667.98774037,0.6663557936706085,22091472.38926891
2024-03-31,Atacado,105,33152667.98774037,0.583695537487103,19351064.36023559
2024-03-31,Atacado,126,33152667.98774037,0.5155928814351175,17093279.615060836
2024-03-31,Atacado,147,33152667.98774037,0.4757285218209532,15771669.736228565
2024-03-31,Atacado,168,33152667.98774037,0.4325358870728006,14339718.656907322
2024-03-31,Atacado,189,33152667.98774037,0.3662698161370766,12142821.608323213
2024-03-31,Atacado,210,33152667.98774037,0.33437105777639,11085292.663170213
2024-03-31,Atacado,231,33152667.98774037,0.301598337676127,9998789.554631049
2024-03-31,Atacado,252,33152667.98774037,0.2764206131757414,9164080.813582966
2024-03-31,Atacado,273,33152667.98774037,0.2416287794219585,8010638.700459143
2024-03-31,Atacado,294,33152667.98774037,0.233934141452915,7755540.922585583
2024-03-31,Atacado,315,33152667.98774037,0.1834314366683783,6081241.518380971
2024-03-31,Atacado,336,33152667.98774037,0.1632768187588357,5413062.162406139
2024-03-31,Atacado,357,33152667.98774037,0.1598323521106196,5298868.903222986
2024-03-31,Atacado,378,33152667.98774037,0.1451934701577015,4813550.910126169
2024-03-31,Atacado,399,33152667.98774037,0.1149771603206147,3811799.6222825353
2024-03-31,Atacado,420,33152667.98774037,0.1117842838587403,3705947.249016144
2024-03-31,Atacado,441,33152667.98774037,0.1022344385534163,3389344.3982744548
2024-03-31,Atacado,462,33152667.98774037,0.0915221967499091,3034205.0023583905
2024-03-31,Atacado,483,33152667.98774037,0.0883498208169884,2929032.27632197
2024-03-31,Atacado,504,33152667.98774037,0.0698543402284187,2315857.7490954227
2024-03-31,Atacado,525,33152667.98774037,0.0876749613311892,2906658.883850894
2024-03-31,Atacado,546,33152667.98774037,0.0687396282140735,2278902.0717818923
2024-03-31,Atacado,567,33152667.98774037,0.046848660119474,1553158.0746114166
2024-03-31,Atacado,588,33152667.98774037,0.0519616838462965,1722668.452640201
2024-03-31,Atacado,609,33152667.98774037,0.0471852581985774,1564317.198973243
2024-03-31,Atacado,630,33152667.98774037,0.0556611241662988,1845314.7693096984
2024-03-31,Atacado,651,33152667.98774037,0.0297328605341942,985723.65361593
2024-03-31,Atacado,672,33152667.98774037,0.042417092165901,1406239.7735814997
2024-03-31,Atacado,693,33152667.98774037,0.0303592020502147,1006488.5459434956
2024-03-31,Atacado,714,33152667.98774037,0.0447420219670305,1483317.3993731504
2024-03-31,Atacado,735,33152667.98774037,0.0396243983753153,1313654.5235507905
2024-03-31,Atacado,756,33152667.98774037,0.0240614257584652,797700.4594820617
2024-03-31,Atacado,777,33152667.98774037,0.0163601454396729,542382.4699926213
2024-03-31,Atacado,798,33152667.98774037,0.0236177404209874,782991.1067976318
2024-03-31,Atacado,819,33152667.98774037,0.0136027570936843,450967.6896447968
2024-03-31,Atacado,840,33152667.98774037,0.0343402237848907,1138470.037765187
2024-03-31,Atacado,861,33152667.98774037,0.0136872166494623,453767.7492558987
2024-03-31,Atacado,882,33152667.98774037,0.0065913409890606,218520.5394043105
2024-03-31,Atacado,903,33152667.98774037,0.0047870085167975,158702.1040118751
2024-03-31,Atacado,924,33152667.98774037,0.0,0.0
2024-03-31,Atacado,945,33152667.98774037,0.0150062447412795,497497.0496504166
2024-03-31,Atacado,966,33152667.98774037,0.0,0.0
2024-03-31,Atacado,987,33152667.98774037,0.0199090176619189,660037.0525076585
2024-03-31,Atacado,1008,33152667.98774037,0.0,0.0
2024-03-31,Atacado,1029,33152667.98774037,0.0069678318850378,231002.2170790507
2024-03-31,Atacado,1050,33152667.98774037,0.0186944181940912,619769.8396126814
2024-03-31,Atacado,1071,33152667.98774037,0.0,0.0
2024-03-31,Atacado,1092,33152667.98774037,0.0281732283851682,934017.6867962657
2024-03-31,Atacado,1113,33152667.98774037,0.0,0.0
2024-03-31,Atacado,1134,33152667.98774037,0.0048892402709573,162091.35941533843
2024-03-31,Atacado,1155,33152667.98774037,0.0097308763244385,322604.51201387297
2024-03-31,Atacado,1176,33152667.98774037,0.0112969880982346,374525.2956822281
2024-03-31,Atacado,1197,33152667.98774037,0.0056092774056058,185962.5114791853
2024-03-31,Atacado,1218,33152667.98774037,0.014056837610939,466021.6702730437
2024-03-31,Atacado,1239,33152667.98774037,0.0081062884751175,268745.09042841825
2024-03-31,Atacado,1260,33152667.98774037,0.0228185070657032,756494.3887251688
2024-06-30,Varejo_Estavel,0,84178620.34283678,1.0,84178620.34283678
2024-06-30,Varejo_Estavel,21,84178620.34283678,0.9897569508038526,83316374.5934013
2024-06-30,Varejo_Estavel,42,84178620.34283678,0.9366623628699716,78846945.43345575
2024-06-30,Varejo_Estavel,63,84178620.34283678,0.9694859758357596,81609991.88758305
2024-06-30,Varejo_Estavel,84,84178620.34283678,0.9115068746511544,76729391.14114526
2024-06-30,Varejo_Estavel,105,84178620.34283678,0.9170077270438324,77192445.30627048
2024-06-30,Varejo_Estavel,126,84178620.34283678,0.8804520918200877,74115242.36737964
2024-06-30,Varejo_Estavel,147,84178620.34283678,0.8743316284564786,73600030.20557214
2024-06-30,Varejo_Estavel,168,84178620.34283678,0.8351949835312548,70305561.43091932
2024-06-30,Varejo_Estavel,189,84178620.34283678,0.8332058440440787,70138118.41321938
2024-06-30,Varejo_Estavel,210,84178620.34283678,0.8052727527533861,67786749.32645836
2024-06-30,Varejo_Estavel,231,84178620.34283678,0.8102392832097733,68204825.00816771
2024-06-30,Varejo_Estavel,252,84178620.34283678,0.779893839142332,65650387.39287978
2024-06-30,Varejo_Estavel,273,84178620.34283678,0.7695505309721913,64779701.98133655
2024-06-30,Varejo_Estavel,294,84178620.34283678,0.7163831309178338,60304143.59754507
2024-06-30,Varejo_Estavel,315,84178620.34283678,0.7256942198868168,61087938.22084346
2024-06-30,Varejo_Estavel,336,84178620.34283678,0.7163458757817464,60301007.51158854
2024-06-30,Varejo_Estavel,357,84178620.34283678,0.6991229945392071,58851209.13026307
2024-06-30,Varejo_Estavel,378,84178620.34283678,0.6933092729670591,58361818.069262266
2024-06-30,Varejo_Estavel,399,84178620.34283678,0.6630290761433677,55812872.87693437
2024-06-30,Varejo_Estavel,420,84178620.34283678,0.6539521815116206,55048792.4098366
2024-06-30,Varejo_Estavel,441,84178620.34283678,0.6537841705102244,55034649.47553665
2024-06-30,Varejo_Estavel,462,84178620.34283678,0.5987975677502518,50405953.11786254
2024-06-30,Varejo_Estavel,483,84178620.34283678,0.6200300022728444,52193270.162494
2024-06-30,Varejo_Estavel,504,84178620.34283678,0.5960447418771289,50174224.033818975
2024-06-30,Varejo_Estavel,525,84178620.34283678,0.5764688636955327,48526353.61649278
2024-06-30,Varejo_Estavel,546,84178620.34283678,0.5790865690155422,48746708.43879528
2024-06-30,Varejo_Estavel,567,84178620.34283678,0.5776692451057814,48627400.0674927
2024-06-30,Varejo_Estavel,588,84178620.34283678,0.563556297128647,47439391.57780729
2024-06-30,Varejo_Estavel,609,84178620.34283678,0.5378615385394854,45276442.24972941
2024-06-30,Varejo_Estavel,630,84178620.34283678,0.5386324371871628,45341335.434315056
2024-06-30,Varejo_Estavel,651,84178620.34283678,0.5274201935200358,44397504.2314686
2024-06-30,Varejo_Estavel,672,84178620.34283678,0.5050689027908192,42516003.415001504
2024-06-30,Varejo_Estavel,693,84178620.34283678,0.4871435867114375,41007075.03822989
2024-06-30,Varejo_Estavel,714,84178620.34283678,0.4774053298898697,40187322.014446095
2024-06-30,Varejo_Estavel,735,84178620.34283678,0.4848696282603006,40815656.353096254
2024-06-30,Varejo_Estavel,756,84178620.34283678,0.4643119157396508,39085136.47570329
2024-06-30,Varejo_Estavel,777,84178620.34283678,0.4424762920443121,37247043.798704326
2024-06-30,Varejo_Estavel,798,84178620.34283678,0.4252310050440601,35795359.33160685
2024-06-30,Varejo_Estavel,819,84178620.34283678,0.4460519568937114,37548038.33253513
2024-06-30,Varejo_Estavel,840,84178620.34283678,0.420326750972381,35382525.99004216
2024-06-30,Varejo_Estavel,861,84178620.34283678,0.4218641914567777,35511945.6088779
2024-06-30,Varejo_Estavel,882,84178620.34283678,0.4239767305663227,35689776.23653968
2024-06-30,Varejo_Estavel,903,84178620.34283678,0.3847791410754323,32390177.23243165
2024-06-30,Varejo_Estavel,924,84178620.34283678,0.391511949962316,32956935.795561507
2024-06-30,Varejo_Estavel,945,84178620.34283678,0.3817501900541136,32135204.314371016
2024-06-30,Varejo_Estavel,966,84178620.34283678,0.3802741744950958,32010955.36100834
2024-06-30,Varejo_Estavel,987,84178620.34283678,0.3826760791160689,32213144.37819694
2024-06-30,Varejo_Estavel,1008,84178620.34283678,0.3441082126087409,28966554.58604336
2024-06-30,Varejo_Estavel,1029,84178620.34283678,0.3593177536954062,30246872.770766538
2024-06-30,Varejo_Estavel,1050,84178620.34283678,0.3574366426404055,30088523.43744492
2024-06-30,Varejo_Estavel,1071,84178620.34283678,0.3355562854298592,28246665.154852696
2024-06-30,Varejo_Estavel,1092,84178620.34283678,0.329030882465828,27697365.73615949
2024-06-30,Varejo_Estavel,1113,84178620.34283678,0.3287388371017176,27672781.76033115
2024-06-30,Varejo_Estavel,1134,84178620.34283678,0.3210390566217926,27024624.86258836
2024-06-30,Varejo_Estavel,1155,84178620.34283678,0.3172168117160878,26702873.559813693
2024-06-30,Varejo_Estavel,1176,84178620.34283678,0.3104317752196009,26131718.54856364
2024-06-30,Varejo_Estavel,1197,84178620.34283678,0.2855181110832925,24034520.673884377
2024-06-30,Varejo_Estavel,1218,84178620.34283678,0.3029249918733272,25499807.88326173
2024-06-30,Varejo_Estavel,1239,84178620.34283678,0.2989150172087826,25162253.748390637
2024-06-30,Varejo_Estavel,1260,84178620.34283678,0.2811474741646694,23666606.48805522
2024-06-30,Varejo_Nao_Estavel,0,42529223.46725167,0.9986230515279988,42470662.91798304
2024-06-30,Varejo_Nao_Estavel,21,42529223.46725167,0.950521247830988,40424930.559375
2024-06-30,Varejo_Nao_Estavel,42,42529223.46725167,0.8853259960079699,37652227.12559011
2024-06-30,Varejo_Nao_Estavel,63,42529223.46725167,0.8481577224857944,36071489.31507357
2024-06-30,Varejo_Nao_Estavel,84,42529223.46725167,0.7913986066474163,33657568.19377957
2024-06-30,Varejo_Nao_Estavel,105,42529223.46725167,0.7737186394118222,32905652.916323297
2024-06-30,Varejo_Nao_Estavel,126,42529223.46725167,0.728712555823105,30991579.129992936
2024-06-30,Varejo_Nao_Estavel,147,42529223.46725167,0.6693190950429759,28465621.36398138
2024-06-30,Varejo_Nao_Estavel,168,42529223.46725167,0.6575843145901888,27966550.263765663
2024-06-30,Varejo_Nao_Estavel,189,42529223.46725167,0.6188366380641755,26318641.66995406
2024-06-30,Varejo_Nao_Estavel,210,42529223.46725167,0.5936136525832291,25245927.683923643
2024-06-30,Varejo_Nao_Estavel,231,42529223.46725167,0.5522832805361233,23488179.05514763
2024-06-30,Varejo_Nao_Estavel,252,42529223.46725167,0.5185057928131152,22051648.73161347
2024-06-30,Varejo_Nao_Estavel,273,42529223.46725167,0.4915104722238501,20903558.709702518
2024-06-30,Varejo_Nao_Estavel,294,42529223.46725167,0.4683573454753022,19918874.20824792
2024-06-30,Varejo_Nao_Estavel,315,42529223.46725167,0.4504403334974742,19156877.60197745
2024-06-30,Varejo_Nao_Estavel,336,42529223.46725167,0.4286635936246492,18230729.765537865
2024-06-30,Varejo_Nao_Estavel,357,42529223.46725167,0.402481688749266,17117233.682294365
2024-06-30,Varejo_Nao_Estavel,378,42529223.46725167,0.3787186852207818,16106611.594978372
2024-06-30,Varejo_Nao_Estavel,399,42529223.46725167,0.3596964564944811,15297610.978632355
2024-06-30,Varejo_Nao_Estavel,420,42529223.46725167,0.3751510547665642,15954883.042142378
2024-06-30,Varejo_Nao_Estavel,441,42529223.46725167,0.3179316221051532,13521385.003815873
2024-06-30,Varejo_Nao_Estavel,462,42529223.46725167,0.303532916325128,12909019.228057971
2024-06-30,Varejo_Nao_Estavel,483,42529223.46725167,0.3336813835706135,14191210.128736343
2024-06-30,Varejo_Nao_Estavel,504,42529223.46725167,0.2839666390699126,12076880.65024871
2024-06-30,Varejo_Nao_Estavel,525,42529223.46725167,0.2479036996773573,10543151.841936776
2024-06-30,Varejo_Nao_Estavel,546,42529223.46725167,0.2608734327132071,11094744.516529027
2024-06-30,Varejo_Nao_Estavel,567,42529223.46725167,0.2268483756264059,9647685.260198465
2024-06-30,Varejo_Nao_Estavel,588,42529223.46725167,0.2363583908454133,10052138.822624596
2024-06-30,Varejo_Nao_Estavel,609,42529223.46725167,0.2112371930548204,8983753.78802344
2024-06-30,Varejo_Nao_Estavel,630,42529223.46725167,0.1974154848920064,8395927.272867985
2024-06-30,Varejo_Nao_Estavel,651,42529223.46725167,0.2115011596555839,8994980.0825752
2024-06-30,Varejo_Nao_Estavel,672,42529223.46725167,0.1890302593570797,8039310.1422697855
2024-06-30,Varejo_Nao_Estavel,693,42529223.46725167,0.1844675059774395,7845259.784161109
2024-06-30,Varejo_Nao_Estavel,714,42529223.46725167,0.1690580540029965,7189907.757632138
2024-06-30,Varejo_Nao_Estavel,735,42529223.46725167,0.1500169181881833,6380103.03749366
2024-06-30,Varejo_Nao_Estavel,756,42529223.46725167,0.1546375568504783,6576615.211723827
2024-06-30,Varejo_Nao_Estavel,777,42529223.46725167,0.1541799689446417,6557154.353420589
2024-06-30,Varejo_Nao_Estavel,798,42529223.46725167,0.1340497433171225,5701031.489261632
2024-06-30,Varejo_Nao_Estavel,819,42529223.46725167,0.1471910352844001,6259920.431986378
2024-06-30,Varejo_Nao_Estavel,840,42529223.46725167,0.129271116408934,5497800.197616658
2024-06-30,Varejo_Nao_Estavel,861,42529223.46725167,0.1154400957243016,4909577.628139749
2024-06-30,Varejo_Nao_Estavel,882,42529223.46725167,0.1100648027346592,4680970.591381294
2024-06-30,Varejo_Nao_Estavel,903,42529223.46725167,0.1031475329821538,4386784.480293734
2024-06-30,Varejo_Nao_Estavel,924,42529223.46725167,0.081226906687035,3454517.266046512
2024-06-30,Varejo_Nao_Estavel,945,42529223.46725167,0.0901744633804538,3835049.904146824
2024-06-30,Varejo_Nao_Estavel,966,42529223.46725167,0.0891814808416109,3792819.1278532944
2024-06-30,Varejo_Nao_Estavel,987,42529223.46725167,0.0770511046944901,3276923.649950575
2024-06-30,Varejo_Nao_Estavel,1008,42529223.46725167,0.0818454110659578,3480821.7769931923
2024-06-30,Varejo_Nao_Estavel,1029,42529223.46725167,0.0740183802999371,3147944.236460047
2024-06-30,Varejo_Nao_Estavel,1050,42529223.46725167,0.0792252284242752,3369387.4439000594
2024-06-30,Varejo_Nao_Estavel,1071,42529223.46725167,0.0742745214491494,3158837.720634054
2024-06-30,Varejo_Nao_Estavel,1092,42529223.46725167,0.0648870119882888,2759594.232972173
2024-06-30,Varejo_Nao_Estavel,1113,42529223.46725167,0.0432166422556963,1837970.2359967811
2024-06-30,Varejo_Nao_Estavel,1134,42529223.46725167,0.0780226952313439,3318244.6410110984
2024-06-30,Varejo_Nao_Estavel,1155,42529223.46725167,0.0519022109481504,2207360.7278583245
2024-06-30,Varejo_Nao_Estavel,1176,42529223.46725167,0.049856908481544,2120375.6021979027
2024-06-30,Varejo_Nao_Estavel,1197,42529223.46725167,0.0440838381096055,1874851.402257558
2024-06-30,Varejo_Nao_Estavel,1218,42529223.46725167,0.0398361345025237,1694199.8663293277
2024-06-30,Varejo_Nao_Estavel,1239,42529223.46725167,0.061858131375641,2630778.2925412483
2024-06-30,Varejo_Nao_Estavel,1260,42529223.46725167,0.0577169983169584,2454659.1192809143
2024-06-30,Atacado,0,36555376.91252185,0.9987099981468311,36508220.40856141
2024-06-30,Atacado,21,36555376.91252185,0.9064906146815768,33137106.087348644
2024-06-30,Atacado,42,36555376.91252185,0.8091966030793514,29580486.821898025
2024-06-30,Atacado,63,36555376.91252185,0.7244384170244031,26482119.38423774
2024-06-30,Atacado,84,36555376.91252185,0.6574240073092811,24032382.37853129
2024-06-30,Atacado,105,36555376.91252185,0.5821227882268308,21279717.93299993
2024-06-30,Atacado,126,36555376.91252185,0.5311507167900726,19416414.64961725
2024-06-30,Atacado,147,36555376.91252185,0.4772660391813427,17446639.949820403
2024-06-30,Atacado,168,36555376.91252185,0.4341233242946468,15869541.746107768
2024-06-30,Atacado,189,36555376.91252185,0.3763688763190327,13758306.13198456
2024-06-30,Atacado,210,36555376.91252185,0.3535799935749996,12925249.933861164
2024-06-30,Atacado,231,36555376.91252185,0.2993528425122762,10942955.98787105
2024-06-30,Atacado,252,36555376.91252185,0.272043679620931,9944659.245212471
2024-06-30,Atacado,273,36555376.91252185,0.244414085555731,8934649.02021911
2024-06-30,Atacado,294,36555376.91252185,0.212585031483268,7771125.951831187
2024-06-30,Atacado,315,36555376.91252185,0.2148809824865072,7855055.306127278
2024-06-30,Atacado,336,36555376.91252185,0.1706048134108912,6236523.257325592
2024-06-30,Atacado,357,36555376.91252185,0.155452021799877,5682607.248708069
2024-06-30,Atacado,378,36555376.91252185,0.1623661963332195,5935357.504813364
2024-06-30,Atacado,399,36555376.91252185,0.1255858943726681,4590839.703689041
2024-06-30,Atacado,420,36555376.91252185,0.1168075577488539,4269944.299740518
2024-06-30,Atacado,441,36555376.91252185,0.0949026163514469,3469200.9107116023
2024-06-30,Atacado,462,36555376.91252185,0.1062371866056471,3883540.398495349
2024-06-30,Atacado,483,36555376.91252185,0.0966880779478097,3534469.132329476
2024-06-30,Atacado,504,36555376.91252185,0.0866606376909828,3167912.2742733746
2024-06-30,Atacado,525,36555376.91252185,0.0763912836694173,2792512.167366925
2024-06-30,Atacado,546,36555376.91252185,0.0637642418695044,2330925.895080942
2024-06-30,Atacado,567,36555376.91252185,0.0502415023639141,1836597.0555642373
2024-06-30,Atacado,588,36555376.91252185,0.0410479142458934,1500521.9767315085
2024-06-30,Atacado,609,36555376.91252185,0.0611759406964502,2236309.570136823
2024-06-30,Atacado,630,36555376.91252185,0.0502621177330445,1837350.6581529928
2024-06-30,Atacado,651,36555376.91252185,0.0286177989547853,1046134.4271989522
2024-06-30,Atacado,672,36555376.91252185,0.0336870090119317,1231441.3114866854
2024-06-30,Atacado,693,36555376.91252185,0.0262555672250048,959782.1559621072
2024-06-30,Atacado,714,36555376.91252185,0.0133046953011763,486358.1514407603
2024-06-30,Atacado,735,36555376.91252185,0.0262655174630981,960145.8906659766
2024-06-30,Atacado,756,36555376.91252185,0.0167117621324836,610904.7636253504
2024-06-30,Atacado,777,36555376.91252185,0.0080770968963174,295261.321403844
2024-06-30,Atacado,798,36555376.91252185,0.0,0.0
2024-06-30,Atacado,819,36555376.91252185,0.0,0.0
2024-06-30,Atacado,840,36555376.91252185,0.009719424980815,355297.2435466736
2024-06-30,Atacado,861,36555376.91252185,0.0117244360662392,428591.179488141
2024-06-30,Atacado,882,36555376.91252185,0.0009554428572668,34926.57376576684
2024-06-30,Atacado,903,36555376.91252185,0.0181112626815714,662064.0336865338
2024-06-30,Atacado,924,36555376.91252185,0.0084759201982812,309840.45752862736
2024-06-30,Atacado,945,36555376.91252185,0.0152501589313434,557475.307711123
2024-06-30,Atacado,966,36555376.91252185,0.0052920343019599,193452.3085421399
2024-06-30,Atacado,987,36555376.91252185,0.0,0.0
2024-06-30,Atacado,1008,36555376.91252185,0.0074212063312674,271284.99458507675
2024-06-30,Atacado,1029,36555376.91252185,0.0,0.0
2024-06-30,Atacado,1050,36555376.91252185,0.0113649953397616,415451.6882540403
2024-06-30,Atacado,1071,36555376.91252185,0.0,0.0
2024-06-30,Atacado,1092,36555376.91252185,0.0149728321780634,547337.523717043
2024-06-30,Atacado,1113,36555376.91252185,0.0,0.0
2024-06-30,Atacado,1134,36555376.91252185,0.0159464978807306,582930.2404648405
2024-06-30,Atacado,1155,36555376.91252185,0.0,0.0
2024-06-30,Atacado,1176,36555376.91252185,0.0,0.0
2024-06-30,Atacado,1197,36555376.91252185,0.0068938895086725,252008.72938280468
2024-06-30,Atacado,1218,36555376.91252185,0.0161341877275836,589791.3135592063
2024-06-30,Atacado,1239,36555376.91252185,0.0218767468198348,799712.7256188772
2024-06-30,Atacado,1260,36555376.91252185,0.0021843273494861,79848.90956079464
2024-09-30,Varejo_Estavel,0,94701965.04629403,0.9965240254020948,94372783.42142142
2024-09-30,Varejo_Estavel,21,94701965.04629403,0.9921292161893565,93956586.35297155
2024-09-30,Varejo_Estavel,42,94701965.04629403,0.947025192415679,89685146.67010953
2024-09-30,Varejo_Estavel,63,94701965.04629403,0.9431951497774644,89322434.10605952
2024-09-30,Varejo_Estavel,84,94701965.04629403,0.8902986874626039,84313035.18084498
2024-09-30,Varejo_Estavel,105,94701965.04629403,0.8856021067215741,83868259.75567089
2024-09-30,Varejo_Estavel,126,94701965.04629403,0.8857306920796236,83880437.04175435
2024-09-30,Varejo_Estavel,147,94701965.04629403,0.8458492791388413,80103588.86743957
2024-09-30,Varejo_Estavel,168,94701965.04629403,0.8485801257911145,80362205.41164993
2024-09-30,Varejo_Estavel,189,94701965.04629403,0.836574406976752,79225240.24813654
2024-09-30,Varejo_Estavel,210,94701965.04629403,0.8022951969854996,75978931.70173037
2024-09-30,Varejo_Estavel,231,94701965.04629403,0.7796638104026042,73835694.92060785
2024-09-30,Varejo_Estavel,252,94701965.04629403,0.7689395817430711,72820089.39294428
2024-09-30,Varejo_Estavel,273,94701965.04629403,0.7467294714463623,70716748.30395103
2024-09-30,Varejo_Estavel,294,94701965.04629403,0.7411374906793196,70187176.736811
2024-09-30,Varejo_Estavel,315,94701965.04629403,0.7279461795429374,68937933.65065855
2024-09-30,Varejo_Estavel,336,94701965.04629403,0.7077471346838852,67025044.41044806
2024-09-30,Varejo_Estavel,357,94701965.04629403,0.7165319265441725,67856981.46213996
2024-09-30,Varejo_Estavel,378,94701965.04629403,0.6731425405662013,63747921.34787396
2024-09-30,Varejo_Estavel,399,94701965.04629403,0.6841171252360809,64787236.0816785
2024-09-30,Varejo_Estavel,420,94701965.04629403,0.6408718654154596,60691824.99772812
2024-09-30,Varejo_Estavel,441,94701965.04629403,0.6404827801765431,60654977.86103223
2024-09-30,Varejo_Estavel,462,94701965.04629403,0.640339100694173,60641371.13171493
2024-09-30,Varejo_Estavel,483,94701965.04629403,0.6265340820802242,59334008.74147332
2024-09-30,Varejo_Estavel,504,94701965.04629403,0.5950082650166487,56348451.91586273
2024-09-30,Varejo_Estavel,525,94701965.04629403,0.5940775178310324,56260308.32842355
2024-09-30,Varejo_Estavel,546,94701965.04629403,0.5801021873282012,54936817.06763403
2024-09-30,Varejo_Estavel,567,94701965.04629403,0.5564605594009647,52697908.44603139
2024-09-30,Varejo_Estavel,588,94701965.04629403,0.5584779703966137,52888961.23162536
2024-09-30,Varejo_Estavel,609,94701965.04629403,0.5618328009749934,53206670.27979531
2024-09-30,Varejo_Estavel,630,94701965.04629403,0.533783953602783,50550389.316363394
2024-09-30,Varejo_Estavel,651,94701965.04629403,0.5237996552875337,49604856.64630089
2024-09-30,Varejo_Estavel,672,94701965.04629403,0.5141832177751456,48694161.11713284
2024-09-30,Varejo_Estavel,693,94701965.04629403,0.4779288340470343,45260799.73653831
2024-09-30,Varejo_Estavel,714,94701965.04629403,0.4905508343418131,46456127.967268765
2024-09-30,Varejo_Estavel,735,94701965.04629403,0.4626142731758207,43810480.7282133
2024-09-30,Varejo_Estavel,756,94701965.04629403,0.4577390342158295,43348786.01863189
2024-09-30,Varejo_Estavel,777,94701965.04629403,0.4809737800553412,45549162.10698485
2024-09-30,Varejo_Estavel,798,94701965.04629403,0.4424102197542639,41897117.16729157
2024-09-30,Varejo_Estavel,819,94701965.04629403,0.4271878902170242,40455532.64753272
2024-09-30,Varejo_Estavel,840,94701965.04629403,0.4407190829863684,41736963.19220983
2024-09-30,Varejo_Estavel,861,94701965.04629403,0.4065274143547974,38498944.98458832
2024-09-30,Varejo_Estavel,882,94701965.04629403,0.403731217951217,38234139.69051388
2024-09-30,Varejo_Estavel,903,94701965.04629403,0.4154748608135081,39346285.746374734
2024-09-30,Varejo_Estavel,924,94701965.04629403,0.3925668093121656,37176848.25381589
2024-09-30,Varejo_Estavel,945,94701965.04629403,0.3650593552672216,34571838.30233907
2024-09-30,Varejo_Estavel,966,94701965.04629403,0.3822451353594317,36199365.44792484
2024-09-30,Varejo_Estavel,987,94701965.04629403,0.3630485685504656,34381412.84897328
2024-09-30,Varejo_Estavel,1008,94701965.04629403,0.3785398522230527,35848467.853856854
2024-09-30,Varejo_Estavel,1029,94701965.04629403,0.3452059349393274,32691680.38439744
2024-09-30,Varejo_Estavel,1050,94701965.04629403,0.3576730690251922,33872342.48082447
2024-09-30,Varejo_Estavel,1071,94701965.04629403,0.3591011865857292,34007588.02012444
2024-09-30,Varejo_Estavel,1092,94701965.04629403,0.3204689276948067,30349037.18897692
2024-09-30,Varejo_Estavel,1113,94701965.04629403,0.3213988884248002,30437106.29752319
2024-09-30,Varejo_Estavel,1134,94701965.04629403,0.3215647549768485,30452814.18593762
2024-09-30,Varejo_Estavel,1155,94701965.04629403,0.2999404313970322,28404948.2501321
2024-09-30,Varejo_Estavel,1176,94701965.04629403,0.3069399482632803,29067816.25174048
2024-09-30,Varejo_Estavel,1197,94701965.04629403,0.2946027353006084,27899457.94098084
2024-09-30,Varejo_Estavel,1218,94701965.04629403,0.2881009830417474,27283729.225822523
2024-09-30,Varejo_Estavel,1239,94701965.04629403,0.285500879974997,27037494.356078364
2024-09-30,Varejo_Estavel,1260,94701965.04629403,0.2797696560273287,26494736.18611379
2024-09-30,Varejo_Nao_Estavel,0,50819403.84538021,0.9928140838545186,50454219.87078396
2024-09-30,Varejo_Nao_Estavel,21,50819403.84538021,0.9415263166155042,47847806.11513662
2024-09-30,Varejo_Nao_Estavel,42,50819403.84538021,0.8976381477955137,45617435.5398393
2024-09-30,Varejo_Nao_Estavel,63,50819403.84538021,0.851942287553889,43295199.16415812
2024-09-30,Varejo_Nao_Estavel,84,50819403.84538021,0.8030448472187595,40810260.39676179
2024-09-30,Varejo_Nao_Estavel,105,50819403.84538021,0.770318408417017,39147122.28687492
2024-09-30,Varejo_Nao_Estavel,126,50819403.84538021,0.704943951060178,35824831.33728513
2024-09-30,Varejo_Nao_Estavel,147,50819403.84538021,0.6803028979138395,34572587.706265874
2024-09-30,Varejo_Nao_Estavel,168,50819403.84538021,0.6500076023367709,33032998.845719665
2024-09-30,Varejo_Nao_Estavel,189,50819403.84538021,0.6092413631884918,30961282.87518592
2024-09-30,Varejo_Nao_Estavel,210,50819403.84538021,0.6069670573678829,30845704.0092205
2024-09-30,Varejo_Nao_Estavel,231,50819403.84538021,0.5572080119018878,28316978.98272346
2024-09-30,Varejo_Nao_Estavel,252,50819403.84538021,0.5302447817607423,26946723.701204658
2024-09-30,Varejo_Nao_Estavel,273,50819403.84538021,0.4949618392457582,25153665.596682347
2024-09-30,Varejo_Nao_Estavel,294,50819403.84538021,0.4746260410294075,24120212.454607457
2024-09-30,Varejo_Nao_Estavel,315,50819403.84538021,0.4356313907668688,22138527.575106144
2024-09-30,Varejo_Nao_Estavel,336,50819403.84538021,0.4248502876064108,21590638.339696124
2024-09-30,Varejo_Nao_Estavel,357,50819403.84538021,0.3935262261398141,19998768.20994763
2024-09-30,Varejo_Nao_Estavel,378,50819403.84538021,0.3804696767916661,19335242.155796964
2024-09-30,Varejo_Nao_Estavel,399,50819403.84538021,0.333194296914917,16932735.53389669
2024-09-30,Varejo_Nao_Estavel,420,50819403.84538021,0.3315223188391588,16847766.60484411
2024-09-30,Varejo_Nao_Estavel,441,50819403.84538021,0.3447474407773037,17519859.417523097
2024-09-30,Varejo_Nao_Estavel,462,50819403.84538021,0.3201933534169728,16272035.335903691
2024-09-30,Varejo_Nao_Estavel,483,50819403.84538021,0.3099836063011785,15753182.07406694
2024-09-30,Varejo_Nao_Estavel,504,50819403.84538021,0.295567134676437,15020545.580543734
2024-09-30,Varejo_Nao_Estavel,525,50819403.84538021,0.2725393167581754,13850285.602077715
2024-09-30,Varejo_Nao_Estavel,546,50819403.84538021,0.2453267620409303,12467359.79423753
2024-09-30,Varejo_Nao_Estavel,567,50819403.84538021,0.2253218309416322,11450721.121803291
2024-09-30,Varejo_Nao_Estavel,588,50819403.84538021,0.2392105880171486,12156539.476534342
2024-09-30,Varejo_Nao_Estavel,609,50819403.84538021,0.2145435560999173,10902975.619865682
2024-09-30,Varejo_Nao_Estavel,630,50819403.84538021,0.2326213088824621,11821676.239138776
2024-09-30,Varejo_Nao_Estavel,651,50819403.84538021,0.1878100043175238,9544392.455614844
2024-09-30,Varejo_Nao_Estavel,672,50819403.84538021,0.2059081933825345,10464131.63457967
2024-09-30,Varejo_Nao_Estavel,693,50819403.84538021,0.1709101312397,8685550.980737247
2024-09-30,Varejo_Nao_Estavel,714,50819403.84538021,0.1798716010158615,9140967.532340167
2024-09-30,Varejo_Nao_Estavel,735,50819403.84538021,0.17571055332049,8929505.569089193
2024-09-30,Varejo_Nao_Estavel,756,50819403.84538021,0.1350259046692113,6861935.978972458
2024-09-30,Varejo_Nao_Estavel,777,50819403.84538021,0.1338494072929377,6802147.083684581
2024-09-30,Varejo_Nao_Estavel,798,50819403.84538021,0.1200371360865295,6100215.695224209
2024-09-30,Varejo_Nao_Estavel,819,50819403.84538021,0.1108119901731433,5631399.279519275
2024-09-30,Varejo_Nao_Estavel,840,50819403.84538021,0.1270700721768105,6457625.314614945
2024-09-30,Varejo_Nao_Estavel,861,50819403.84538021,0.110536764684054,5617412.484240704
2024-09-30,Varejo_Nao_Estavel,882,50819403.84538021,0.107675360240727,5471997.616270302
2024-09-30,Varejo_Nao_Estavel,903,50819403.84538021,0.1081755570542217,5497417.320137463
2024-09-30,Varejo_Nao_Estavel,924,50819403.84538021,0.0739531301095959,3758253.984669504
2024-09-30,Varejo_Nao_Estavel,945,50819403.84538021,0.1066965217776417,5422253.629115382
2024-09-30,Varejo_Nao_Estavel,966,50819403.84538021,0.0823381130574379,4184373.8193325102
2024-09-30,Varejo_Nao_Estavel,987,50819403.84538021,0.0884329418245427,4494109.383816454
2024-09-30,Varejo_Nao_Estavel,1008,50819403.84538021,0.085241840912244,4331939.537842983
2024-09-30,Varejo_Nao_Estavel,1029,50819403.84538021,0.0902122491448419,4584532.721091778
2024-09-30,Varejo_Nao_Estavel,1050,50819403.84538021,0.0686826370776935,3490410.670816995
2024-09-30,Varejo_Nao_Estavel,1071,50819403.84538021,0.0408335233678455,2075135.3144603104
2024-09-30,Varejo_Nao_Estavel,1092,50819403.84538021,0.0635667038987134,3230421.9965484235
2024-09-30,Varejo_Nao_Estavel,1113,50819403.84538021,0.0620316792492595,3152412.958975212
2024-09-30,Varejo_Nao_Estavel,1134,50819403.84538021,0.0441228920574885,2242299.070295628
2024-09-30,Varejo_Nao_Estavel,1155,50819403.84538021,0.0553747907841993,2814113.855715668
2024-09-30,Varejo_Nao_Estavel,1176,50819403.84538021,0.0464953247091701,2362864.683317403
2024-09-30,Varejo_Nao_Estavel,1197,50819403.84538021,0.032081040902608,1630339.3734097986
2024-09-30,Varejo_Nao_Estavel,1218,50819403.84538021,0.0537548931154216,2731791.6218978595
2024-09-30,Varejo_Nao_Estavel,1239,50819403.84538021,0.0365647329888611,1858197.9322594325
2024-09-30,Varejo_Nao_Estavel,1260,50819403.84538021,0.0362079158954806,1840064.7002919936
2024-09-30,Atacado,0,33380974.0344952,1.0,33380974.0344952
2024-09-30,Atacado,21,33380974.0344952,0.898570204920131,29995148.678609923
2024-09-30,Atacado,42,33380974.0344952,0.8092602371446688,27013894.96327561
2024-09-30,Atacado,63,33380974.0344952,0.7214334581916436,24082151.535511333
2024-09-30,Atacado,84,33380974.0344952,0.658921138118264,21995429.4023058
2024-09-30,Atacado,105,33380974.0344952,0.6036084977715843,20149039.59111391
2024-09-30,Atacado,126,33380974.0344952,0.5358978754318695,17888793.06493238
2024-09-30,Atacado,147,33380974.0344952,0.4830577916099013,16124939.59889071
2024-09-30,Atacado,168,33380974.0344952,0.4341628545101639,14492778.9731461
2024-09-30,Atacado,189,33380974.0344952,0.3672356080890061,12258682.29816117
2024-09-30,Atacado,210,33380974.0344952,0.3345449313600914,11167435.66710319
2024-09-30,Atacado,231,33380974.0344952,0.3077687317044928,10273620.041657194
2024-09-30,Atacado,252,33380974.0344952,0.2702041109304672,9019676.410983788
2024-09-30,Atacado,273,33380974.0344952,0.2379867419684079,7944229.254201536
2024-09-30,Atacado,294,33380974.0344952,0.2029835438613053,6775788.40706405
2024-09-30,Atacado,315,33380974.0344952,0.1865346845282696,6226709.460770921
2024-09-30,Atacado,336,33380974.0344952,0.1791551364370576,5980372.957551865
2024-09-30,Atacado,357,33380974.0344952,0.1630059014469305,5441295.763669471
2024-09-30,Atacado,378,33380974.0344952,0.1377846584938129,4599386.107533759
2024-09-30,Atacado,399,33380974.0344952,0.1333799893471106,4452353.961117148
2024-09-30,Atacado,420,33380974.0344952,0.1138592662796106,3800733.211266357
2024-09-30,Atacado,441,33380974.0344952,0.1201338474109315,4010184.841088315
2024-09-30,Atacado,462,33380974.0344952,0.0943022629458768,3147901.3907904555
2024-09-30,Atacado,483,33380974.0344952,0.0948832135943375,3167294.0893020425
2024-09-30,Atacado,504,33380974.0344952,0.0802318519890377,2678217.3679855326
2024-09-30,Atacado,525,33380974.0344952,0.0531160732601613,1773066.2623117904
2024-09-30,Atacado,546,33380974.0344952,0.0617932744284246,2062719.6892016784
2024-09-30,Atacado,567,33380974.0344952,0.0417065331752257,1392204.7009910222
2024-09-30,Atacado,588,33380974.0344952,0.0495300958672826,1653362.8440718187
2024-09-30,Atacado,609,33380974.0344952,0.0367555045685419,1226934.543627268
2024-09-30,Atacado,630,33380974.0344952,0.0456680228741432,1524443.085768507
2024-09-30,Atacado,651,33380974.0344952,0.020829197631596,695298.9052996759
2024-09-30,Atacado,672,33380974.0344952,0.0333854496966073,1114438.8294523968
2024-09-30,Atacado,693,33380974.0344952,0.0367259353315833,1225947.493696133
2024-09-30,Atacado,714,33380974.0344952,0.0377343706013533,1259610.045251794
2024-09-30,Atacado,735,33380974.0344952,0.0149636878490318,499502.47554882255
2024-09-30,Atacado,756,33380974.0344952,0.0219106857698401,731400.0327610166
2024-09-30,Atacado,777,33380974.0344952,0.0217173005668045,724944.6463198302
2024-09-30,Atacado,798,33380974.0344952,0.0361039848593471,1205186.181131676
2024-09-30,Atacado,819,33380974.0344952,0.0,0.0
2024-09-30,Atacado,840,33380974.0344952,0.0032433079722981,108264.77920915453
2024-09-30,Atacado,861,33380974.0344952,0.0463991256241712,1548848.0076837398
2024-09-30,Atacado,882,33380974.0344952,0.0081818851717429,273119.29647117294
2024-09-30,Atacado,903,33380974.0344952,0.0,0.0
2024-09-30,Atacado,924,33380974.0344952,0.0022718769794987,75837.46646221644
2024-09-30,Atacado,945,33380974.0344952,0.0,0.0
2024-09-30,Atacado,966,33380974.0344952,0.0103780123336862,346428.1602404522
2024-09-30,Atacado,987,33380974.0344952,0.0164486557590046,549072.1507936834
2024-09-30,Atacado,1008,33380974.0344952,0.0,0.0
2024-09-30,Atacado,1029,33380974.0344952,0.0,0.0
2024-09-30,Atacado,1050,33380974.0344952,0.0159755829565487,533280.5198584794
2024-09-30,Atacado,1071,33380974.0344952,0.0,0.0
2024-09-30,Atacado,1092,33380974.0344952,0.0,0.0
2024-09-30,Atacado,1113,33380974.0344952,0.0008175434341082,27290.39614603977
2024-09-30,Atacado,1134,33380974.0344952,0.0,0.0
2024-09-30,Atacado,1155,33380974.0344952,0.0,0.0
2024-09-30,Atacado,1176,33380974.0344952,0.0,0.0
2024-09-30,Atacado,1197,33380974.0344952,0.0048944319775477,163380.90675612557
2024-09-30,Atacado,1218,33380974.0344952,0.0002974255843027,9928.355706805263
2024-09-30,Atacado,1239,33380974.0344952,0.0084677258508521,282660.9367585207
2024-09-30,Atacado,1260,33380974.0344952,0.0040927273910791,136619.2267718803
2024-12-31,Varejo_Estavel,0,81653520.57996818,0.9826443117456386,80236367.53191118
2024-12-31,Varejo_Estavel,21,81653520.57996818,0.9848551033407392,80416886.44891974
2024-12-31,Varejo_Estavel,42,81653520.57996818,0.9543609675575372,77926932.90517773
2024-12-31,Varejo_Estavel,63,81653520.57996818,0.93615356400331,76440234.30435485
2024-12-31,Varejo_Estavel,84,81653520.57996818,0.9309781764695708,76017645.69185936
2024-12-31,Varejo_Estavel,105,81653520.57996818,0.8904279721832089,72706578.75164099
2024-12-31,Varejo_Estavel,126,81653520.57996818,0.8963447824441624,73189707.14005151
2024-12-31,Varejo_Estavel,147,81653520.57996818,0.8789322489577247,71767912.47866729
2024-12-31,Varejo_Estavel,168,81653520.57996818,0.8524901437100167,69608821.49364589
2024-12-31,Varejo_Estavel,189,81653520.57996818,0.8139294597977946,66460205.89624161
2024-12-31,Varejo_Estavel,210,81653520.57996818,0.7820755203505957,63859219.596036695
2024-12-31,Varejo_Estavel,231,81653520.57996818,0.8042372648418139,65668804.05593838
2024-12-31,Varejo_Estavel,252,81653520.57996818,0.7759664418693009,63360391.83053965
2024-12-31,Varejo_Estavel,273,81653520.57996818,0.749376849626715,61189258.0131467
2024-12-31,Varejo_Estavel,294,81653520.57996818,0.7564348015005778,61765564.63173159
2024-12-31,Varejo_Estavel,315,81653520.57996818,0.7163823854737467,58495143.85540728
2024-12-31,Varejo_Estavel,336,81653520.57996818,0.7063293930622755,57674281.63264695
2024-12-31,Varejo_Estavel,357,81653520.57996818,0.7027383000337346,57381056.24413641
2024-12-31,Varejo_Estavel,378,81653520.57996818,0.6684121524230664,54578205.44377768
2024-12-31,Varejo_Estavel,399,81653520.57996818,0.6661061561697323,54389912.73124874
2024-12-31,Varejo_Estavel,420,81653520.57996818,0.6664363824581654,54416876.87028736
2024-12-31,Varejo_Estavel,441,81653520.57996818,0.6421427782606981,52433218.55998786
2024-12-31,Varejo_Estavel,462,81653520.57996818,0.6411109518334803,52348966.29957808
2024-12-31,Varejo_Estavel,483,81653520.57996818,0.6265610245492563,51160913.51263865
2024-12-31,Varejo_Estavel,504,81653520.57996818,0.600144219802111,49003888.40256061
2024-12-31,Varejo_Estavel,525,81653520.57996818,0.5593757846738876,45675002.145805135
2024-12-31,Varejo_Estavel,546,81653520.57996818,0.5617787707816467,45871214.42140842
2024-12-31,Varejo_Estavel,567,81653520.57996818,0.5720998388926914,46713965.96882086
2024-12-31,Varejo_Estavel,588,81653520.57996818,0.5324835541074133,43479156.84380428
2024-12-31,Varejo_Estavel,609,81653520.57996818,0.5355625838473216,43730570.46203821
2024-12-31,Varejo_Estavel,630,81653520.57996818,0.5321853129862999,43454804.40628365
2024-12-31,Varejo_Estavel,651,81653520.57996818,0.5346382270878237,43655093.478353314
2024-12-31,Varejo_Estavel,672,81653520.57996818,0.4992171216792842,40762835.51891191
2024-12-31,Varejo_Estavel,693,81653520.57996818,0.4877387008262985,39825582.04556711
2024-12-31,Varejo_Estavel,714,81653520.57996818,0.4843987890653917,39552866.49186263
2024-12-31,Varejo_Estavel,735,81653520.57996818,0.4790263437116042,39114187.41460239
2024-12-31,Varejo_Estavel,756,81653520.57996818,0.46296671557545,37802862.238080285
2024-12-31,Varejo_Estavel,777,81653520.57996818,0.4676216988677089,38182958.01213416
2024-12-31,Varejo_Estavel,798,81653520.57996818,0.4358596330738279,35589473.51917119
2024-12-31,Varejo_Estavel,819,81653520.57996818,0.4375119106691034,35724387.80180084
2024-12-31,Varejo_Estavel,840,81653520.57996818,0.4322306445625159,35293153.831078306
2024-12-31,Varejo_Estavel,861,81653520.57996818,0.4130967446700356,33730803.54243262
2024-12-31,Varejo_Estavel,882,81653520.57996818,0.4191767669202128,34227258.76436412
2024-12-31,Varejo_Estavel,903,81653520.57996818,0.4022737372925823,32847066.88680059
2024-12-31,Varejo_Estavel,924,81653520.57996818,0.4015197470862974,32785500.931974605
2024-12-31,Varejo_Estavel,945,81653520.57996818,0.386127769105326,31528691.74113894
2024-12-31,Varejo_Estavel,966,81653520.57996818,0.380234114845407,31047454.121735428
2024-12-31,Varejo_Estavel,987,81653520.57996818,0.3602174580528314,29413023.6243807
2024-12-31,Varejo_Estavel,1008,81653520.57996818,0.3524923739223951,28782243.30835413
2024-12-31,Varejo_Estavel,1029,81653520.57996818,0.3671729360700823,29980962.891805805
2024-12-31,Varejo_Estavel,1050,81653520.57996818,0.3526844826747251,28797929.66431609
2024-12-31,Varejo_Estavel,1071,81653520.57996818,0.3255172282026718,26579627.692181066
2024-12-31,Varejo_Estavel,1092,81653520.57996818,0.3328506074764035,27178423.92762943
2024-12-31,Varejo_Estavel,1113,81653520.57996818,0.2952321320314734,24106742.9686998
2024-12-31,Varejo_Estavel,1134,81653520.57996818,0.3100139697227221,25313732.05683193
2024-12-31,Varejo_Estavel,1155,81653520.57996818,0.3217609125471212,26272911.2944957
2024-12-31,Varejo_Estavel,1176,81653520.57996818,0.3021946618382524,24675258.03956627
2024-12-31,Varejo_Estavel,1197,81653520.57996818,0.2987167307866727,24391272.724870395
2024-12-31,Varejo_Estavel,1218,81653520.57996818,0.2548452189426253,20809009.32963816
2024-12-31,Varejo_Estavel,1239,81653520.57996818,0.2802065758448659,22879853.407391176
2024-12-31,Varejo_Estavel,1260,81653520.57996818,0.2829737461263124,23105802.602915544
2024-12-31,Varejo_Nao_Estavel,0,52326449.3769917,1.0,52326449.3769917
2024-12-31,Varejo_Nao_Estavel,21,52326449.3769917,0.94566528428642,49483306.62579183
2024-12-31,Varejo_Nao_Estavel,42,52326449.3769917,0.8970733291099219,46940662.14311975
2024-12-31,Varejo_Nao_Estavel,63,52326449.3769917,0.8364939700958002,43770759.380376704
2024-12-31,Varejo_Nao_Estavel,84,52326449.3769917,0.8058567808280405,42167624.04710396
2024-12-31,Varejo_Nao_Estavel,105,52326449.3769917,0.7512922319632113,39312454.94315008
2024-12-31,Varejo_Nao_Estavel,126,52326449.3769917,0.7045466506066154,36866424.64669612
2024-12-31,Varejo_Nao_Estavel,147,52326449.3769917,0.6760463405794199,35375104.61682951
2024-12-31,Varejo_Nao_Estavel,168,52326449.3769917,0.6714709551448528,35135690.94250741
2024-12-31,Varejo_Nao_Estavel,189,52326449.3769917,0.6162680110146996,32247116.881020047
2024-12-31,Varejo_Nao_Estavel,210,52326449.3769917,0.5900552095464566,30875494.051962893
2024-12-31,Varejo_Nao_Estavel,231,52326449.3769917,0.5508197147268118,28822439.91850153
2024-12-31,Varejo_Nao_Estavel,252,52326449.3769917,0.5066369333886087,26510511.847473357
2024-12-31,Varejo_Nao_Estavel,273,52326449.3769917,0.5119939652405002,26790826.303482287
2024-12-31,Varejo_Nao_Estavel,294,52326449.3769917,0.448749010395616,23481442.375441324
2024-12-31,Varejo_Nao_Estavel,315,52326449.3769917,0.4435569202170017,23209758.731549293
2024-12-31,Varejo_Nao_Estavel,336,52326449.3769917,0.426232713469351,22303244.504171804
2024-12-31,Varejo_Nao_Estavel,357,52326449.3769917,0.4075362030041214,21324922.495786577
2024-12-31,Varejo_Nao_Estavel,378,52326449.3769917,0.3750808845543936,19626650.917912748
2024-12-31,Varejo_Nao_Estavel,399,52326449.3769917,0.3418577579138872,17888202.663612906
2024-12-31,Varejo_Nao_Estavel,420,52326449.3769917,0.3354452378324558,17552658.25619294
2024-12-31,Varejo_Nao_Estavel,441,52326449.3769917,0.3181952280716957,16650026.493693918
2024-12-31,Varejo_Nao_Estavel,462,52326449.3769917,0.3009514584858213,15747721.25739015
2024-12-31,Varejo_Nao_Estavel,483,52326449.3769917,0.305795837352687,16001210.402930168
2024-12-31,Varejo_Nao_Estavel,504,52326449.3769917,0.2643512461027162,13832562.096938455
2024-12-31,Varejo_Nao_Estavel,525,52326449.3769917,0.2680752189614596,14027424.374212785
2024-12-31,Varejo_Nao_Estavel,546,52326449.3769917,0.2526607507120949,13220839.981689155
2024-12-31,Varejo_Nao_Estavel,567,52326449.3769917,0.2492943032264797,13044685.73775281
2024-12-31,Varejo_Nao_Estavel,588,52326449.3769917,0.223852070290909,11713384.02401204
2024-12-31,Varejo_Nao_Estavel,609,52326449.3769917,0.2232623120136393,11682524.067371825
2024-12-31,Varejo_Nao_Estavel,630,52326449.3769917,0.2006263934287501,10498066.819437915
2024-12-31,Varejo_Nao_Estavel,651,52326449.3769917,0.1974038903486704,10329444.675150927
2024-12-31,Varejo_Nao_Estavel,672,52326449.3769917,0.1641981500782019,8591906.18786272
2024-12-31,Varejo_Nao_Estavel,693,52326449.3769917,0.1411322958125557,7384951.932294317
2024-12-31,Varejo_Nao_Estavel,714,52326449.3769917,0.1683695800915474,8810182.309285706
2024-12-31,Varejo_Nao_Estavel,735,52326449.3769917,0.1605244499861712,8399674.505970828
2024-12-31,Varejo_Nao_Estavel,756,52326449.3769917,0.1530073318052024,8006330.402013497
2024-12-31,Varejo_Nao_Estavel,777,52326449.3769917,0.133370194055372,6978788.707637983
2024-12-31,Varejo_Nao_Estavel,798,52326449.3769917,0.1503095538214364,7865165.258915602
2024-12-31,Varejo_Nao_Estavel,819,52326449.3769917,0.1200527902433977,6281936.251237757
2024-12-31,Varejo_Nao_Estavel,840,52326449.3769917,0.1241158182065795,6494540.07827049
2024-12-31,Varejo_Nao_Estavel,861,52326449.3769917,0.1200319398270912,6280845.222984405
2024-12-31,Varejo_Nao_Estavel,882,52326449.3769917,0.1276718462794347,6680614.401207906
2024-12-31,Varejo_Nao_Estavel,903,52326449.3769917,0.0976963319970643,5112102.170562164
2024-12-31,Varejo_Nao_Estavel,924,52326449.3769917,0.0884034572394251,4625839.029989828
2024-12-31,Varejo_Nao_Estavel,945,52326449.3769917,0.0732775851171732,3834355.848101967
2024-12-31,Varejo_Nao_Estavel,966,52326449.3769917,0.1051556470974666,5502421.644550391
2024-12-31,Varejo_Nao_Estavel,987,52326449.3769917,0.0871010570342709,4557689.051586247
2024-12-31,Varejo_Nao_Estavel,1008,52326449.3769917,0.0832300201122331,4355131.434048767
2024-12-31,Varejo_Nao_Estavel,1029,52326449.3769917,0.1111631413115628,5816772.48642687
2024-12-31,Varejo_Nao_Estavel,1050,52326449.3769917,0.0738414626253256,3863861.555987125
2024-12-31,Varejo_Nao_Estavel,1071,52326449.3769917,0.0506893160151602,2652391.92842162
2024-12-31,Varejo_Nao_Estavel,1092,52326449.3769917,0.060530329637355,3167337.229541678
2024-12-31,Varejo_Nao_Estavel,1113,52326449.3769917,0.0479258080451364,2507787.3685252564
2024-12-31,Varejo_Nao_Estavel,1134,52326449.3769917,0.0517836016321766,2709652.0093643963
2024-12-31,Varejo_Nao_Estavel,1155,52326449.3769917,0.0487738276979488,2552161.225958836
2024-12-31,Varejo_Nao_Estavel,1176,52326449.3769917,0.043783253233081,2291022.1838608244
2024-12-31,Varejo_Nao_Estavel,1197,52326449.3769917,0.0314746982297333,1646959.2035742349
2024-12-31,Varejo_Nao_Estavel,1218,52326449.3769917,0.0648070939793777,3391125.122381854
2024-12-31,Varejo_Nao_Estavel,1239,52326449.3769917,0.0469156113328954,2454927.361401372
2024-12-31,Varejo_Nao_Estavel,1260,52326449.3769917,0.0383788020559226,2008226.442928821
2024-12-31,Atacado,0,37651732.4033051,1.0,37651732.4033051
2024-12-31,Atacado,21,37651732.4033051,0.9023694876543162,33975774.47806784
2024-12-31,Atacado,42,37651732.4033051,0.8165310161713208,30743807.31988136
2024-12-31,Atacado,63,37651732.4033051,0.7283283089693843,27422822.59106697
2024-12-31,Atacado,84,37651732.4033051,0.6614093937351042,24903209.501946405
2024-12-31,Atacado,105,37651732.4033051,0.5964540288007095,22457527.483277548
2024-12-31,Atacado,126,37651732.4033051,0.530076170442425,19958286.12286693
2024-12-31,Atacado,147,37651732.4033051,0.4721706541519296,17778043.118821975
2024-12-31,Atacado,168,37651732.4033051,0.4452528656569987,16764541.74952207
2024-12-31,Atacado,189,37651732.4033051,0.3780637013314589,14234753.313935151
2024-12-31,Atacado,210,37651732.4033051,0.3497541205456092,13168848.553736592
2024-12-31,Atacado,231,37651732.4033051,0.3151954813565511,11867655.918767804
2024-12-31,Atacado,252,37651732.4033051,0.2715997852132223,10226202.433643388
2024-12-31,Atacado,273,37651732.4033051,0.241067317641742,9076602.13502942
2024-12-31,Atacado,294,37651732.4033051,0.221203428501314,8328692.296625107
2024-12-31,Atacado,315,37651732.4033051,0.196786432847772,7409350.110185279
2024-12-31,Atacado,336,37651732.4033051,0.1647358763855024,6202591.134890885
2024-12-31,Atacado,357,37651732.4033051,0.1560210768585258,5874463.835152713
2024-12-31,Atacado,378,37651732.4033051,0.1504959796229946,5666434.352538249
2024-12-31,Atacado,399,37651732.4033051,0.1476242098046951,5558307.24381575
2024-12-31,Atacado,420,37651732.4033051,0.1257179659925947,4733499.213840987
2024-12-31,Atacado,441,37651732.4033051,0.0758525503820025,2855979.929091377
2024-12-31,Atacado,462,37651732.4033051,0.1039374166912628,3913423.7999502462
2024-12-31,Atacado,483,37651732.4033051,0.0798294215867683,3005716.019495628
2024-12-31,Atacado,504,37651732.4033051,0.0832302477377546,3133763.015682727
2024-12-31,Atacado,525,37651732.4033051,0.0697713026205624,2627010.4156994373
2024-12-31,Atacado,546,37651732.4033051,0.0605689210242288,2280524.806361183
2024-12-31,Atacado,567,37651732.4033051,0.0553071936316242,2082411.6545956952
2024-12-31,Atacado,588,37651732.4033051,0.0505584542266482,1903613.3892665112
2024-12-31,Atacado,609,37651732.4033051,0.0618299340403931,2328004.1310028867
2024-12-31,Atacado,630,37651732.4033051,0.0408485442273044,1538018.4563110403
2024-12-31,Atacado,651,37651732.4033051,0.0499638832793648,1881226.7630646152
2024-12-31,Atacado,672,37651732.4033051,0.044487898183402,1675046.4375869362
2024-12-31,Atacado,693,37651732.4033051,0.0378614949118288,1425550.8748092768
2024-12-31,Atacado,714,37651732.4033051,0.0054037979280892,203462.3535499503
2024-12-31,Atacado,735,37651732.4033051,0.0375332928175817,1413193.4973824825
2024-12-31,Atacado,756,37651732.4033051,0.0162028585737269,610065.6951865653
2024-12-31,Atacado,777,37651732.4033051,0.0280962642647629,1057873.0236293972
2024-12-31,Atacado,798,37651732.4033051,0.005868075505949,220943.20867238095
2024-12-31,Atacado,819,37651732.4033051,0.0015472688995712,58257.35456261319
2024-12-31,Atacado,840,37651732.4033051,0.037893203355125,1426744.7526311928
2024-12-31,Atacado,861,37651732.4033051,0.0012617789092808,47508.1618443776
2024-12-31,Atacado,882,37651732.4033051,0.0252123322478356,949287.9870587266
2024-12-31,Atacado,903,37651732.4033051,0.0117234334069229,441407.57748542936
2024-12-31,Atacado,924,37651732.4033051,0.0042210379993547,158929.39321588635
2024-12-31,Atacado,945,37651732.4033051,0.0077895885921972,293291.50520524784
2024-12-31,Atacado,966,37651732.4033051,0.0,0.0
2024-12-31,Atacado,987,37651732.4033051,0.0065661860803552,247228.28120784205
2024-12-31,Atacado,1008,37651732.4033051,0.0,0.0
2024-12-31,Atacado,1029,37651732.4033051,0.000695608965591,26190.882629772583
2024-12-31,Atacado,1050,37651732.4033051,0.0159953278597567,602251.8042786922
2024-12-31,Atacado,1071,37651732.4033051,0.0074482555370049,280439.72435074765
2024-12-31,Atacado,1092,37651732.4033051,0.0,0.0
2024-12-31,Atacado,1113,37651732.4033051,0.0137727831376623,518569.1451480164
2024-12-31,Atacado,1134,37651732.4033051,0.0031108985421019,117130.71944105484
2024-12-31,Atacado,1155,37651732.4033051,0.0,0.0
2024-12-31,Atacado,1176,37651732.4033051,0.0115435550717551,434634.84654454177
2024-12-31,Atacado,1197,37651732.4033051,0.0003161881027656,11905.02983444146
2024-12-31,Atacado,1218,37651732.4033051,0.0,0.0
2024-12-31,Atacado,1239,37651732.4033051,0.024051156457451,905567.7069259704
2024-12-31,Atacado,1260,37651732.4033051,0.0014804840706237,55742.79005448261
2025-03-31,Varejo_Estavel,0,79348918.36414227,0.9951387379392328,78963182.47773576
2025-03-31,Varejo_Estavel,21,79348918.36414227,0.991319557307737,78660134.62558928
2025-03-31,Varejo_Estavel,42,79348918.36414227,0.948543061812712,75265865.97665043
2025-03-31,Varejo_Estavel,63,79348918.36414227,0.914493233231068,72564048.90821254
2025-03-31,Varejo_Estavel,84,79348918.36414227,0.903578356615465,71697965.25468637
2025-03-31,Varejo_Estavel,105,79348918.36414227,0.9068200133457968,71955187.20994604
2025-03-31,Varejo_Estavel,126,79348918.36414227,0.8805361492336096,69869591.02221388
2025-03-31,Varejo_Estavel,147,79348918.36414227,0.8476069731189374,67256696.5148923
2025-03-31,Varejo_Estavel,168,79348918.36414227,0.8477169578424735,67265423.68374147
2025-03-31,Varejo_Estavel,189,79348918.36414227,0.8212277031020981,65163529.97182045
2025-03-31,Varejo_Estavel,210,79348918.36414227,0.7905014536204845,62725435.31006762
2025-03-31,Varejo_Estavel,231,79348918.36414227,0.7735814626556543,61382852.32827728
2025-03-31,Varejo_Estavel,252,79348918.36414227,0.7618100960385443,60448807.11954184
2025-03-31,Varejo_Estavel,273,79348918.36414227,0.7305661327473163,57969632.42697392
2025-03-31,Varejo_Estavel,294,79348918.36414227,0.7236886795063013,57423913.95119942
2025-03-31,Varejo_Estavel,315,79348918.36414227,0.7108089415619071,56401920.67649814
2025-03-31,Varejo_Estavel,336,79348918.36414227,0.6707128451205855,53220338.79325493
2025-03-31,Varejo_Estavel,357,79348918.36414227,0.6729031292132802,53394135.46692045
2025-03-31,Varejo_Estavel,378,79348918.36414227,0.6561172811620589,52062196.58023119
2025-03-31,Varejo_Estavel,399,79348918.36414227,0.6570219704593134,52133982.69742396
2025-03-31,Varejo_Estavel,420,79348918.36414227,0.6078265610217042,48230380.17006855
2025-03-31,Varejo_Estavel,441,79348918.36414227,0.6109941344360136,48481723.69433301
2025-03-31,Varejo_Estavel,462,79348918.36414227,0.5957314622726833,47270647.16682624
2025-03-31,Varejo_Estavel,483,79348918.36414227,0.5992948047088635,47553394.5348982
2025-03-31,Varejo_Estavel,504,79348918.36414227,0.5738266186661388,45532521.51971125
2025-03-31,Varejo_Estavel,525,79348918.36414227,0.582784159902515,46243292.72801989
2025-03-31,Varejo_Estavel,546,79348918.36414227,0.5563590504301896,44146488.87373683
2025-03-31,Varejo_Estavel,567,79348918.36414227,0.5309640553378724,42131423.48129875
2025-03-31,Varejo_Estavel,588,79348918.36414227,0.5265229657690209,41779027.82765211
2025-03-31,Varejo_Estavel,609,79348918.36414227,0.5074381202859539,40264665.98142396
2025-03-31,Varejo_Estavel,630,79348918.36414227,0.5103127530858851,40492764.98479258
2025-03-31,Varejo_Estavel,651,79348918.36414227,0.4725936116576308,37499791.9108365
2025-03-31,Varejo_Estavel,672,79348918.36414227,0.4675364502363522,37098511.62206518
2025-03-31,Varejo_Estavel,693,79348918.36414227,0.4719847747910627,37451481.36401411
2025-03-31,Varejo_Estavel,714,79348918.36414227,0.4705703216637919,37339246.03828839
2025-03-31,Varejo_Estavel,735,79348918.36414227,0.4190257359164993,33249238.91171294
2025-03-31,Varejo_Estavel,756,79348918.36414227,0.4517689362399471,35847376.44115896
2025-03-31,Varejo_Estavel,777,79348918.36414227,0.4236519589342918,33616324.70428608
2025-03-31,Varejo_Estavel,798,79348918.36414227,0.3930124485281479,31185112.69435168
2025-03-31,Varejo_Estavel,819,79348918.36414227,0.3701054640754456,29367468.25504553
2025-03-31,Varejo_Estavel,840,79348918.36414227,0.3784976302023505,30033377.559947625
2025-03-31,Varejo_Estavel,861,79348918.36414227,0.3875497321882888,30751652.06145373
2025-03-31,Varejo_Estavel,882,79348918.36414227,0.3781383651738929,30004870.26853345
2025-03-31,Varejo_Estavel,903,79348918.36414227,0.3778727932881527,29983797.42665204
2025-03-31,Varejo_Estavel,924,79348918.36414227,0.355223463229363,28186597.584814616
2025-03-31,Varejo_Estavel,945,79348918.36414227,0.3402569040359197,26999017.301181987
2025-03-31,Varejo_Estavel,966,79348918.36414227,0.3405211833400133,27019987.57810784
2025-03-31,Varejo_Estavel,987,79348918.36414227,0.3379908099849864,26819205.18932901
2025-03-31,Varejo_Estavel,1008,79348918.36414227,0.3326462512326869,26395120.233200435
2025-03-31,Varejo_Estavel,1029,79348918.36414227,0.312872600718626,24826102.45279913
2025-03-31,Varejo_Estavel,1050,79348918.36414227,0.3257976228777426,25851688.98095761
2025-03-31,Varejo_Estavel,1071,79348918.36414227,0.3003293420755407,23830808.446708634
2025-03-31,Varejo_Estavel,1092,79348918.36414227,0.2903196506726303,23036550.260728844
2025-03-31,Varejo_Estavel,1113,79348918.36414227,0.2873782784572827,22803155.55693467
2025-03-31,Varejo_Estavel,1134,79348918.36414227,0.30007267085769,23810441.863196984
2025-03-31,Varejo_Estavel,1155,79348918.36414227,0.2790219546420554,22140090.300695863
2025-03-31,Varejo_Estavel,1176,79348918.36414227,0.2658720828868192,21096662.200290687
2025-03-31,Varejo_Estavel,1197,79348918.36414227,0.2790566586394558,22142844.025352497
2025-03-31,Varejo_Estavel,1218,79348918.36414227,0.2875365131845416,22815711.311390307
2025-03-31,Varejo_Estavel,1239,79348918.36414227,0.2583596646109011,20500559.93579757
2025-03-31,Varejo_Estavel,1260,79348918.36414227,0.2648061095303852,21012078.36745265
2025-03-31,Varejo_Nao_Estavel,0,55180389.75287395,0.9927323229801,54779356.50231787
2025-03-31,Varejo_Nao_Estavel,21,55180389.75287395,0.9441939228474084,52100988.66501499
2025-03-31,Varejo_Nao_Estavel,42,55180389.75287395,0.8755081825838914,48310882.74680945
2025-03-31,Varejo_Nao_Estavel,63,55180389.75287395,0.8384371080573749,46265286.40587844
2025-03-31,Varejo_Nao_Estavel,84,55180389.75287395,0.786186241554591,43382063.22732944
2025-03-31,Varejo_Nao_Estavel,105,55180389.75287395,0.7443189069522331,41071807.38605735
2025-03-31,Varejo_Nao_Estavel,126,55180389.75287395,0.6981080408099836,38521873.78151013
2025-03-31,Varejo_Nao_Estavel,147,55180389.75287395,0.6639747653866703,36638386.34010951
2025-03-31,Varejo_Nao_Estavel,168,55180389.75287395,0.6363473171826155,35113892.98033243
2025-03-31,Varejo_Nao_Estavel,189,55180389.75287395,0.5931696545760806,32731332.72908574
2025-03-31,Varejo_Nao_Estavel,210,55180389.75287395,0.5388585457816218,29734424.577896763
2025-03-31,Varejo_Nao_Estavel,231,55180389.75287395,0.5207781004008658,28736738.554881096
2025-03-31,Varejo_Nao_Estavel,252,55180389.75287395,0.481767207769301,26584102.29486383
2025-03-31,Varejo_Nao_Estavel,273,55180389.75287395,0.474865879052628,26203284.28646512
2025-03-31,Varejo_Nao_Estavel,294,55180389.75287395,0.4514891674388199,24913348.228474647
2025-03-31,Varejo_Nao_Estavel,315,55180389.75287395,0.4235267862891071,23370373.138215084
2025-03-31,Varejo_Nao_Estavel,336,55180389.75287395,0.3874014102724571,21376960.80964721
2025-03-31,Varejo_Nao_Estavel,357,55180389.75287395,0.3775390163687449,20832750.070144
2025-03-31,Varejo_Nao_Estavel,378,55180389.75287395,0.3479120195240472,19197920.83704642
2025-03-31,Varejo_Nao_Estavel,399,55180389.75287395,0.3200512581455055,17660553.16536667
2025-03-31,Varejo_Nao_Estavel,420,55180389.75287395,0.3238834215102255,17872013.4334286
2025-03-31,Varejo_Nao_Estavel,441,55180389.75287395,0.3071181117953656,16946897.109034985
2025-03-31,Varejo_Nao_Estavel,462,55180389.75287395,0.2920022578503453,16112798.39690125
2025-03-31,Varejo_Nao_Estavel,483,55180389.75287395,0.2575655903894343,14212569.664618071
2025-03-31,Varejo_Nao_Estavel,504,55180389.75287395,0.2641523477523169,14576029.503109546
2025-03-31,Varejo_Nao_Estavel,525,55180389.75287395,0.2300455911544865,12694005.38083486
2025-03-31,Varejo_Nao_Estavel,546,55180389.75287395,0.2305666953935469,12722760.115848089
2025-03-31,Varejo_Nao_Estavel,567,55180389.75287395,0.2040931518722285,11261939.666202066
2025-03-31,Varejo_Nao_Estavel,588,55180389.75287395,0.1957373455310756,10800863.015597716
2025-03-31,Varejo_Nao_Estavel,609,55180389.75287395,0.1582342503209148,8731427.604961902
2025-03-31,Varejo_Nao_Estavel,630,55180389.75287395,0.1731537367236338,9554690.67957664
2025-03-31,Varejo_Nao_Estavel,651,55180389.75287395,0.1679480613726746,9267439.484783778
2025-03-31,Varejo_Nao_Estavel,672,55180389.75287395,0.152569535828493,8418846.451431312
2025-03-31,Varejo_Nao_Estavel,693,55180389.75287395,0.1697251461923618,9365499.717758032
2025-03-31,Varejo_Nao_Estavel,714,55180389.75287395,0.1263581630147683,6972492.683612096
2025-03-31,Varejo_Nao_Estavel,735,55180389.75287395,0.1256699119496648,6934514.721591855
2025-03-31,Varejo_Nao_Estavel,756,55180389.75287395,0.1141415286801697,6298374.039560609
2025-03-31,Varejo_Nao_Estavel,777,55180389.75287395,0.1112189653372659,6137105.855221715
2025-03-31,Varejo_Nao_Estavel,798,55180389.75287395,0.1237392965228308,6827982.609876247
2025-03-31,Varejo_Nao_Estavel,819,55180389.75287395,0.1228484334386378,6778824.43767403
2025-03-31,Varejo_Nao_Estavel,840,55180389.75287395,0.0908030544169851,5010547.933480664
2025-03-31,Varejo_Nao_Estavel,861,55180389.75287395,0.0849681017921141,4688572.973450726
2025-03-31,Varejo_Nao_Estavel,882,55180389.75287395,0.0745028038651914,4111093.754963189
2025-03-31,Varejo_Nao_Estavel,903,55180389.75287395,0.0991029155238587,5468537.504252668
2025-03-31,Varejo_Nao_Estavel,924,55180389.75287395,0.0921971185014251,5087472.933000548
2025-03-31,Varejo_Nao_Estavel,945,55180389.75287395,0.0730536630878046,4031129.602060199
2025-03-31,Varejo_Nao_Estavel,966,55180389.75287395,0.0534006876636532,2946670.758351874
2025-03-31,Varejo_Nao_Estavel,987,55180389.75287395,0.0505364926119809,2788623.359072342
2025-03-31,Varejo_Nao_Estavel,1008,55180389.75287395,0.0645475534046151,3561759.154461108
2025-03-31,Varejo_Nao_Estavel,1029,55180389.75287395,0.0655841995639638,3618961.6935697896
2025-03-31,Varejo_Nao_Estavel,1050,55180389.75287395,0.0308874322235174,1704380.5485591686
2025-03-31,Varejo_Nao_Estavel,1071,55180389.75287395,0.0487003070269025,2687301.9228291083
2025-03-31,Varejo_Nao_Estavel,1092,55180389.75287395,0.0690258335486948,3808872.398233983
2025-03-31,Varejo_Nao_Estavel,1113,55180389.75287395,0.0442119856728328,2439634.601175396
2025-03-31,Varejo_Nao_Estavel,1134,55180389.75287395,0.0620698309136467,3425037.4617100093
2025-03-31,Varejo_Nao_Estavel,1155,55180389.75287395,0.0495022989902817,2731556.1519470466
2025-03-31,Varejo_Nao_Estavel,1176,55180389.75287395,0.0263611775991904,1454620.0542680607
2025-03-31,Varejo_Nao_Estavel,1197,55180389.75287395,0.0336506668236127,1856856.910771056
2025-03-31,Varejo_Nao_Estavel,1218,55180389.75287395,0.0335326081471314,1850342.38698911
2025-03-31,Varejo_Nao_Estavel,1239,55180389.75287395,0.0216780828816058,1196205.0625021176
2025-03-31,Varejo_Nao_Estavel,1260,55180389.75287395,0.0196115837262686,1082174.8336866265
2025-03-31,Atacado,0,40273690.07241496,0.9882716725636844,39801347.048177
2025-03-31,Atacado,21,40273690.07241496,0.9038399510572436,36400970.063946135
2025-03-31,Atacado,42,40273690.07241496,0.7884627122437194,31754302.906559262
2025-03-31,Atacado,63,40273690.07241496,0.7067991092279495,28465408.26850541
2025-03-31,Atacado,84,40273690.07241496,0.6367026579662993,25642365.51521757
2025-03-31,Atacado,105,40273690.07241496,0.5540483200798304,22313570.32803725
2025-03-31,Atacado,126,40273690.07241496,0.5068148517619344,20411304.26395708
2025-03-31,Atacado,147,40273690.07241496,0.420892202675589,16950882.124452736
2025-03-31,Atacado,168,40273690.07241496,0.4021267516530254,16195128.165900929
2025-03-31,Atacado,189,40273690.07241496,0.3239310290984141,13045897.870747965
2025-03-31,Atacado,210,40273690.07241496,0.3122581017533368,12575786.012614502
2025-03-31,Atacado,231,40273690.07241496,0.290866427901165,11714264.369761957
2025-03-31,Atacado,252,40273690.07241496,0.2574675436727005,10369168.057580303
2025-03-31,Atacado,273,40273690.07241496,0.2071437537875415,8342443.340476081
2025-03-31,Atacado,294,40273690.07241496,0.1843891587429027,7426031.831924988
2025-03-31,Atacado,315,40273690.07241496,0.1685126308127652,6786625.466640591
2025-03-31,Atacado,336,40273690.07241496,0.1597247215851567,6432703.93402337
2025-03-31,Atacado,357,40273690.07241496,0.1159245577581471,4668709.710933386
2025-03-31,Atacado,378,40273690.07241496,0.1248413170898173,5027820.512707384
2025-03-31,Atacado,399,40273690.07241496,0.1150994922531431,4635481.278495415
2025-03-31,Atacado,420,40273690.07241496,0.0958161195775606,3858868.70380813
2025-03-31,Atacado,441,40273690.07241496,0.094692199264955,3813604.28547216
2025-03-31,Atacado,462,40273690.07241496,0.081429755518344,3279476.736418309
2025-03-31,Atacado,483,40273690.07241496,0.063654026906549,2563582.5514955204
2025-03-31,Atacado,504,40273690.07241496,0.0392657276768861,1581375.746926758
2025-03-31,Atacado,525,40273690.07241496,0.057282126862621,2306962.6239539566
2025-03-31,Atacado,546,40273690.07241496,0.0381693784912464,1537221.719613163
2025-03-31,Atacado,567,40273690.07241496,0.0372540623258206,1500358.560048533
2025-03-31,Atacado,588,40273690.07241496,0.0451220234247718,1817230.386849508
2025-03-31,Atacado,609,40273690.07241496,0.0520849396108801,2097652.7153290347
2025-03-31,Atacado,630,40273690.07241496,0.0307932785186958,1240158.9553755112
2025-03-31,Atacado,651,40273690.07241496,0.034489362979236,1389013.9154207748
2025-03-31,Atacado,672,40273690.07241496,0.0074693893431684,300819.87143696385
2025-03-31,Atacado,693,40273690.07241496,0.02504336988402,1008588.9170778728
2025-03-31,Atacado,714,40273690.07241496,0.0189673951524814,763886.9938520634
2025-03-31,Atacado,735,40273690.07241496,0.0322892004723481,1300405.2525094238
2025-03-31,Atacado,756,40273690.07241496,0.0091394982876549,368081.3214543818
2025-03-31,Atacado,777,40273690.07241496,0.0110206410649943,443841.8826509112
2025-03-31,Atacado,798,40273690.07241496,0.025107344324095,1011165.4038500128
2025-03-31,Atacado,819,40273690.07241496,0.009944137947304,400487.1297270623
2025-03-31,Atacado,840,40273690.07241496,0.0,0.0
2025-03-31,Atacado,861,40273690.07241496,0.0393888340318984,1586333.6941144692
2025-03-31,Atacado,882,40273690.07241496,0.0,0.0
2025-03-31,Atacado,903,40273690.07241496,0.0061837452568771,249042.2399622348
2025-03-31,Atacado,924,40273690.07241496,0.0103610432315581,417277.4439346652
2025-03-31,Atacado,945,40273690.07241496,0.0087356818363932,351818.1428501275
2025-03-31,Atacado,966,40273690.07241496,0.002644642153075,106509.49842538926
2025-03-31,Atacado,987,40273690.07241496,0.0021674929298927,87292.93849265287
2025-03-31,Atacado,1008,40273690.07241496,0.0010870676045445,43780.223793189216
2025-03-31,Atacado,1029,40273690.07241496,0.0,0.0
2025-03-31,Atacado,1050,40273690.07241496,0.0289030232526981,1164031.4006349675
2025-03-31,Atacado,1071,40273690.07241496,0.0001222448514494,4923.251260222565
2025-03-31,Atacado,1092,40273690.07241496,0.009623955214453,387592.18957768485
2025-03-31,Atacado,1113,40273690.07241496,0.0,0.0
2025-03-31,Atacado,1134,40273690.07241496,0.0,0.0
2025-03-31,Atacado,1155,40273690.07241496,0.0,0.0
2025-03-31,Atacado,1176,40273690.07241496,0.0,0.0
2025-03-31,Atacado,1197,40273690.07241496,0.0,0.0
2025-03-31,Atacado,1218,40273690.07241496,0.0,0.0
2025-03-31,Atacado,1239,40273690.07241496,0.0151544484542694,610325.5602656357
2025-03-31,Atacado,1260,40273690.07241496,0.0,0.0
2025-06-30,Varejo_Estavel,0,75382822.57956116,0.989218714398951,74570098.8399177
2025-06-30,Varejo_Estavel,21,75382822.57956116,0.9944703331623876,74965980.68541734
2025-06-30,Varejo_Estavel,42,75382822.57956116,0.9444087025721604,71192193.66859072
2025-06-30,Varejo_Estavel,63,75382822.57956116,0.9397805896735212,70843313.4550744
2025-06-30,Varejo_Estavel,84,75382822.57956116,0.9233644262390884,69605816.7194595
2025-06-30,Varejo_Estavel,105,75382822.57956116,0.8891452432033544,67026278.115859225
2025-06-30,Varejo_Estavel,126,75382822.57956116,0.8540288312848385,64379103.86657495
2025-06-30,Varejo_Estavel,147,75382822.57956116,0.8342973146456915,62891686.44854047
2025-06-30,Varejo_Estavel,168,75382822.57956116,0.8415550649203407,63438796.14982112
2025-06-30,Varejo_Estavel,189,75382822.57956116,0.7971252681306373,60089552.66117695
2025-06-30,Varejo_Estavel,210,75382822.57956116,0.7984048453168188,60186010.80117972
2025-06-30,Varejo_Estavel,231,75382822.57956116,0.7769445702347144,58568274.69215687
2025-06-30,Varejo_Estavel,252,75382822.57956116,0.7623838730669315,57470648.24092317
2025-06-30,Varejo_Estavel,273,75382822.57956116,0.7462077938374327,56251249.73033294
2025-06-30,Varejo_Estavel,294,75382822.57956116,0.7124305693071743,53705027.20633847
2025-06-30,Varejo_Estavel,315,75382822.57956116,0.6954004430383707,52421248.219309725
2025-06-30,Varejo_Estavel,336,75382822.57956116,0.6995355655930928,52732965.42919708
2025-06-30,Varejo_Estavel,357,75382822.57956116,0.6676228377573222,50327293.928723365
2025-06-30,Varejo_Estavel,378,75382822.57956116,0.6267521734823854,47246347.894977
2025-06-30,Varejo_Estavel,399,75382822.57956116,0.652470217794396,49185046.66644258
2025-06-30,Varejo_Estavel,420,75382822.57956116,0.6175253894906114,46550806.87434516
2025-06-30,Varejo_Estavel,441,75382822.57956116,0.6211778372073212,46826138.69255502
2025-06-30,Varejo_Estavel,462,75382822.57956116,0.6182263802328619,46603649.53509814
2025-06-30,Varejo_Estavel,483,75382822.57956116,0.5879751026289477,44323222.84267723
2025-06-30,Varejo_Estavel,504,75382822.57956116,0.58629836747848,44196825.81431661
2025-06-30,Varejo_Estavel,525,75382822.57956116,0.563076596321121,42446303.15917824
2025-06-30,Varejo_Estavel,546,75382822.57956116,0.5674616417850067,42776860.263385646
2025-06-30,Varejo_Estavel,567,75382822.57956116,0.5231414459630613,39435878.80504853
2025-06-30,Varejo_Estavel,588,75382822.57956116,0.5235484816453155,39466562.303667456
2025-06-30,Varejo_Estavel,609,75382822.57956116,0.519764885258885,39181344.12855649
2025-06-30,Varejo_Estavel,630,75382822.57956116,0.4977150589158794,37519165.98143157
2025-06-30,Varejo_Estavel,651,75382822.57956116,0.502406612176955,37872828.50853379
2025-06-30,Varejo_Estavel,672,75382822.57956116,0.4722363274810789,35598507.29012971
2025-06-30,Varejo_Estavel,693,75382822.57956116,0.4913489495879504,37039270.69144221
2025-06-30,Varejo_Estavel,714,75382822.57956116,0.4813276143303754,36283834.15371013
2025-06-30,Varejo_Estavel,735,75382822.57956116,0.4488342230248973,33834390.601921014
2025-06-30,Varejo_Estavel,756,75382822.57956116,0.4419064958123175,33312158.970575515
2025-06-30,Varejo_Estavel,777,75382822.57956116,0.4396336377029235,33140824.510966554
2025-06-30,Varejo_Estavel,798,75382822.57956116,0.4013725792837855,30256597.932450447
2025-06-30,Varejo_Estavel,819,75382822.57956116,0.3903821980031842,29428111.970293157
2025-06-30,Varejo_Estavel,840,75382822.57956116,0.4119272899583415,31052241.814609103
2025-06-30,Varejo_Estavel,861,75382822.57956116,0.3910740521329096,29480265.88740518
2025-06-30,Varejo_Estavel,882,75382822.57956116,0.3762110786758421,28359852.99628633
2025-06-30,Varejo_Estavel,903,75382822.57956116,0.370407867706215,27922390.573371165
2025-06-30,Varejo_Estavel,924,75382822.57956116,0.3331848116917257,25116411.545961853
2025-06-30,Varejo_Estavel,945,75382822.57956116,0.3512666428197897,26479471.01380229
2025-06-30,Varejo_Estavel,966,75382822.57956116,0.3364416591216253,25361921.89793868
2025-06-30,Varejo_Estavel,987,75382822.57956116,0.3486043461454285,26278779.575944763
2025-06-30,Varejo_Estavel,1008,75382822.57956116,0.3418173470338316,25767156.426067617
2025-06-30,Varejo_Estavel,1029,75382822.57956116,0.3292627399194537,24820754.70540837
2025-06-30,Varejo_Estavel,1050,75382822.57956116,0.319725766259308,24101830.712039657
2025-06-30,Varejo_Estavel,1071,75382822.57956116,0.2898179423515858,21847294.52866308
2025-06-30,Varejo_Estavel,1092,75382822.57956116,0.3078439759804916,23206147.823524088
2025-06-30,Varejo_Estavel,1113,75382822.57956116,0.3014397519171828,22723379.337199923
2025-06-30,Varejo_Estavel,1134,75382822.57956116,0.3021169005944835,22774424.715800863
2025-06-30,Varejo_Estavel,1155,75382822.57956116,0.3060340298265057,23069708.973719604
2025-06-30,Varejo_Estavel,1176,75382822.57956116,0.2538955168407972,19139360.699755803
2025-06-30,Varejo_Estavel,1197,75382822.57956116,0.2632816437266547,19846913.437501647
2025-06-30,Varejo_Estavel,1218,75382822.57956116,0.2529163310592648,19065546.91171412
2025-06-30,Varejo_Estavel,1239,75382822.57956116,0.2579135592598146,19442252.078545734
2025-06-30,Varejo_Estavel,1260,75382822.57956116,0.2501608222986164,18857828.88369373
2025-06-30,Varejo_Nao_Estavel,0,48829589.63459928,1.0,48829589.63459928
2025-06-30,Varejo_Nao_Estavel,21,48829589.63459928,0.9306573421475242,45443616.10749046
2025-06-30,Varejo_Nao_Estavel,42,48829589.63459928,0.878405260531628,42892168.40463266
2025-06-30,Varejo_Nao_Estavel,63,48829589.63459928,0.828605712000538,40460476.88587122
2025-06-30,Varejo_Nao_Estavel,84,48829589.63459928,0.7893765949349878,38544935.19783275
2025-06-30,Varejo_Nao_Estavel,105,48829589.63459928,0.7344104558473986,35860961.182387464
2025-06-30,Varejo_Nao_Estavel,126,48829589.63459928,0.7065239233209564,34499273.24278939
2025-06-30,Varejo_Nao_Estavel,147,48829589.63459928,0.6654340447494468,32492871.33400706
2025-06-30,Varejo_Nao_Estavel,168,48829589.63459928,0.6205223435794476,30299851.396084245
2025-06-30,Varejo_Nao_Estavel,189,48829589.63459928,0.6050887525500349,29546235.47952979
2025-06-30,Varejo_Nao_Estavel,210,48829589.63459928,0.5605170178152457,27369815.963127814
2025-06-30,Varejo_Nao_Estavel,231,48829589.63459928,0.5424833155480293,26489237.6818271
2025-06-30,Varejo_Nao_Estavel,252,48829589.63459928,0.4976594017855468,24300504.366988413
2025-06-30,Varejo_Nao_Estavel,273,48829589.63459928,0.4716468176820705,23030320.559880164
2025-06-30,Varejo_Nao_Estavel,294,48829589.63459928,0.4386959702139891,21421344.199901477
2025-06-30,Varejo_Nao_Estavel,315,48829589.63459928,0.4203636491404314,20526184.484829936
2025-06-30,Varejo_Nao_Estavel,336,48829589.63459928,0.4053970386656343,19795371.0371247
2025-06-30,Varejo_Nao_Estavel,357,48829589.63459928,0.3696407584319267,18049406.546453025
2025-06-30,Varejo_Nao_Estavel,378,48829589.63459928,0.3597743341436897,17567633.097297568
2025-06-30,Varejo_Nao_Estavel,399,48829589.63459928,0.3239570000099597,15818687.369742204
2025-06-30,Varejo_Nao_Estavel,420,48829589.63459928,0.3240888692599848,15825126.491106354
2025-06-30,Varejo_Nao_Estavel,441,48829589.63459928,0.2903429088229372,14177325.091139896
2025-06-30,Varejo_Nao_Estavel,462,48829589.63459928,0.2908356705560918,14201386.444357472
2025-06-30,Varejo_Nao_Estavel,483,48829589.63459928,0.2655974920990278,12969016.547174253
2025-06-30,Varejo_Nao_Estavel,504,48829589.63459928,0.2682514448006927,13098607.968506183
2025-06-30,Varejo_Nao_Estavel,525,48829589.63459928,0.2221197654553728,10846016.996919297
2025-06-30,Varejo_Nao_Estavel,546,48829589.63459928,0.2050105582553424,10010581.430368476
2025-06-30,Varejo_Nao_Estavel,567,48829589.63459928,0.2028294968617218,9904081.09755012
2025-06-30,Varejo_Nao_Estavel,588,48829589.63459928,0.1818098001196131,8877697.93138923
2025-06-30,Varejo_Nao_Estavel,609,48829589.63459928,0.1706955658764458,8334994.434192556
2025-06-30,Varejo_Nao_Estavel,630,48829589.63459928,0.1842353044221553,8996134.31113932
2025-06-30,Varejo_Nao_Estavel,651,48829589.63459928,0.1668048362503023,8145011.703168794
2025-06-30,Varejo_Nao_Estavel,672,48829589.63459928,0.1517339595164079,7409106.976819101
2025-06-30,Varejo_Nao_Estavel,693,48829589.63459928,0.1440073382076749,7031819.229051716
2025-06-30,Varejo_Nao_Estavel,714,48829589.63459928,0.1331409040667555,6501215.709159222
2025-06-30,Varejo_Nao_Estavel,735,48829589.63459928,0.1522373168087404,7433685.706843277
2025-06-30,Varejo_Nao_Estavel,756,48829589.63459928,0.1161739315082835,5672725.401787531
2025-06-30,Varejo_Nao_Estavel,777,48829589.63459928,0.102118682308212,4986413.351136007
2025-06-30,Varejo_Nao_Estavel,798,48829589.63459928,0.1209149471773783,5904227.251360632
2025-06-30,Varejo_Nao_Estavel,819,48829589.63459928,0.1025229844265404,5006155.257662382
2025-06-30,Varejo_Nao_Estavel,840,48829589.63459928,0.1236778500138271,6039138.663064696
2025-06-30,Varejo_Nao_Estavel,861,48829589.63459928,0.0873297246392629,4264274.617037764
2025-06-30,Varejo_Nao_Estavel,882,48829589.63459928,0.0985401578053999,4811675.468166334
2025-06-30,Varejo_Nao_Estavel,903,48829589.63459928,0.0964138588528187,4707849.162871317
2025-06-30,Varejo_Nao_Estavel,924,48829589.63459928,0.0724890356320055,3539609.862918674
2025-06-30,Varejo_Nao_Estavel,945,48829589.63459928,0.0654103954727616,3193962.7687717997
2025-06-30,Varejo_Nao_Estavel,966,48829589.63459928,0.0790502763905066,3859992.556650093
2025-06-30,Varejo_Nao_Estavel,987,48829589.63459928,0.0731151464124231,3570182.595392264
2025-06-30,Varejo_Nao_Estavel,1008,48829589.63459928,0.0455726787914688,2225295.203936831
2025-06-30,Varejo_Nao_Estavel,1029,48829589.63459928,0.0454509169069491,2219349.6210825997
2025-06-30,Varejo_Nao_Estavel,1050,48829589.63459928,0.0252440098243951,1232654.6404570066
2025-06-30,Varejo_Nao_Estavel,1071,48829589.63459928,0.0597006682011027,2915159.1291712183
2025-06-30,Varejo_Nao_Estavel,1092,48829589.63459928,0.0464643565563772,2268835.463283605
2025-06-30,Varejo_Nao_Estavel,1113,48829589.63459928,0.0448762911006929,2191290.878769654
2025-06-30,Varejo_Nao_Estavel,1134,48829589.63459928,0.0238968446517369,1166873.1179060854
2025-06-30,Varejo_Nao_Estavel,1155,48829589.63459928,0.0285365172057416,1393426.4247570464
2025-06-30,Varejo_Nao_Estavel,1176,48829589.63459928,0.0336370258584039,1642482.1691942709
2025-06-30,Varejo_Nao_Estavel,1197,48829589.63459928,0.0290948151420611,1420687.883881372
2025-06-30,Varejo_Nao_Estavel,1218,48829589.63459928,0.0364909719158794,1781839.1840200808
2025-06-30,Varejo_Nao_Estavel,1239,48829589.63459928,0.0401098392183097,1958546.9893398203
2025-06-30,Varejo_Nao_Estavel,1260,48829589.63459928,0.0584853508314223,2855815.680733923
2025-06-30,Atacado,0,34929940.39489176,1.0,34929940.39489176
2025-06-30,Atacado,21,34929940.39489176,0.880939044816582,30771148.32697609
2025-06-30,Atacado,42,34929940.39489176,0.7736011702043954,27021842.76465805
2025-06-30,Atacado,63,34929940.39489176,0.702879161426026,24551527.213422596
2025-06-30,Atacado,84,34929940.39489176,0.6107878643329456,21334783.695073027
2025-06-30,Atacado,105,34929940.39489176,0.5614071021607158,19609916.615742717
2025-06-30,Atacado,126,34929940.39489176,0.490634550505896,17137835.604845457
2025-06-30,Atacado,147,34929940.39489176,0.4219981024291146,14740368.564606402
2025-06-30,Atacado,168,34929940.39489176,0.4176825647423719,14589627.09043657
2025-06-30,Atacado,189,34929940.39489176,0.3471026500360092,12124274.876666777
2025-06-30,Atacado,210,34929940.39489176,0.2953288308383879,10315818.458077962
2025-06-30,Atacado,231,34929940.39489176,0.2913935735634306,10178360.15602514
2025-06-30,Atacado,252,34929940.39489176,0.2412566276495285,8427079.623670628
2025-06-30,Atacado,273,34929940.39489176,0.2358066719393727,8236712.995560086
2025-06-30,Atacado,294,34929940.39489176,0.1896243994798883,6623568.971249644
2025-06-30,Atacado,315,34929940.39489176,0.1702859230134832,5948077.140950098
2025-06-30,Atacado,336,34929940.39489176,0.1616281117505836,5645660.309586791
2025-06-30,Atacado,357,34929940.39489176,0.1474263886071209,5149594.966680883
2025-06-30,Atacado,378,34929940.39489176,0.1342218048480872,4688359.643038481
2025-06-30,Atacado,399,34929940.39489176,0.1102854461027904,3852264.0587945194
2025-06-30,Atacado,420,34929940.39489176,0.1055559664066674,3687063.614910092
2025-06-30,Atacado,441,34929940.39489176,0.0973358909313995,3399936.8685174696
2025-06-30,Atacado,462,34929940.39489176,0.0811518952812317,2834630.8651059237
2025-06-30,Atacado,483,34929940.39489176,0.0684419806601642,2390674.3049678723
2025-06-30,Atacado,504,34929940.39489176,0.0451564606212264,1577312.4779437166
2025-06-30,Atacado,525,34929940.39489176,0.062871259765131,2196089.3561477843
2025-06-30,Atacado,546,34929940.39489176,0.0501123672637,1750422.0015679677
2025-06-30,Atacado,567,34929940.39489176,0.0392307835959507,1370328.9326514564
2025-06-30,Atacado,588,34929940.39489176,0.0547057291723147,1910867.859248044
2025-06-30,Atacado,609,34929940.39489176,0.017942935414708,626745.6645451464
2025-06-30,Atacado,630,34929940.39489176,0.0509784357843786,1780673.7233731623
2025-06-30,Atacado,651,34929940.39489176,0.027573305598272,963133.9210377764
2025-06-30,Atacado,672,34929940.39489176,0.0286133595790378,999462.9445933984
2025-06-30,Atacado,693,34929940.39489176,0.0173565575377163,606263.5202529414
2025-06-30,Atacado,714,34929940.39489176,0.0,0.0
2025-06-30,Atacado,735,34929940.39489176,0.0158631507232445,554098.9092381177
2025-06-30,Atacado,756,34929940.39489176,0.0196419388827135,686091.7544132901
2025-06-30,Atacado,777,34929940.39489176,0.0220349978277739,769681.1607257124
2025-06-30,Atacado,798,34929940.39489176,0.0100251723372347,350178.6721881272
2025-06-30,Atacado,819,34929940.39489176,0.0,0.0
2025-06-30,Atacado,840,34929940.39489176,0.0,0.0
2025-06-30,Atacado,861,34929940.39489176,0.0333934702375765,1166431.924977139
2025-06-30,Atacado,882,34929940.39489176,0.0,0.0
2025-06-30,Atacado,903,34929940.39489176,0.0240847397343418,841278.5233470435
2025-06-30,Atacado,924,34929940.39489176,0.0,0.0
2025-06-30,Atacado,945,34929940.39489176,0.0033348008112854,116484.3935670388
2025-06-30,Atacado,966,34929940.39489176,0.0124240657163506,433971.874934348
2025-06-30,Atacado,987,34929940.39489176,0.0,0.0
2025-06-30,Atacado,1008,34929940.39489176,0.0230128316291086,803836.8371224451
2025-06-30,Atacado,1029,34929940.39489176,0.0043888134145566,153300.9909747645
2025-06-30,Atacado,1050,34929940.39489176,0.0086306028352214,301466.4426062683
2025-06-30,Atacado,1071,34929940.39489176,0.0,0.0
2025-06-30,Atacado,1092,34929940.39489176,0.010365426744781,362063.7383628177
2025-06-30,Atacado,1113,34929940.39489176,0.0211378215663025,738342.8473888072
2025-06-30,Atacado,1134,34929940.39489176,0.0003776937485214,13192.820123376709
2025-06-30,Atacado,1155,34929940.39489176,0.0224965900478586,785804.549460019
2025-06-30,Atacado,1176,34929940.39489176,0.0,0.0
2025-06-30,Atacado,1197,34929940.39489176,0.0105502204042254,368518.5698725674
2025-06-30,Atacado,1218,34929940.39489176,0.0070997636852045,247994.3223420123
2025-06-30,Atacado,1239,34929940.39489176,0.0,0.0
2025-06-30,Atacado,1260,34929940.39489176,0.0035422789556479,123731.5927828634
2025-09-30,Varejo_Estavel,0,80058927.50280298,0.9897616938846778,79239259.6957649
2025-09-30,Varejo_Estavel,21,80058927.50280298,0.9814559976445756,78574314.56261824
2025-09-30,Varejo_Estavel,42,80058927.50280298,0.9565970784637188,76584136.15411998
2025-09-30,Varejo_Estavel,63,80058927.50280298,0.9321619481691208,74627885.82934323
2025-09-30,Varejo_Estavel,84,80058927.50280298,0.9108995589295126,72925641.75067306
2025-09-30,Varejo_Estavel,105,80058927.50280298,0.8898185950332559,71237922.39041343
2025-09-30,Varejo_Estavel,126,80058927.50280298,0.8661381678411681,69342092.78660668
2025-09-30,Varejo_Estavel,147,80058927.50280298,0.8523451700910355,68237840.1796825
2025-09-30,Varejo_Estavel,168,80058927.50280298,0.8235109255944224,65929401.48993004
2025-09-30,Varejo_Estavel,189,80058927.50280298,0.8441341102538755,67580471.53545812
2025-09-30,Varejo_Estavel,210,80058927.50280298,0.776788527038516,62188856.37118567
2025-09-30,Varejo_Estavel,231,80058927.50280298,0.7685555479900538,61529732.898412734
2025-09-30,Varejo_Estavel,252,80058927.50280298,0.7517893780002758,60187451.31070143
2025-09-30,Varejo_Estavel,273,80058927.50280298,0.7650346971151766,61247857.35347276
2025-09-30,Varejo_Estavel,294,80058927.50280298,0.7077930029204591,56665148.707800254
2025-09-30,Varejo_Estavel,315,80058927.50280298,0.7122178487623809,57019397.12026975
2025-09-30,Varejo_Estavel,336,80058927.50280298,0.6939371687644464,55555865.485613175
2025-09-30,Varejo_Estavel,357,80058927.50280298,0.6791782007401896,54374278.33454301
2025-09-30,Varejo_Estavel,378,80058927.50280298,0.6745900733377785,54006957.77545976
2025-09-30,Varejo_Estavel,399,80058927.50280298,0.6592751065367546,52780857.95862875
2025-09-30,Varejo_Estavel,420,80058927.50280298,0.6245490430291952,50000726.55781932
2025-09-30,Varejo_Estavel,441,80058927.50280298,0.617900416066386,49468444.6138106
2025-09-30,Varejo_Estavel,462,80058927.50280298,0.5791432936552325,46365590.9604788
2025-09-30,Varejo_Estavel,483,80058927.50280298,0.5889630692440675,47151751.66243913
2025-09-30,Varejo_Estavel,504,80058927.50280298,0.5648213043645345,45218987.85815889
2025-09-30,Varejo_Estavel,525,80058927.50280298,0.5589944350431603,44752494.94959068
2025-09-30,Varejo_Estavel,546,80058927.50280298,0.5281880274695127,42286166.99903023
2025-09-30,Varejo_Estavel,567,80058927.50280298,0.5407451987087755,43291480.660914645
2025-09-30,Varejo_Estavel,588,80058927.50280298,0.5032882370634061,40292716.48407275
2025-09-30,Varejo_Estavel,609,80058927.50280298,0.5134663612798864,41107566.19283448
2025-09-30,Varejo_Estavel,630,80058927.50280298,0.4852819328837294,38851151.0831586
2025-09-30,Varejo_Estavel,651,80058927.50280298,0.4783842917954924,38298933.33533508
2025-09-30,Varejo_Estavel,672,80058927.50280298,0.4912775871857502,39331156.73625595
2025-09-30,Varejo_Estavel,693,80058927.50280298,0.4735715111193672,37913627.27609827
2025-09-30,Varejo_Estavel,714,80058927.50280298,0.469651681931155,37599809.95529582
2025-09-30,Varejo_Estavel,735,80058927.50280298,0.4641660846601851,37160638.92106968
2025-09-30,Varejo_Estavel,756,80058927.50280298,0.4260012171623849,34105200.560909204
2025-09-30,Varejo_Estavel,777,80058927.50280298,0.4433212404247183,35491823.047615215
2025-09-30,Varejo_Estavel,798,80058927.50280298,0.3980328801972471,31866085.49944327
2025-09-30,Varejo_Estavel,819,80058927.50280298,0.4150794021926566,33230811.768048696
2025-09-30,Varejo_Estavel,840,80058927.50280298,0.3909302104168502,31297453.37441813
2025-09-30,Varejo_Estavel,861,80058927.50280298,0.3766225887467618,30152000.52839499
2025-09-30,Varejo_Estavel,882,80058927.50280298,0.3863027800352528,30926986.26097356
2025-09-30,Varejo_Estavel,903,80058927.50280298,0.3816138063736716,30551592.05853847
2025-09-30,Varejo_Estavel,924,80058927.50280298,0.3728005299998531,29846010.60426477
2025-09-30,Varejo_Estavel,945,80058927.50280298,0.3561317092600113,28511522.69309656
2025-09-30,Varejo_Estavel,966,80058927.50280298,0.3470617076078949,27785388.088379465
2025-09-30,Varejo_Estavel,987,80058927.50280298,0.3439098855704463,27533056.59638163
2025-09-30,Varejo_Estavel,1008,80058927.50280298,0.3335221465994299,26701425.355182987
2025-09-30,Varejo_Estavel,1029,80058927.50280298,0.3288388471849266,26326485.426883347
2025-09-30,Varejo_Estavel,1050,80058927.50280298,0.3174282560070469,25412965.735009357
2025-09-30,Varejo_Estavel,1071,80058927.50280298,0.3178995092303054,25450693.762645677
2025-09-30,Varejo_Estavel,1092,80058927.50280298,0.281229765341924,22514953.39513939
2025-09-30,Varejo_Estavel,1113,80058927.50280298,0.2923116948698655,23402160.78780803
2025-09-30,Varejo_Estavel,1134,80058927.50280298,0.2705684308231117,21661418.387814663
2025-09-30,Varejo_Estavel,1155,80058927.50280298,0.2839359362886019,22731606.538769662
2025-09-30,Varejo_Estavel,1176,80058927.50280298,0.2939094070339009,23530071.910118885
2025-09-30,Varejo_Estavel,1197,80058927.50280298,0.2622543482507096,20995801.85389841
2025-09-30,Varejo_Estavel,1218,80058927.50280298,0.2633505550687232,21083562.99606984
2025-09-30,Varejo_Estavel,1239,80058927.50280298,0.2649213135782534,21209316.23770873
2025-09-30,Varejo_Estavel,1260,80058927.50280298,0.2251873248188017,18028255.712218598
2025-09-30,Varejo_Nao_Estavel,0,47389447.58927906,1.0,47389447.58927906
2025-09-30,Varejo_Nao_Estavel,21,47389447.58927906,0.9091103759738062,43082238.51508048
2025-09-30,Varejo_Nao_Estavel,42,47389447.58927906,0.8791770162234396,41663713.13201944
2025-09-30,Varejo_Nao_Estavel,63,47389447.58927906,0.85410671093429,40475645.21347206
2025-09-30,Varejo_Nao_Estavel,84,47389447.58927906,0.8057364887895084,38183407.10626015
2025-09-30,Varejo_Nao_Estavel,105,47389447.58927906,0.7536453571667819,35714837.154358715
2025-09-30,Varejo_Nao_Estavel,126,47389447.58927906,0.7176931528658657,34011082.052921385
2025-09-30,Varejo_Nao_Estavel,147,47389447.58927906,0.6700011778980748,31750985.70475605
2025-09-30,Varejo_Nao_Estavel,168,47389447.58927906,0.6366252638367442,30169319.574602347
2025-09-30,Varejo_Nao_Estavel,189,47389447.58927906,0.5908157129952731,27998430.26591204
2025-09-30,Varejo_Nao_Estavel,210,47389447.58927906,0.5626207763497516,26662287.79346605
2025-09-30,Varejo_Nao_Estavel,231,47389447.58927906,0.5221431025426578,24744073.192048848
2025-09-30,Varejo_Nao_Estavel,252,47389447.58927906,0.5151618001301878,24413233.127268188
2025-09-30,Varejo_Nao_Estavel,273,47389447.58927906,0.4901958692548732,23230111.454534903
2025-09-30,Varejo_Nao_Estavel,294,47389447.58927906,0.4620083126785345,21894318.719490662
2025-09-30,Varejo_Nao_Estavel,315,47389447.58927906,0.4155509024867228,19692727.714072168
2025-09-30,Varejo_Nao_Estavel,336,47389447.58927906,0.3854049745196687,18264128.840647276
2025-09-30,Varejo_Nao_Estavel,357,47389447.58927906,0.3899004531481723,18477167.089501467
2025-09-30,Varejo_Nao_Estavel,378,47389447.58927906,0.3600802770243707,17064005.415979505
2025-09-30,Varejo_Nao_Estavel,399,47389447.58927906,0.3376529756407923,16001187.992493443
2025-09-30,Varejo_Nao_Estavel,420,47389447.58927906,0.3073766774543765,14566410.946390912
2025-09-30,Varejo_Nao_Estavel,441,47389447.58927906,0.3024097445023215,14331030.737580037
2025-09-30,Varejo_Nao_Estavel,462,47389447.58927906,0.2675921753613999,12681045.369590236
2025-09-30,Varejo_Nao_Estavel,483,47389447.58927906,0.2724745218627722,12912417.073229715
2025-09-30,Varejo_Nao_Estavel,504,47389447.58927906,0.2665466403952745,12631498.045110276
2025-09-30,Varejo_Nao_Estavel,525,47389447.58927906,0.2555411246973187,12109952.735749014
2025-09-30,Varejo_Nao_Estavel,546,47389447.58927906,0.2312269681844026,10957718.290002644
2025-09-30,Varejo_Nao_Estavel,567,47389447.58927906,0.1936398452179752,9176485.296153346
2025-09-30,Varejo_Nao_Estavel,588,47389447.58927906,0.2007930930673772,9515473.760205705
2025-09-30,Varejo_Nao_Estavel,609,47389447.58927906,0.2129645655382777,10092273.116949797
2025-09-30,Varejo_Nao_Estavel,630,47389447.58927906,0.1663533562113294,7883393.655477467
2025-09-30,Varejo_Nao_Estavel,651,47389447.58927906,0.1661448028963316,7873510.429086809
2025-09-30,Varejo_Nao_Estavel,672,47389447.58927906,0.1744524234584708,8267203.97830792
2025-09-30,Varejo_Nao_Estavel,693,47389447.58927906,0.1560564964402231,7395431.159020469
2025-09-30,Varejo_Nao_Estavel,714,47389447.58927906,0.1700696319324928,8059505.908992851
2025-09-30,Varejo_Nao_Estavel,735,47389447.58927906,0.1236384541961688,5859158.045148823
2025-09-30,Varejo_Nao_Estavel,756,47389447.58927906,0.1131229305711101,5360833.18944528
2025-09-30,Varejo_Nao_Estavel,777,47389447.58927906,0.1326737943152337,6287337.822172559
2025-09-30,Varejo_Nao_Estavel,798,47389447.58927906,0.0970117962282839,4597335.432902083
2025-09-30,Varejo_Nao_Estavel,819,47389447.58927906,0.1027508360409038,4869305.359315019
2025-09-30,Varejo_Nao_Estavel,840,47389447.58927906,0.0984248072096975,4664297.242748858
2025-09-30,Varejo_Nao_Estavel,861,47389447.58927906,0.1060760659854236,5026886.169493142
2025-09-30,Varejo_Nao_Estavel,882,47389447.58927906,0.0957595632646214,4537992.804501029
2025-09-30,Varejo_Nao_Estavel,903,47389447.58927906,0.0889122698557494,4213503.352372875
2025-09-30,Varejo_Nao_Estavel,924,47389447.58927906,0.0739158950836095,3502833.436079365
2025-09-30,Varejo_Nao_Estavel,945,47389447.58927906,0.0889054929166533,4213182.196972765
2025-09-30,Varejo_Nao_Estavel,966,47389447.58927906,0.1184637665320629,5613932.45529979
2025-09-30,Varejo_Nao_Estavel,987,47389447.58927906,0.0745118285845309,3531074.395487974
2025-09-30,Varejo_Nao_Estavel,1008,47389447.58927906,0.063696066490562,3018521.404597724
2025-09-30,Varejo_Nao_Estavel,1029,47389447.58927906,0.0434177888906999,2057545.0310782064
2025-09-30,Varejo_Nao_Estavel,1050,47389447.58927906,0.0480313924919653,2276181.157138084
2025-09-30,Varejo_Nao_Estavel,1071,47389447.58927906,0.0499915031459894,2369069.718246148
2025-09-30,Varejo_Nao_Estavel,1092,47389447.58927906,0.0431910799908006,2046801.4215484064
2025-09-30,Varejo_Nao_Estavel,1113,47389447.58927906,0.0466291621380741,2209730.2352742585
2025-09-30,Varejo_Nao_Estavel,1134,47389447.58927906,0.0655303667458466,3105447.880408536
2025-09-30,Varejo_Nao_Estavel,1155,47389447.58927906,0.0566797484512443,2686021.9686037665
2025-09-30,Varejo_Nao_Estavel,1176,47389447.58927906,0.0374665402115957,1775518.643709032
2025-09-30,Varejo_Nao_Estavel,1197,47389447.58927906,0.0226633630078446,1074004.2534570617
2025-09-30,Varejo_Nao_Estavel,1218,47389447.58927906,0.0511253507244968,2422802.128642054
2025-09-30,Varejo_Nao_Estavel,1239,47389447.58927906,0.0325195704171915,1541084.4779113708
2025-09-30,Varejo_Nao_Estavel,1260,47389447.58927906,0.0105319948927717,499105.4199815604
2025-09-30,Atacado,0,37493505.41472563,1.0,37493505.41472563
2025-09-30,Atacado,21,37493505.41472563,0.8617878172811232,32311446.193574376
2025-09-30,Atacado,42,37493505.41472563,0.7838058702785048,29387629.64138085
2025-09-30,Atacado,63,37493505.41472563,0.705781333050855,26462216.232354507
2025-09-30,Atacado,84,37493505.41472563,0.6387746558831399,23949901.01914401
2025-09-30,Atacado,105,37493505.41472563,0.5550420651391964,20810472.67469696
2025-09-30,Atacado,126,37493505.41472563,0.4900142971763128,18372353.70447306
2025-09-30,Atacado,147,37493505.41472563,0.454175390066333,17028627.44668718
2025-09-30,Atacado,168,37493505.41472563,0.3912303945122798,14668598.91505141
2025-09-30,Atacado,189,37493505.41472563,0.3600580463998581,13499838.312308615
2025-09-30,Atacado,210,37493505.41472563,0.3016420746140232,11309618.757849952
2025-09-30,Atacado,231,37493505.41472563,0.2643875158465064,9912814.756976848
2025-09-30,Atacado,252,37493505.41472563,0.2590632298908447,9713188.6126687
2025-09-30,Atacado,273,37493505.41472563,0.2257549184588914,8464343.257639388
2025-09-30,Atacado,294,37493505.41472563,0.2094946002948594,7854686.930511094
2025-09-30,Atacado,315,37493505.41472563,0.1703855792855795,6388352.63953504
2025-09-30,Atacado,336,37493505.41472563,0.1479488676071021,5547121.6687294105
2025-09-30,Atacado,357,37493505.41472563,0.1566363826891625,5872847.062499152
2025-09-30,Atacado,378,37493505.41472563,0.1067244948320663,4001475.4248699383
2025-09-30,Atacado,399,37493505.41472563,0.1263798682777099,4738424.275582627
2025-09-30,Atacado,420,37493505.41472563,0.115058622237801,4313951.075883865
2025-09-30,Atacado,441,37493505.41472563,0.0987094218195113,3700962.241474285
2025-09-30,Atacado,462,37493505.41472563,0.0704913754143041,2642968.765787672
2025-09-30,Atacado,483,37493505.41472563,0.0603555919786315,2262942.714659791
2025-09-30,Atacado,504,37493505.41472563,0.0599793307240216,2248835.3612727234
2025-09-30,Atacado,525,37493505.41472563,0.0401406937617943,1505015.3189086816
2025-09-30,Atacado,546,37493505.41472563,0.038065954888963,1427226.0857460385
2025-09-30,Atacado,567,37493505.41472563,0.0519309853222677,1947074.679372484
2025-09-30,Atacado,588,37493505.41472563,0.0471647221799046,1768370.766436285
2025-09-30,Atacado,609,37493505.41472563,0.0224820410912484,842930.5293888065
2025-09-30,Atacado,630,37493505.41472563,0.0393634632236008,1475874.221516433
2025-09-30,Atacado,651,37493505.41472563,0.0332922246107632,1248242.2037119146
2025-09-30,Atacado,672,37493505.41472563,0.0429217764919283,1609287.8593097583
2025-09-30,Atacado,693,37493505.41472563,0.0289267242144898,1084564.2909662505
2025-09-30,Atacado,714,37493505.41472563,0.0323892390494199,1214386.109678269
2025-09-30,Atacado,735,37493505.41472563,0.0232634005959964,872226.4362109257
2025-09-30,Atacado,756,37493505.41472563,0.0273841493163662,1026727.7506708336
2025-09-30,Atacado,777,37493505.41472563,0.0,0.0
2025-09-30,Atacado,798,37493505.41472563,0.0109406372331705,410202.84134243056
2025-09-30,Atacado,819,37493505.41472563,0.0105807502373094,396709.41631442105
2025-09-30,Atacado,840,37493505.41472563,0.0069181338390803,259385.08855535413
2025-09-30,Atacado,861,37493505.41472563,0.0140958743162176,528503.7400003995
2025-09-30,Atacado,882,37493505.41472563,0.015425055853949,578339.4151824826
2025-09-30,Atacado,903,37493505.41472563,0.0116672311603251,437445.3946845076
2025-09-30,Atacado,924,37493505.41472563,0.0040774587845947,152878.22301852284
2025-09-30,Atacado,945,37493505.41472563,0.0,0.0
2025-09-30,Atacado,966,37493505.41472563,0.0180877994910266,678175.0081572796
2025-09-30,Atacado,987,37493505.41472563,0.0085814111755745,321747.1863773898
2025-09-30,Atacado,1008,37493505.41472563,0.0,0.0
2025-09-30,Atacado,1029,37493505.41472563,0.0011558226179402,43335.84158420379
2025-09-30,Atacado,1050,37493505.41472563,0.0,0.0
2025-09-30,Atacado,1071,37493505.41472563,0.0031865832361792,119476.17582016117
2025-09-30,Atacado,1092,37493505.41472563,8.022398939277206e-05,3007.878580688791
2025-09-30,Atacado,1113,37493505.41472563,0.0,0.0
2025-09-30,Atacado,1134,37493505.41472563,0.0209683272776423,786176.0923220227
2025-09-30,Atacado,1155,37493505.41472563,0.0,0.0
2025-09-30,Atacado,1176,37493505.41472563,0.0100269117600007,375944.07036656304
2025-09-30,Atacado,1197,37493505.41472563,0.0276215658631874,1035629.3292546195
2025-09-30,Atacado,1218,37493505.41472563,0.0141576064948882,530818.2957756461
2025-09-30,Atacado,1239,37493505.41472563,0.0007176889588789,26908.67486581548
2025-09-30,Atacado,1260,37493505.41472563,0.0,0.0
2025-12-31,Varejo_Estavel,0,69103502.58732435,0.9950613796605098,68762226.62391658
2025-12-31,Varejo_Estavel,21,69103502.58732435,0.968915959627279,66955486.52300353
2025-12-31,Varejo_Estavel,42,69103502.58732435,0.946207041002919,65386220.70608973
2025-12-31,Varejo_Estavel,63,69103502.58732435,0.9291172300711524,64205254.91214952
2025-12-31,Varejo_Estavel,84,69103502.58732435,0.9104955234435884,62918429.76003126
2025-12-31,Varejo_Estavel,105,69103502.58732435,0.8967212615120829,61966580.01500897
2025-12-31,Varejo_Estavel,126,69103502.58732435,0.8556970086625749,59131660.45207995
2025-12-31,Varejo_Estavel,147,69103502.58732435,0.8424802353972591,58218335.126544125
2025-12-31,Varejo_Estavel,168,69103502.58732435,0.829321831148918,57309043.30452383
2025-12-31,Varejo_Estavel,189,69103502.58732435,0.8099065740351563,55967381.03432942
2025-12-31,Varejo_Estavel,210,69103502.58732435,0.8157376104730608,56370326.07590294
2025-12-31,Varejo_Estavel,231,69103502.58732435,0.7783593400295536,53787356.66760033
2025-12-31,Varejo_Estavel,252,69103502.58732435,0.738495205511686,51032605.34480342
2025-12-31,Varejo_Estavel,273,69103502.58732435,0.7455669524823233,51521287.82988576
2025-12-31,Varejo_Estavel,294,69103502.58732435,0.7301825833931168,50458174.04072543
2025-12-31,Varejo_Estavel,315,69103502.58732435,0.7056052448476107,48759793.862956494
2025-12-31,Varejo_Estavel,336,69103502.58732435,0.6763956798909776,46741310.61540119
2025-12-31,Varejo_Estavel,357,69103502.58732435,0.6962716294278566,48114808.34564843
2025-12-31,Varejo_Estavel,378,69103502.58732435,0.6469153484234721,44704116.45356124
2025-12-31,Varejo_Estavel,399,69103502.58732435,0.6526144206967808,45097942.309145175
2025-12-31,Varejo_Estavel,420,69103502.58732435,0.6323611312962039,43698369.072650574
2025-12-31,Varejo_Estavel,441,69103502.58732435,0.6227819332608154,43036412.93642762
2025-12-31,Varejo_Estavel,462,69103502.58732435,0.6219948131310663,42982020.178504966
2025-12-31,Varejo_Estavel,483,69103502.58732435,0.5945136196074968,41082973.45074622
2025-12-31,Varejo_Estavel,504,69103502.58732435,0.5676452067739951,39226272.01498903
2025-12-31,Varejo_Estavel,525,69103502.58732435,0.574502931456222,39700164.81031046
2025-12-31,Varejo_Estavel,546,69103502.58732435,0.5408392964467835,37373889.72133699
2025-12-31,Varejo_Estavel,567,69103502.58732435,0.5378494274048898,37167279.29826473
2025-12-31,Varejo_Estavel,588,69103502.58732435,0.5081300581141239,35113566.78558663
2025-12-31,Varejo_Estavel,609,69103502.58732435,0.4992875712703463,34502519.97309927
2025-12-31,Varejo_Estavel,630,69103502.58732435,0.5006166400452342,34594363.280623466
2025-12-31,Varejo_Estavel,651,69103502.58732435,0.4929970247200935,34067821.17328819
2025-12-31,Varejo_Estavel,672,69103502.58732435,0.4569921144829159,31579755.765557
2025-12-31,Varejo_Estavel,693,69103502.58732435,0.4724839441844117,32650295.45941671
2025-12-31,Varejo_Estavel,714,69103502.58732435,0.4460280965599288,30822103.7246484
2025-12-31,Varejo_Estavel,735,69103502.58732435,0.4608056152582236,31843282.026250247
2025-12-31,Varejo_Estavel,756,69103502.58732435,0.431051708502168,29787182.85375015
2025-12-31,Varejo_Estavel,777,69103502.58732435,0.411850113240828,28460285.365927387
2025-12-31,Varejo_Estavel,798,69103502.58732435,0.4165286027669049,28783585.378997408
2025-12-31,Varejo_Estavel,819,69103502.58732435,0.395131378165173,27304962.21337007
2025-12-31,Varejo_Estavel,840,69103502.58732435,0.4120776046892474,28476005.82182183
2025-12-31,Varejo_Estavel,861,69103502.58732435,0.3877925529488308,26797823.68604465
2025-12-31,Varejo_Estavel,882,69103502.58732435,0.3771090221504801,26059554.287879057
2025-12-31,Varejo_Estavel,903,69103502.58732435,0.3773760002988131,26078003.41304315
2025-12-31,Varejo_Estavel,924,69103502.58732435,0.349757940089691,24169498.7179252
2025-12-31,Varejo_Estavel,945,69103502.58732435,0.3380835467293316,23362757.24614216
2025-12-31,Varejo_Estavel,966,69103502.58732435,0.3503784389452436,24212377.36219531
2025-12-31,Varejo_Estavel,987,69103502.58732435,0.3243914380459418,22416584.578313604
2025-12-31,Varejo_Estavel,1008,69103502.58732435,0.3166768558482301,21883479.927453917
2025-12-31,Varejo_Estavel,1029,69103502.58732435,0.3323836494845454,22968874.3821396
2025-12-31,Varejo_Estavel,1050,69103502.58732435,0.3212810317935256,22201644.61180213
2025-12-31,Varejo_Estavel,1071,69103502.58732435,0.2927401488267941,20229369.631866086
2025-12-31,Varejo_Estavel,1092,69103502.58732435,0.2933266265052331,20269897.2936355
2025-12-31,Varejo_Estavel,1113,69103502.58732435,0.2830421978995463,19559207.254873272
2025-12-31,Varejo_Estavel,1134,69103502.58732435,0.3084904203257457,21317768.559144948
2025-12-31,Varejo_Estavel,1155,69103502.58732435,0.2914876372081906,20142816.69198926
2025-12-31,Varejo_Estavel,1176,69103502.58732435,0.2691561067715932,18599629.72068494
2025-12-31,Varejo_Estavel,1197,69103502.58732435,0.2748577019061952,18993629.914820783
2025-12-31,Varejo_Estavel,1218,69103502.58732435,0.2455492964739866,16968316.444205813
2025-12-31,Varejo_Estavel,1239,69103502.58732435,0.2477717191849198,17121893.63776091
2025-12-31,Varejo_Estavel,1260,69103502.58732435,0.2512583591913026,17362832.674463052
2025-12-31,Varejo_Nao_Estavel,0,52261153.74572956,0.9988304904938388,52200033.829620965
2025-12-31,Varejo_Nao_Estavel,21,52261153.74572956,0.9468504748102642,49483498.23827625
2025-12-31,Varejo_Nao_Estavel,42,52261153.74572956,0.8918387556597768,46608522.32593573
2025-12-31,Varejo_Nao_Estavel,63,52261153.74572956,0.8389334864294467,43843631.91673023
2025-12-31,Varejo_Nao_Estavel,84,52261153.74572956,0.7901467788778089,41293982.29262615
2025-12-31,Varejo_Nao_Estavel,105,52261153.74572956,0.7440383599662074,38884303.12291443
2025-12-31,Varejo_Nao_Estavel,126,52261153.74572956,0.7098900312900907,37099672.0678122
2025-12-31,Varejo_Nao_Estavel,147,52261153.74572956,0.6723497141554107,35137771.782373235
2025-12-31,Varejo_Nao_Estavel,168,52261153.74572956,0.6323408349552625,33046861.59529997
2025-12-31,Varejo_Nao_Estavel,189,52261153.74572956,0.5804603929013478,30335529.836723924
2025-12-31,Varejo_Nao_Estavel,210,52261153.74572956,0.5492438899409683,28704119.376107503
2025-12-31,Varejo_Nao_Estavel,231,52261153.74572956,0.5345181288510245,27934534.11176307
2025-12-31,Varejo_Nao_Estavel,252,52261153.74572956,0.5176600796080505,27053513.00842293
2025-12-31,Varejo_Nao_Estavel,273,52261153.74572956,0.4737661418795518,24759565.180288386
2025-12-31,Varejo_Nao_Estavel,294,52261153.74572956,0.4405093381204457,23021526.24594218
2025-12-31,Varejo_Nao_Estavel,315,52261153.74572956,0.4231402930921705,22113799.913302988
2025-12-31,Varejo_Nao_Estavel,336,52261153.74572956,0.3832084059218886,20026913.41853976
2025-12-31,Varejo_Nao_Estavel,357,52261153.74572956,0.3902840870976078,20396696.68031979
2025-12-31,Varejo_Nao_Estavel,378,52261153.74572956,0.3557925203273701,18594127.6064093
2025-12-31,Varejo_Nao_Estavel,399,52261153.74572956,0.325676476983982,17020228.435027435
2025-12-31,Varejo_Nao_Estavel,420,52261153.74572956,0.3129787168806038,16356628.8420384
2025-12-31,Varejo_Nao_Estavel,441,52261153.74572956,0.2909773439659169,15206811.709526816
2025-12-31,Varejo_Nao_Estavel,462,52261153.74572956,0.2963555517991452,15487883.055975648
2025-12-31,Varejo_Nao_Estavel,483,52261153.74572956,0.2624388925164591,13715359.310661664
2025-12-31,Varejo_Nao_Estavel,504,52261153.74572956,0.2518643889533871,13162723.554167194
2025-12-31,Varejo_Nao_Estavel,525,52261153.74572956,0.2428532956502388,12691793.421634248
2025-12-31,Varejo_Nao_Estavel,546,52261153.74572956,0.2138354802899103,11175288.911722925
2025-12-31,Varejo_Nao_Estavel,567,52261153.74572956,0.2125486174070505,11108035.972752117
2025-12-31,Varejo_Nao_Estavel,588,52261153.74572956,0.2017183583287554,10542034.137955254
2025-12-31,Varejo_Nao_Estavel,609,52261153.74572956,0.1686394387573376,8813291.636490768
2025-12-31,Varejo_Nao_Estavel,630,52261153.74572956,0.1798090531619681,9397028.572171677
2025-12-31,Varejo_Nao_Estavel,651,52261153.74572956,0.1663058369919366,8691334.915847836
2025-12-31,Varejo_Nao_Estavel,672,52261153.74572956,0.159049726742251,8312122.222493055
2025-12-31,Varejo_Nao_Estavel,693,52261153.74572956,0.1490784459372269,7791011.583299847
2025-12-31,Varejo_Nao_Estavel,714,52261153.74572956,0.1434177945140725,7495179.408973396
2025-12-31,Varejo_Nao_Estavel,735,52261153.74572956,0.1484810055030258,7759788.656914148
2025-12-31,Varejo_Nao_Estavel,756,52261153.74572956,0.1108459110549787,5792935.199729706
2025-12-31,Varejo_Nao_Estavel,777,52261153.74572956,0.1138784610592066,5951419.761742272
2025-12-31,Varejo_Nao_Estavel,798,52261153.74572956,0.1193617633150964,6237983.463971637
2025-12-31,Varejo_Nao_Estavel,819,52261153.74572956,0.1108831623194492,5794881.993789422
2025-12-31,Varejo_Nao_Estavel,840,52261153.74572956,0.1047254323881174,5473071.923123414
2025-12-31,Varejo_Nao_Estavel,861,52261153.74572956,0.1266871188928726,6620814.998063936
2025-12-31,Varejo_Nao_Estavel,882,52261153.74572956,0.0957579739377189,5004422.198338692
2025-12-31,Varejo_Nao_Estavel,903,52261153.74572956,0.0969987444406874,5069266.296357495
2025-12-31,Varejo_Nao_Estavel,924,52261153.74572956,0.0750602009121994,3922732.700057806
2025-12-31,Varejo_Nao_Estavel,945,52261153.74572956,0.0624104962009026,3261644.537302644
2025-12-31,Varejo_Nao_Estavel,966,52261153.74572956,0.0663820688685322,3469203.5070979693
2025-12-31,Varejo_Nao_Estavel,987,52261153.74572956,0.0747599654535768,3907042.0485948073
2025-12-31,Varejo_Nao_Estavel,1008,52261153.74572956,0.0673819342579501,3521457.6259393725
2025-12-31,Varejo_Nao_Estavel,1029,52261153.74572956,0.0638311609897924,3335890.118255956
2025-12-31,Varejo_Nao_Estavel,1050,52261153.74572956,0.0531090372422056,2775539.5606025867
2025-12-31,Varejo_Nao_Estavel,1071,52261153.74572956,0.0480703945276014,2512214.2790248552
2025-12-31,Varejo_Nao_Estavel,1092,52261153.74572956,0.0474479959424868,2479687.01087706
2025-12-31,Varejo_Nao_Estavel,1113,52261153.74572956,0.0555158015543788,2901319.8403508044
2025-12-31,Varejo_Nao_Estavel,1134,52261153.74572956,0.0542829029622042,2836887.1374722742
2025-12-31,Varejo_Nao_Estavel,1155,52261153.74572956,0.0296388456467588,1548960.2691912106
2025-12-31,Varejo_Nao_Estavel,1176,52261153.74572956,0.0485206435223921,2535744.8109654738
2025-12-31,Varejo_Nao_Estavel,1197,52261153.74572956,0.0293540675747602,1534077.4385870807
2025-12-31,Varejo_Nao_Estavel,1218,52261153.74572956,0.0407039988317605,2127237.941012633
2025-12-31,Varejo_Nao_Estavel,1239,52261153.74572956,0.0308046327891781,1609885.650275979
2025-12-31,Varejo_Nao_Estavel,1260,52261153.74572956,0.0500394625908678,2615120.047815025
2025-12-31,Atacado,0,33536738.79856599,1.0,33536738.79856599
2025-12-31,Atacado,21,33536738.79856599,0.8981778360310524,30121955.48163464
2025-12-31,Atacado,42,33536738.79856599,0.7832130197826251,26266410.468086
2025-12-31,Atacado,63,33536738.79856599,0.7062324965214243,23684734.76689817
2025-12-31,Atacado,84,33536738.79856599,0.6267615063319588,21019536.92685067
2025-12-31,Atacado,105,33536738.79856599,0.5550652623538148,18615078.71971739
2025-12-31,Atacado,126,33536738.79856599,0.4947233239822011,16591406.893949416
2025-12-31,Atacado,147,33536738.79856599,0.4587935342478111,15386438.920539783
2025-12-31,Atacado,168,33536738.79856599,0.3896676541749257,13068182.336314429
2025-12-31,Atacado,189,33536738.79856599,0.3603502851853331,12084973.39024928
2025-12-31,Atacado,210,33536738.79856599,0.318755402498092,10690016.674210282
2025-12-31,Atacado,231,33536738.79856599,0.263851750688041,8848727.244369188
2025-12-31,Atacado,252,33536738.79856599,0.2562300332611173,8593119.697825968
2025-12-31,Atacado,273,33536738.79856599,0.2057625210179924,6900603.921914859
2025-12-31,Atacado,294,33536738.79856599,0.2059622334340068,6907301.625045563
2025-12-31,Atacado,315,33536738.79856599,0.1706903955790666,5724399.211959061
2025-12-31,Atacado,336,33536738.79856599,0.1575905382759365,5285072.719285499
2025-12-31,Atacado,357,33536738.79856599,0.1247763966431555,4184593.4224477736
2025-12-31,Atacado,378,33536738.79856599,0.1264685878832578,4241343.998064306
2025-12-31,Atacado,399,33536738.79856599,0.1224857447831898,4107772.4293416543
2025-12-31,Atacado,420,33536738.79856599,0.089528980611741,3002510.037677837
2025-12-31,Atacado,441,33536738.79856599,0.0811023426145903,2719908.0802173237
2025-12-31,Atacado,462,33536738.79856599,0.0842005179012394,2823810.7755578468
2025-12-31,Atacado,483,33536738.79856599,0.075909297903099,2545750.296158767
2025-12-31,Atacado,504,33536738.79856599,0.0332898484190979,1116432.951075142
2025-12-31,Atacado,525,33536738.79856599,0.0798660462491644,2678446.73193242
2025-12-31,Atacado,546,33536738.79856599,0.0559489246765862,1876344.4729393148
2025-12-31,Atacado,567,33536738.79856599,0.0525571977735947,1762597.013717621
2025-12-31,Atacado,588,33536738.79856599,0.0376500474492705,1262659.8070598028
2025-12-31,Atacado,609,33536738.79856599,0.0128126969070409,429696.0694766266
2025-12-31,Atacado,630,33536738.79856599,0.0393466647350028,1319558.817812539
2025-12-31,Atacado,651,33536738.79856599,0.0210583286031149,706227.6658970375
2025-12-31,Atacado,672,33536738.79856599,0.0313303217672031,1050716.8175817195
2025-12-31,Atacado,693,33536738.79856599,0.0194714740689268,653009.7398726508
2025-12-31,Atacado,714,33536738.79856599,0.0225427389540039,756009.9481046881
2025-12-31,Atacado,735,33536738.79856599,0.008238512927923,276292.85615236324
2025-12-31,Atacado,756,33536738.79856599,0.0259976673121471,871876.9780194974
2025-12-31,Atacado,777,33536738.79856599,0.0,0.0
2025-12-31,Atacado,798,33536738.79856599,0.0393484038225718,1319617.1411380873
2025-12-31,Atacado,819,33536738.79856599,0.0379039270758839,1271174.101783813
2025-12-31,Atacado,840,33536738.79856599,0.0294355282279018,987171.6215769596
2025-12-31,Atacado,861,33536738.79856599,0.024074982581711,807396.402422871
2025-12-31,Atacado,882,33536738.79856599,0.0067979197011963,227980.0573926464
2025-12-31,Atacado,903,33536738.79856599,0.0209587067044378,702886.6723024875
2025-12-31,Atacado,924,33536738.79856599,0.0050466673799372,169248.76572419878
2025-12-31,Atacado,945,33536738.79856599,0.0,0.0
2025-12-31,Atacado,966,33536738.79856599,0.0229599835695201,770002.9717903625
2025-12-31,Atacado,987,33536738.79856599,0.0179305109312785,601330.861627121
2025-12-31,Atacado,1008,33536738.79856599,0.0035301807081347,118390.74832045272
2025-12-31,Atacado,1029,33536738.79856599,0.0,0.0
2025-12-31,Atacado,1050,33536738.79856599,0.0,0.0
2025-12-31,Atacado,1071,33536738.79856599,0.0,0.0
2025-12-31,Atacado,1092,33536738.79856599,0.0138017535319916,462865.8031645895
2025-12-31,Atacado,1113,33536738.79856599,0.0,0.0
2025-12-31,Atacado,1134,33536738.79856599,0.0053950954417601,180933.906623643
2025-12-31,Atacado,1155,33536738.79856599,0.0,0.0
2025-12-31,Atacado,1176,33536738.79856599,0.0,0.0
2025-12-31,Atacado,1197,33536738.79856599,0.0042413290513478,142240.34455382204
2025-12-31,Atacado,1218,33536738.79856599,0.0,0.0
2025-12-31,Atacado,1239,33536738.79856599,0.0111544236091565,374082.9910288404
2025-12-31,Atacado,1260,33536738.79856599,0.0,0.0
