data,produto,segmento,saldo_inicial,taxa_contratual,taxa_mercado,incentivo_refinanciamento,tam_realizada,principal_antecipado
2019-01-31,Credito_Pessoal,PF_A,129048898.760638,0.22,0.0924961687990007,0.1275038312009992,0.017880972151905,2307519.764972982
2019-02-28,Credito_Pessoal,PF_A,128307015.96121097,0.22,0.1001758067026001,0.1198241932973998,0.0129660848650955,1663639.6577402337
2019-03-31,Credito_Pessoal,PF_A,128122139.95396374,0.22,0.0954851185884015,0.1245148814115985,0.0173341317925727,2220886.0595084555
2019-04-30,Credito_Pessoal,PF_A,128717224.35737395,0.22,0.0868655878810023,0.1331344121189976,0.0151286605975345,1947319.200359424
2019-05-31,Credito_Pessoal,PF_A,128710741.2399565,0.22,0.0867052634621955,0.1332947365378045,0.0186855458420055,2405030.455797717
2019-06-30,Credito_Pessoal,PF_A,126638823.64607345,0.22,0.0872792912898914,0.1327207087101086,0.0185477079424537,2348859.9151632776
2019-07-31,Credito_Pessoal,PF_A,125462248.33036564,0.22,0.0909218954516554,0.1290781045483445,0.015574675006543,1954033.7433356384
2019-08-31,Credito_Pessoal,PF_A,125680892.79175752,0.22,0.1046136604909653,0.1153863395090346,0.0159025955416328,1998652.4053786348
2019-09-30,Credito_Pessoal,PF_A,126067887.45300436,0.22,0.1246573174034435,0.0953426825965564,0.0057773347264684,728336.3840747563
2019-10-31,Credito_Pessoal,PF_A,126790205.5959204,0.22,0.1253185137590496,0.0946814862409503,0.0122943511902713,1558803.3150829526
2019-11-30,Credito_Pessoal,PF_A,127094916.3605536,0.22,0.1216298544136267,0.0983701455863732,0.0140962355595743,1791559.8794427596
2019-12-31,Credito_Pessoal,PF_A,127855913.07007962,0.22,0.1096420237908731,0.1103579762091268,0.0161426079136218,2063927.8741284087
2020-01-31,Credito_Pessoal,PF_A,127641992.73616308,0.22,0.1128400097898549,0.107159990210145,0.0108137568848075,1380289.4777412326
2020-02-29,Credito_Pessoal,PF_A,127942866.38422348,0.22,0.0989146215945571,0.1210853784054428,0.0180380938822428,2307845.435401874
2020-03-31,Credito_Pessoal,PF_A,126871707.87203626,0.22,0.0961031752114358,0.1238968247885642,0.0190119963126177,2412084.4422386754
2020-04-30,Credito_Pessoal,PF_A,127095498.7378847,0.22,0.0988610561923262,0.1211389438076737,0.0173175548767689,2200983.2739836327
2020-05-31,Credito_Pessoal,PF_A,124749869.5574824,0.22,0.0743415384438752,0.1456584615561247,0.0145442867865879,1814397.8794334647
2020-06-30,Credito_Pessoal,PF_A,126255804.08903818,0.22,0.0610853261229509,0.158914673877049,0.016168535950052,2041371.5073163365
2020-07-31,Credito_Pessoal,PF_A,124825532.32553154,0.22,0.0789376216979505,0.1410623783020494,0.0185518611688986,2315745.946037132
2020-08-31,Credito_Pessoal,PF_A,124519135.293575,0.22,0.0889962114228459,0.1310037885771541,0.0168905277294546,2103193.907523848
2020-09-30,Credito_Pessoal,PF_A,124609812.45870472,0.22,0.0908618786753766,0.1291381213246234,0.0148946851200078,1856023.919435635
2020-10-31,Credito_Pessoal,PF_A,125007895.01266924,0.22,0.0791643026828557,0.1408356973171442,0.0164618118112622,2057856.442620593
2020-11-30,Credito_Pessoal,PF_A,126544239.88403793,0.22,0.0712538475945344,0.1487461524054656,0.0183522849842259,2322375.95346411
2020-12-31,Credito_Pessoal,PF_A,125115626.40808192,0.22,0.0646240519261123,0.1553759480738876,0.0184392106726305,2307033.393776757
2021-01-31,Credito_Pessoal,PF_A,125607629.55197744,0.22,0.0784904689484636,0.1415095310515363,0.0204973238794325,2574620.264654664
2021-02-28,Credito_Pessoal,PF_A,124734385.7991814,0.22,0.0774957360742573,0.1425042639257426,0.0211946677560837,2643703.864772822
2021-03-31,Credito_Pessoal,PF_A,124740101.6140944,0.22,0.080496116512525,0.1395038834874749,0.0248015266016728,3093744.9484773334
2021-04-30,Credito_Pessoal,PF_A,123121355.45024312,0.22,0.0944614789012068,0.1255385210987932,0.0159958606324954,1969432.0426660175
2021-05-31,Credito_Pessoal,PF_A,122937640.07365511,0.22,0.0915950051152424,0.1284049948847575,0.0154787443179885,1902920.2977570065
2021-06-30,Credito_Pessoal,PF_A,122411705.2510636,0.22,0.0878450086562747,0.1321549913437252,0.0090226107164391,1104473.163615838
2021-07-31,Credito_Pessoal,PF_A,123002942.45584156,0.22,0.078356620905947,0.1416433790940529,0.0164219978948929,2019954.0620754675
2021-08-31,Credito_Pessoal,PF_A,122637733.10191196,0.22,0.075494521880862,0.1445054781191379,0.0197767308384021,2425373.438188317
2021-09-30,Credito_Pessoal,PF_A,122221722.73262475,0.22,0.0927868550490765,0.1272131449509235,0.0168603613350157,2060702.4082601615
2021-10-31,Credito_Pessoal,PF_A,122344014.61327556,0.22,0.1001910447448414,0.1198089552551585,0.0155225047824737,1899085.5519416125
2021-11-30,Credito_Pessoal,PF_A,122640398.14908744,0.22,0.1129682160963888,0.1070317839036112,0.0168438686139755,2065738.7531888825
2021-12-31,Credito_Pessoal,PF_A,122613816.94099124,0.22,0.1242698551561028,0.0957301448438971,0.0149841104608557,1837258.9770709649
2022-01-31,Credito_Pessoal,PF_A,123032991.01747532,0.22,0.1417205588133503,0.0782794411866496,0.0129760528258806,1596482.590768863
2022-02-28,Credito_Pessoal,PF_A,123719996.04995374,0.22,0.1323462878011676,0.0876537121988323,0.020577239154993,2545815.9469746905
2022-03-31,Credito_Pessoal,PF_A,122984902.24351224,0.22,0.13633677105586,0.08366322894414,0.0160684559687815,1976177.4865247763
2022-04-30,Credito_Pessoal,PF_A,123889170.02259608,0.22,0.1438972694672427,0.0761027305327572,0.017148847841895,2124556.525976161
2022-05-31,Credito_Pessoal,PF_A,123772814.98902346,0.22,0.1541886637996614,0.0658113362003386,0.0069902084146269,865197.7728383316
2022-06-30,Credito_Pessoal,PF_A,125269309.18923908,0.22,0.1399994034372261,0.0800005965627738,0.0072513501472088,908371.6236301336
2022-07-31,Credito_Pessoal,PF_A,127389893.6272678,0.22,0.1379858995795868,0.0820141004204132,0.0123445307032079,1572568.4531602014
2022-08-31,Credito_Pessoal,PF_A,128517096.988018,0.22,0.1372851417505953,0.0827148582494046,0.0089755628419427,1153513.28028001
2022-09-30,Credito_Pessoal,PF_A,128276828.47642794,0.22,0.1502787596413933,0.0697212403586066,0.0108351603818693,1389900.009819638
2022-10-31,Credito_Pessoal,PF_A,128863406.058639,0.22,0.1544238274525529,0.0655761725474471,0.008973667479885,1156377.3562956292
2022-11-30,Credito_Pessoal,PF_A,129766291.59885632,0.22,0.1421471549925718,0.0778528450074281,0.0185897604305263,2412324.272780561
2022-12-31,Credito_Pessoal,PF_A,129938135.20923407,0.22,0.1185963158209373,0.1014036841790626,0.016707967565402,2171002.1485847104
2023-01-31,Credito_Pessoal,PF_A,130357888.88473672,0.22,0.1073196719730987,0.1126803280269012,0.0194594750412445,2536696.0851818663
2023-02-28,Credito_Pessoal,PF_A,129688142.62852436,0.22,0.0984459555304342,0.1215540444695657,0.0118883902065545,1541783.2447312032
2023-03-31,Credito_Pessoal,PF_A,130014349.09068894,0.22,0.0901472476762142,0.1298527523237858,0.0198205044144184,2576949.9800897352
2023-04-30,Credito_Pessoal,PF_A,128758538.83401863,0.22,0.0882742986574577,0.1317257013425422,0.017194678011898,2213961.6165334266
2023-05-31,Credito_Pessoal,PF_A,128060338.3973836,0.22,0.098958165324491,0.121041834675509,0.0200175832101383,2563458.479788104
2023-06-30,Credito_Pessoal,PF_A,128021499.82838008,0.22,0.1024463281567644,0.1175536718432355,0.016682071862204,2135663.860044177
2023-07-31,Credito_Pessoal,PF_A,128320956.88752058,0.22,0.11189893458035,0.1081010654196499,0.0133929407937986,1718594.978198156
2023-08-31,Credito_Pessoal,PF_A,128740651.30709168,0.22,0.1142681799733235,0.1057318200266764,0.0096488969427009,1242205.276798322
2023-09-30,Credito_Pessoal,PF_A,127967936.64516796,0.22,0.113617952776971,0.106382047223029,0.0127581256592443,1632631.0160732665
2023-10-31,Credito_Pessoal,PF_A,128562098.8084852,0.22,0.1111732931762543,0.1088267068237456,0.0158207130229193,2033944.0708732407
2023-11-30,Credito_Pessoal,PF_A,129628089.8088696,0.22,0.1161805828118876,0.1038194171881123,0.0171541612437841,2223661.1543050767
2023-12-31,Credito_Pessoal,PF_A,128705812.13925882,0.22,0.1161740455114399,0.10382595448856,0.0133488946819391,1718080.3312004153
2024-01-31,Credito_Pessoal,PF_A,129323965.81517535,0.22,0.105736881701307,0.1142631182986929,0.026185548792277,3386419.01686404
2024-02-29,Credito_Pessoal,PF_A,128973616.24091104,0.22,0.1041693781956079,0.115830621804392,0.0234803810208283,3028349.6509706867
2024-03-31,Credito_Pessoal,PF_A,127673815.02105586,0.22,0.1009343904716442,0.1190656095283557,0.0189359374938135,2417623.380835425
2024-04-30,Credito_Pessoal,PF_A,127808427.1585887,0.22,0.1138523668180268,0.1061476331819731,0.0173492556379013,2217381.075452451
2024-05-31,Credito_Pessoal,PF_A,127424140.63745004,0.22,0.1236816200920791,0.0963183799079208,0.0184921579219704,2356347.331739098
2024-06-30,Credito_Pessoal,PF_A,128182831.76809692,0.22,0.1199635396221052,0.1000364603778947,0.0171154443652744,2193906.1257102024
2024-07-31,Credito_Pessoal,PF_A,126281450.89538588,0.22,0.1225427514126278,0.0974572485873721,0.0181085465343984,2286773.529970454
2024-08-31,Credito_Pessoal,PF_A,125505362.06824268,0.22,0.1077782940309359,0.112221705969064,0.0171078291116693,2147124.286861682
2024-09-30,Credito_Pessoal,PF_A,125297544.49079151,0.22,0.1052851012372768,0.1147148987627231,0.0161986339362189,2029649.0563134411
2024-10-31,Credito_Pessoal,PF_A,125821133.84172736,0.22,0.1038524837720276,0.1161475162279723,0.0134046379702276,1686586.748151919
2024-11-30,Credito_Pessoal,PF_A,125772637.1361074,0.22,0.112814035283119,0.1071859647168809,0.0191412526658063,2407445.8258670056
2024-12-31,Credito_Pessoal,PF_A,124935331.96749932,0.22,0.1074165953060957,0.1125834046939043,0.0147329875084593,1840670.6852423868
2025-01-31,Credito_Pessoal,PF_A,125562650.02253668,0.22,0.0976138849209467,0.1223861150790532,0.023150903480847,2906888.791471123
2025-02-28,Credito_Pessoal,PF_A,124624264.58571544,0.22,0.0886099860517939,0.131390013948206,0.0167133376482874,2082887.413190569
2025-03-31,Credito_Pessoal,PF_A,125035555.99521405,0.22,0.08717719754699,0.1328228024530099,0.0178196484436313,2228089.6507887007
2025-04-30,Credito_Pessoal,PF_A,125023625.83821906,0.22,0.080778045531546,0.1392219544684539,0.0198667085138207,2483807.9318688824
2025-05-31,Credito_Pessoal,PF_A,123727930.4063133,0.22,0.076485492893108,0.1435145071068919,0.0205060953837142,2537176.7425414245
2025-06-30,Credito_Pessoal,PF_A,123062445.3742728,0.22,0.0719191271210142,0.1480808728789857,0.019274331746773,2371946.3977128672
2025-07-31,Credito_Pessoal,PF_A,123102591.27131052,0.22,0.0758413359647896,0.1441586640352103,0.0185343463959655,2281626.068863432
2025-08-31,Credito_Pessoal,PF_A,123507098.81261736,0.22,0.0673585018049363,0.1526414981950636,0.0201293719982436,2486120.3364230106
2025-09-30,Credito_Pessoal,PF_A,122532688.43157694,0.22,0.0628865763222121,0.1571134236777879,0.0172619557110865,2115153.84086625
2025-10-31,Credito_Pessoal,PF_A,121264287.18137749,0.22,0.0803194130392986,0.1396805869607013,0.0193756173547402,2349570.4272217043
2025-11-30,Credito_Pessoal,PF_A,120666505.47107984,0.22,0.0787228175078631,0.1412771824921369,0.0135461421293694,1634565.6333655808
2025-12-31,Credito_Pessoal,PF_A,120656939.42677566,0.22,0.072903489046001,0.1470965109539989,0.0185732055841025,2240986.141122114
2026-01-31,Credito_Pessoal,PF_A,121518927.600173,0.22,0.0817163172857813,0.1382836827142186,0.0170400744331198,2070691.5713398496
2026-02-28,Credito_Pessoal,PF_A,120439290.46901932,0.22,0.104488355757868,0.1155116442421319,0.023437673569861,2822816.7749985512
2026-03-31,Credito_Pessoal,PF_A,120566207.90424556,0.22,0.0963472776309135,0.1236527223690864,0.019556705995331,2357877.8809552933
2026-04-30,Credito_Pessoal,PF_A,119765869.94732402,0.22,0.0982540947284184,0.1217459052715815,0.022577393615247,2704001.1874732226
2026-05-31,Credito_Pessoal,PF_A,117432898.90198907,0.22,0.1017350586372507,0.1182649413627492,0.015442912270501,1813505.955414038
2026-06-30,Credito_Pessoal,PF_A,117422879.56597954,0.22,0.1116009192758054,0.1083990807241945,0.0223786712587744,2627768.0200657244
2026-07-31,Credito_Pessoal,PF_A,116490100.4841971,0.22,0.1059432458365016,0.1140567541634983,0.0180957472291477,2107975.413060057
2019-01-31,Credito_Pessoal,PF_B,140226093.4394702,0.22,0.0924961687990007,0.1275038312009992,0.0164581086891891,2307856.2868871973
2019-02-28,Credito_Pessoal,PF_B,139906451.4459696,0.22,0.1001758067026001,0.1198241932973998,0.0227266404587699,3179603.61987491
2019-03-31,Credito_Pessoal,PF_B,137661308.3334607,0.22,0.0954851185884015,0.1245148814115985,0.0212898455610804,2930787.994155657
2019-04-30,Credito_Pessoal,PF_B,136017699.46665215,0.22,0.0868655878810023,0.1331344121189976,0.0192262964524666,2615116.6127283666
2019-05-31,Credito_Pessoal,PF_B,135232749.52074358,0.22,0.0867052634621955,0.1332947365378045,0.0158526551905151,2143798.1486176574
2019-06-30,Credito_Pessoal,PF_B,134400780.02276513,0.22,0.0872792912898914,0.1327207087101086,0.0179042784332409,2406348.987172349
2019-07-31,Credito_Pessoal,PF_B,134691308.56530666,0.22,0.0909218954516554,0.1290781045483445,0.0156703457649294,2110659.376749154
2019-08-31,Credito_Pessoal,PF_B,134629728.39967075,0.22,0.1046136604909653,0.1153863395090346,0.0158690647287008,2136447.874381786
2019-09-30,Credito_Pessoal,PF_B,133813147.38417988,0.22,0.1246573174034435,0.0953426825965564,0.0148197922268256,1983083.04145115
2019-10-31,Credito_Pessoal,PF_B,134403604.51067054,0.22,0.1253185137590496,0.0946814862409503,0.0197079041137641,2648813.3502405765
2019-11-30,Credito_Pessoal,PF_B,133491518.22703826,0.22,0.1216298544136267,0.0983701455863732,0.013007004231012,1736324.742383312
2019-12-31,Credito_Pessoal,PF_B,134293469.59475657,0.22,0.1096420237908731,0.1103579762091268,0.0179192389948279,2406436.7771131047
2020-01-31,Credito_Pessoal,PF_B,133512471.81027976,0.22,0.1128400097898549,0.107159990210145,0.0156716927202835,2092366.4325362283
2020-02-29,Credito_Pessoal,PF_B,133798896.96449617,0.22,0.0989146215945571,0.1210853784054428,0.0161782129100587,2164627.042222638
2020-03-31,Credito_Pessoal,PF_B,133346896.13066302,0.22,0.0961031752114358,0.1238968247885642,0.0189077914057349,2521295.29664078
2020-04-30,Credito_Pessoal,PF_B,133522757.91339782,0.22,0.0988610561923262,0.1211389438076737,0.0167388908955804,2235022.876789368
2020-05-31,Credito_Pessoal,PF_B,131998065.91318698,0.22,0.0743415384438752,0.1456584615561247,0.0141980140245719,1874110.3910518023
2020-06-30,Credito_Pessoal,PF_B,131242366.3754409,0.22,0.0610853261229509,0.158914673877049,0.0155019611371231,2034514.0630961568
2020-07-31,Credito_Pessoal,PF_B,131099624.7813108,0.22,0.0789376216979505,0.1410623783020494,0.0137415423141289,1801511.041298812
2020-08-31,Credito_Pessoal,PF_B,130806185.26813716,0.22,0.0889962114228459,0.1310037885771541,0.0134429617946052,1758422.5510576237
2020-09-30,Credito_Pessoal,PF_B,130739407.21448594,0.22,0.0908618786753766,0.1291381213246234,0.0183045481082852,2393125.769006249
2020-10-31,Credito_Pessoal,PF_B,130809644.75808103,0.22,0.0791643026828557,0.1408356973171442,0.0160084145696497,2094055.0229959767
2020-11-30,Credito_Pessoal,PF_B,130392871.33867848,0.22,0.0712538475945344,0.1487461524054656,0.0160916875027703,2098241.338170959
2020-12-31,Credito_Pessoal,PF_B,130524052.52947389,0.22,0.0646240519261123,0.1553759480738876,0.0200329795678139,2614785.67743123
2021-01-31,Credito_Pessoal,PF_B,129273934.59777224,0.22,0.0784904689484636,0.1415095310515363,0.0188317737521277,2434457.488392608
2021-02-28,Credito_Pessoal,PF_B,127417343.41131552,0.22,0.0774957360742573,0.1425042639257426,0.0200615911035399,2556194.64301714
2021-03-31,Credito_Pessoal,PF_B,127394653.23766944,0.22,0.080496116512525,0.1395038834874749,0.0189200614420463,2410314.66664489
2021-04-30,Credito_Pessoal,PF_B,128255907.46832263,0.22,0.0944614789012068,0.1255385210987932,0.0163112659549063,2092016.2170036696
2021-05-31,Credito_Pessoal,PF_B,128316099.54203124,0.22,0.0915950051152424,0.1284049948847575,0.0178647378264205,2292333.477227272
2021-06-30,Credito_Pessoal,PF_B,127953557.69759358,0.22,0.0878450086562747,0.1321549913437252,0.0168934940606116,2161582.666998427
2021-07-31,Credito_Pessoal,PF_B,127866948.55160178,0.22,0.078356620905947,0.1416433790940529,0.0188684996043024,2412657.4681492574
2021-08-31,Credito_Pessoal,PF_B,128418706.44884484,0.22,0.075494521880862,0.1445054781191379,0.016182652268319,2078155.2712089915
2021-09-30,Credito_Pessoal,PF_B,128911272.428156,0.22,0.0927868550490765,0.1272131449509235,0.0131283713313884,1692395.0532386105
2021-10-31,Credito_Pessoal,PF_B,129755046.19182576,0.22,0.1001910447448414,0.1198089552551585,0.0128015076981731,1661060.2227014715
2021-11-30,Credito_Pessoal,PF_B,130857447.92438596,0.22,0.1129682160963888,0.1070317839036112,0.0201985092276997,2643125.3694139523
2021-12-31,Credito_Pessoal,PF_B,130128863.83339204,0.22,0.1242698551561028,0.0957301448438971,0.0095124499636153,1237844.3060372516
2022-01-31,Credito_Pessoal,PF_B,130507368.4740834,0.22,0.1417205588133503,0.0782794411866496,0.0180264543069222,2352585.114514728
2022-02-28,Credito_Pessoal,PF_B,130541937.11048636,0.22,0.1323462878011676,0.0876537121988323,0.0168635575361863,2201401.4673479125
2022-03-31,Credito_Pessoal,PF_B,131046603.49230684,0.22,0.13633677105586,0.08366322894414,0.0174809273347694,2290816.153117361
2022-04-30,Credito_Pessoal,PF_B,131608194.97040528,0.22,0.1438972694672427,0.0761027305327572,0.0178467738311517,2348781.68996295
2022-05-31,Credito_Pessoal,PF_B,132324603.59735818,0.22,0.1541886637996614,0.0658113362003386,0.0150956703817859,1997528.5993062065
2022-06-30,Credito_Pessoal,PF_B,132960756.57909772,0.22,0.1399994034372261,0.0800005965627738,0.0132822181110519,1766013.769094064
2022-07-31,Credito_Pessoal,PF_B,132773720.24191236,0.22,0.1379858995795868,0.0820141004204132,0.0174377651262722,2315276.948519844
2022-08-31,Credito_Pessoal,PF_B,132609786.5668184,0.22,0.1372851417505953,0.0827148582494046,0.0144930421020513,1921919.2198569428
2022-09-30,Credito_Pessoal,PF_B,132774485.35704942,0.22,0.1502787596413933,0.0697212403586066,0.0099669852942164,1323361.343000874
2022-10-31,Credito_Pessoal,PF_B,133458812.03885622,0.22,0.1544238274525529,0.0655761725474471,0.0150425045896972,2007554.7926300352
2022-11-30,Credito_Pessoal,PF_B,133839925.29822178,0.22,0.1421471549925718,0.0778528450074281,0.0086424878011195,1156709.9216926317
2022-12-31,Credito_Pessoal,PF_B,134532544.25692585,0.22,0.1185963158209373,0.1014036841790626,0.0197899555325055,2662393.068519396
2023-01-31,Credito_Pessoal,PF_B,133720493.38511148,0.22,0.1073196719730987,0.1126803280269012,0.0125096229522786,1672792.9532404128
2023-02-28,Credito_Pessoal,PF_B,135372834.65166685,0.22,0.0984459555304342,0.1215540444695657,0.0199812747502748,2704921.802898477
2023-03-31,Credito_Pessoal,PF_B,134618903.84759942,0.22,0.0901472476762142,0.1298527523237858,0.0181126207992219,2438301.1577984923
2023-04-30,Credito_Pessoal,PF_B,134938249.04065514,0.22,0.0882742986574577,0.1317257013425422,0.0175306343875559,2365553.1088286955
2023-05-31,Credito_Pessoal,PF_B,135376475.42898762,0.22,0.098958165324491,0.121041834675509,0.0188679982948411,2554283.107555748
2023-06-30,Credito_Pessoal,PF_B,134993469.66927302,0.22,0.1024463281567644,0.1175536718432355,0.0166670073239331,2249937.1476609167
2023-07-31,Credito_Pessoal,PF_B,134621054.89591217,0.22,0.11189893458035,0.1081010654196499,0.0173501642257021,2335697.410681342
2023-08-31,Credito_Pessoal,PF_B,133679617.50275956,0.22,0.1142681799733235,0.1057318200266764,0.0098070455769561,1311002.101559633
2023-09-30,Credito_Pessoal,PF_B,134798723.48722464,0.22,0.113617952776971,0.106382047223029,0.0152110186535496,2050425.8974388505
2023-10-31,Credito_Pessoal,PF_B,135084466.396544,0.22,0.1111732931762543,0.1088267068237456,0.0150668725259009,2035300.4354260804
2023-11-30,Credito_Pessoal,PF_B,134824787.69628164,0.22,0.1161805828118876,0.1038194171881123,0.0164478717922505,2217580.82244584
2023-12-31,Credito_Pessoal,PF_B,134575316.18510762,0.22,0.1161740455114399,0.10382595448856,0.0142617733672756,1919282.6602614685
2024-01-31,Credito_Pessoal,PF_B,134437709.60626736,0.22,0.105736881701307,0.1142631182986929,0.0261573863448611,3516539.109489388
2024-02-29,Credito_Pessoal,PF_B,131706687.23934618,0.22,0.1041693781956079,0.115830621804392,0.0231813583765718,3053139.9174863524
2024-03-31,Credito_Pessoal,PF_B,129478170.02252322,0.22,0.1009343904716442,0.1190656095283557,0.0221233532258939,2864491.29045063
2024-04-30,Credito_Pessoal,PF_B,128310139.49246466,0.22,0.1138523668180268,0.1061476331819731,0.0161383380567875,2070712.4072429645
2024-05-31,Credito_Pessoal,PF_B,128511753.39852533,0.22,0.1236816200920791,0.0963183799079208,0.0190790076389947,2451876.724791075
2024-06-30,Credito_Pessoal,PF_B,126590432.23394138,0.22,0.1199635396221052,0.1000364603778947,0.0213511078496093,2702845.971355541
2024-07-31,Credito_Pessoal,PF_B,126892090.58717808,0.22,0.1225427514126278,0.0974572485873721,0.0218227457709837,2769133.8332326286
2024-08-31,Credito_Pessoal,PF_B,126374226.26240148,0.22,0.1077782940309359,0.112221705969064,0.0183663968970177,2321039.19708879
2024-09-30,Credito_Pessoal,PF_B,126982896.69993976,0.22,0.1052851012372768,0.1147148987627231,0.0223388528891136,2836652.248813467
2024-10-31,Credito_Pessoal,PF_B,126939742.54313923,0.22,0.1038524837720276,0.1161475162279723,0.0161329561605349,2047913.30147806
2024-11-30,Credito_Pessoal,PF_B,127032770.63891162,0.22,0.112814035283119,0.1071859647168809,0.0197799482437414,2512701.6284967475
2024-12-31,Credito_Pessoal,PF_B,125253337.1321728,0.22,0.1074165953060957,0.1125834046939043,0.0211784059306861,2652666.0179582457
2025-01-31,Credito_Pessoal,PF_B,126191765.39240016,0.22,0.0976138849209467,0.1223861150790532,0.0231930073192451,2926766.5383744068
2025-02-28,Credito_Pessoal,PF_B,126296388.01103497,0.22,0.0886099860517939,0.131390013948206,0.023322738469783,2945577.627259606
2025-03-31,Credito_Pessoal,PF_B,125299557.55698667,0.22,0.08717719754699,0.1328228024530099,0.024172546622383,3028809.3968102275
2025-04-30,Credito_Pessoal,PF_B,123699669.50658734,0.22,0.080778045531546,0.1392219544684539,0.0209259301075901,2588530.6384268464
2025-05-31,Credito_Pessoal,PF_B,123997552.05817904,0.22,0.076485492893108,0.1435145071068919,0.0262917262835798,3260109.6985475826
2025-06-30,Credito_Pessoal,PF_B,122043667.93872032,0.22,0.0719191271210142,0.1480808728789857,0.0245548493841238,2996763.8845212967
2025-07-31,Credito_Pessoal,PF_B,120986032.07127482,0.22,0.0758413359647896,0.1441586640352103,0.0217490412783386,2631330.205620565
2025-08-31,Credito_Pessoal,PF_B,120676854.9132588,0.22,0.0673585018049363,0.1526414981950636,0.0231623152544457,2795155.3574159094
2025-09-30,Credito_Pessoal,PF_B,119939602.29714713,0.22,0.0628865763222121,0.1571134236777879,0.0242022104089221,2902803.4911579923
2025-10-31,Credito_Pessoal,PF_B,119253387.79382108,0.22,0.0803194130392986,0.1396805869607013,0.021459245091247,2559087.676629134
2025-11-30,Credito_Pessoal,PF_B,118111016.30311586,0.22,0.0787228175078631,0.1412771824921369,0.0261232784762903,3085446.9700039597
2025-12-31,Credito_Pessoal,PF_B,117354446.77935538,0.22,0.072903489046001,0.1470965109539989,0.0238582842206026,2799875.745813452
2026-01-31,Credito_Pessoal,PF_B,115428840.96569385,0.22,0.0817163172857813,0.1382836827142186,0.0204902659051553,2365167.6445109574
2026-02-28,Credito_Pessoal,PF_B,115930191.902726,0.22,0.104488355757868,0.1155116442421319,0.0226299772578283,2623497.6062543606
2026-03-31,Credito_Pessoal,PF_B,113967048.4820914,0.22,0.0963472776309135,0.1236527223690864,0.0252648881646047,2879364.7343501253
2026-04-30,Credito_Pessoal,PF_B,112707035.78469436,0.22,0.0982540947284184,0.1217459052715815,0.0258150975885555,2909543.127698708
2026-05-31,Credito_Pessoal,PF_B,111736007.68197308,0.22,0.1017350586372507,0.1182649413627492,0.0218576631968162,2442288.0228694435
2026-06-30,Credito_Pessoal,PF_B,112118987.8641178,0.22,0.1116009192758054,0.1083990807241945,0.017510212416315,1963227.293402948
2026-07-31,Credito_Pessoal,PF_B,111460767.80523108,0.22,0.1059432458365016,0.1140567541634983,0.0186021591988146,2073410.9471350212
2019-01-31,Credito_Pessoal,PJ,107223578.37491047,0.22,0.0924961687990007,0.1275038312009992,0.0116468100390038,1248812.6490348266
2019-02-28,Credito_Pessoal,PJ,108551370.37480631,0.22,0.1001758067026001,0.1198241932973998,0.014580723290662,1582757.494257218
2019-03-31,Credito_Pessoal,PJ,108694054.6715049,0.22,0.0954851185884015,0.1245148814115985,0.0119955335465121,1303843.179118464
2019-04-30,Credito_Pessoal,PJ,108914925.97234005,0.22,0.0868655878810023,0.1331344121189976,0.0168678639597975,1837162.1544928504
2019-05-31,Credito_Pessoal,PJ,109729028.3181832,0.22,0.0867052634621955,0.1332947365378045,0.0142362754433483,1562132.671268626
2019-06-30,Credito_Pessoal,PJ,111327058.93107732,0.22,0.0872792912898914,0.1327207087101086,0.0134185191288236,1493844.2698223423
2019-07-31,Credito_Pessoal,PJ,111355050.40014537,0.22,0.0909218954516554,0.1290781045483445,0.0177547468193118,1977080.7269062912
2019-08-31,Credito_Pessoal,PJ,111525991.77989385,0.22,0.1046136604909653,0.1153863395090346,0.0109777344071109,1224302.7172493108
2019-09-30,Credito_Pessoal,PJ,112193095.87081812,0.22,0.1246573174034435,0.0953426825965564,0.0142699115663152,1600985.5564276977
2019-10-31,Credito_Pessoal,PJ,113618452.28812838,0.22,0.1253185137590496,0.0946814862409503,0.0090735220853791,1030919.5361429326
2019-11-30,Credito_Pessoal,PJ,114557829.08493008,0.22,0.1216298544136267,0.0983701455863732,0.0122942674710179,1408404.5916692943
2019-12-31,Credito_Pessoal,PJ,114459056.41589916,0.22,0.1096420237908731,0.1103579762091268,0.0136489326075892,1562243.9473488685
2020-01-31,Credito_Pessoal,PJ,114900538.4708665,0.22,0.1128400097898549,0.107159990210145,0.0174467897766172,2004645.5399213256
2020-02-29,Credito_Pessoal,PJ,115741090.45076302,0.22,0.0989146215945571,0.1210853784054428,0.0153408166826645,1775562.8512568567
2020-03-31,Credito_Pessoal,PJ,115815760.3988036,0.22,0.0961031752114358,0.1238968247885642,0.0182612069091196,2114935.563979573
2020-04-30,Credito_Pessoal,PJ,115291192.92057513,0.22,0.0988610561923262,0.1211389438076737,0.0176386544820394,2033581.5167481804
2020-05-31,Credito_Pessoal,PJ,115196076.86266848,0.22,0.0743415384438752,0.1456584615561247,0.0144826779156876,1668347.6783528202
2020-06-30,Credito_Pessoal,PJ,114857943.48529992,0.22,0.0610853261229509,0.158914673877049,0.0203191938393673,2333820.8176689115
2020-07-31,Credito_Pessoal,PJ,114414627.63223068,0.22,0.0789376216979505,0.1410623783020494,0.0187312945995354,2143134.0966754584
2020-08-31,Credito_Pessoal,PJ,113911948.1530548,0.22,0.0889962114228459,0.1310037885771541,0.0140228561765557,1597370.865741565
2020-09-30,Credito_Pessoal,PJ,115989450.993426,0.22,0.0908618786753766,0.1291381213246234,0.0102714870844858,1191384.1478155823
2020-10-31,Credito_Pessoal,PJ,115469596.69568056,0.22,0.0791643026828557,0.1408356973171442,0.0171012330263445,1974672.480550856
2020-11-30,Credito_Pessoal,PJ,114916157.84135456,0.22,0.0712538475945344,0.1487461524054656,0.015039669900729,1728301.0801940456
2020-12-31,Credito_Pessoal,PJ,114777714.01384442,0.22,0.0646240519261123,0.1553759480738876,0.0171596305034882,1969543.162512612
2021-01-31,Credito_Pessoal,PJ,114142795.50630178,0.22,0.0784904689484636,0.1415095310515363,0.0162073883100505,1849956.60956533
2021-02-28,Credito_Pessoal,PJ,114607709.62532602,0.22,0.0774957360742573,0.1425042639257426,0.0149282010940944,1710886.9362204513
2021-03-31,Credito_Pessoal,PJ,114406763.86835344,0.22,0.080496116512525,0.1395038834874749,0.0166684425919188,1906982.575666863
2021-04-30,Credito_Pessoal,PJ,113499610.48872818,0.22,0.0944614789012068,0.1255385210987932,0.0153746262831662,1745014.0945491344
2021-05-31,Credito_Pessoal,PJ,113837753.97211108,0.22,0.0915950051152424,0.1284049948847575,0.014872094005781,1693005.7784802106
2021-06-30,Credito_Pessoal,PJ,113954784.64857866,0.22,0.0878450086562747,0.1321549913437252,0.0150462119700237,1714587.8448209192
2021-07-31,Credito_Pessoal,PJ,113781176.38005511,0.22,0.078356620905947,0.1416433790940529,0.016392925826977,1865206.3849044356
2021-08-31,Credito_Pessoal,PJ,114921154.68251194,0.22,0.075494521880862,0.1445054781191379,0.0129439935657574,1487538.6867798504
2021-09-30,Credito_Pessoal,PJ,115773254.75776649,0.22,0.0927868550490765,0.1272131449509235,0.0122004124751354,1412481.4616336902
2021-10-31,Credito_Pessoal,PJ,116616614.43765974,0.22,0.1001910447448414,0.1198089552551585,0.0165376020024154,1928559.156439151
2021-11-30,Credito_Pessoal,PJ,117044116.96133326,0.22,0.1129682160963888,0.1070317839036112,0.0081550373538591,954499.1458691304
2021-12-31,Credito_Pessoal,PJ,118407414.757477,0.22,0.1242698551561028,0.0957301448438971,0.015992634715573,1893646.53183168
2022-01-31,Credito_Pessoal,PJ,118358650.90664664,0.22,0.1417205588133503,0.0782794411866496,0.0153525201531602,1817103.573345148
2022-02-28,Credito_Pessoal,PJ,118058466.45449512,0.22,0.1323462878011676,0.0876537121988323,0.0104440923073598,1233013.521316088
2022-03-31,Credito_Pessoal,PJ,118924271.2463619,0.22,0.13633677105586,0.08366322894414,0.0097952686014492,1164895.1800897263
2022-04-30,Credito_Pessoal,PJ,119591536.35724664,0.22,0.1438972694672427,0.0761027305327572,0.0166819869628147,1995024.4503745728
2022-05-31,Credito_Pessoal,PJ,118259677.87284967,0.22,0.1541886637996614,0.0658113362003386,0.0089166048489022,1054474.817150668
2022-06-30,Credito_Pessoal,PJ,118482780.48408592,0.22,0.1399994034372261,0.0800005965627738,0.0118084028111556,1399092.3981418237
2022-07-31,Credito_Pessoal,PJ,118827686.33599174,0.22,0.1379858995795868,0.0820141004204132,0.0145853536461316,1733143.8281620485
2022-08-31,Credito_Pessoal,PJ,119762586.33819388,0.22,0.1372851417505953,0.0827148582494046,0.0116356897192335,1393520.2946041448
2022-09-30,Credito_Pessoal,PJ,120471007.26363046,0.22,0.1502787596413933,0.0697212403586066,0.0103330155306451,1244828.7890475562
2022-10-31,Credito_Pessoal,PJ,120622790.82586356,0.22,0.1544238274525529,0.0655761725474471,0.0115122120958361,1388635.1515790198
2022-11-30,Credito_Pessoal,PJ,120455724.6962331,0.22,0.1421471549925718,0.0778528450074281,0.0129262798518679,1557044.407183068
2022-12-31,Credito_Pessoal,PJ,121728980.0405332,0.22,0.1185963158209373,0.1014036841790626,0.0137780492226306,1677187.87881909
2023-01-31,Credito_Pessoal,PJ,121928443.02044074,0.22,0.1073196719730987,0.1126803280269012,0.0159282611190549,1942108.0782693904
2023-02-28,Credito_Pessoal,PJ,119983272.08310089,0.22,0.0984459555304342,0.1215540444695657,0.0169476056886231,2033429.1844951787
2023-03-31,Credito_Pessoal,PJ,119870495.10011785,0.22,0.0901472476762142,0.1298527523237858,0.0168312615234513,2017571.651975675
2023-04-30,Credito_Pessoal,PJ,120347496.20717064,0.22,0.0882742986574577,0.1317257013425422,0.0166153372508762,1999614.236780692
2023-05-31,Credito_Pessoal,PJ,119549737.17073414,0.22,0.098958165324491,0.121041834675509,0.0150756700701337,1802292.3945571943
2023-06-30,Credito_Pessoal,PJ,119794733.61503352,0.22,0.1024463281567644,0.1175536718432355,0.0145072217562133,1737888.7657797944
2023-07-31,Credito_Pessoal,PJ,120170188.40635328,0.22,0.11189893458035,0.1081010654196499,0.015251153204142,1832733.953955908
2023-08-31,Credito_Pessoal,PJ,119577230.26527348,0.22,0.1142681799733235,0.1057318200266764,0.0122177762011105,1460967.8381297686
2023-09-30,Credito_Pessoal,PJ,121019213.21617648,0.22,0.113617952776971,0.106382047223029,0.0072130607577054,872918.9377779876
2023-10-31,Credito_Pessoal,PJ,122272046.95494452,0.22,0.1111732931762543,0.1088267068237456,0.0105007720135899,1283950.8887088343
2023-11-30,Credito_Pessoal,PJ,122728598.79710452,0.22,0.1161805828118876,0.1038194171881123,0.0101338129399173,1243708.662588023
2023-12-31,Credito_Pessoal,PJ,123366204.63352618,0.22,0.1161740455114399,0.10382595448856,0.0179993629720475,2220513.095682729
2024-01-31,Credito_Pessoal,PJ,122260590.2850194,0.22,0.105736881701307,0.1142631182986929,0.0160984287583911,1968203.402662237
2024-02-29,Credito_Pessoal,PJ,121381032.68324272,0.22,0.1041693781956079,0.115830621804392,0.0241671004990693,2933427.615536744
2024-03-31,Credito_Pessoal,PJ,120123967.27384104,0.22,0.1009343904716442,0.1190656095283557,0.0202465055874988,2432090.574602349
2024-04-30,Credito_Pessoal,PJ,119409928.64046434,0.22,0.1138523668180268,0.1061476331819731,0.0169065182691462,2018806.1400774545
2024-05-31,Credito_Pessoal,PJ,119226517.04775678,0.22,0.1236816200920791,0.0963183799079208,0.0240913784754833,2872331.1465111724
2024-06-30,Credito_Pessoal,PJ,119328635.54592758,0.22,0.1199635396221052,0.1000364603778947,0.0150365097448596,1794286.1912271478
2024-07-31,Credito_Pessoal,PJ,119987651.2268436,0.22,0.1225427514126278,0.0974572485873721,0.013935294650243,1672063.2742366632
2024-08-31,Credito_Pessoal,PJ,119072130.6054146,0.22,0.1077782940309359,0.112221705969064,0.0187166955114032,2228636.8124355795
2024-09-30,Credito_Pessoal,PJ,119655558.7856295,0.22,0.1052851012372768,0.1147148987627231,0.0186646912200498,2233334.057496292
2024-10-31,Credito_Pessoal,PJ,119093319.0536795,0.22,0.1038524837720276,0.1161475162279723,0.0159865274977711,1903888.6198524812
2024-11-30,Credito_Pessoal,PJ,119714266.3213877,0.22,0.112814035283119,0.1071859647168809,0.0175765646430497,2104165.540693149
2024-12-31,Credito_Pessoal,PJ,119334554.5507866,0.22,0.1074165953060957,0.1125834046939043,0.0138739913980055,1655646.583322433
2025-01-31,Credito_Pessoal,PJ,119758620.6033636,0.22,0.0976138849209467,0.1223861150790532,0.0222073576695001,2659522.521744864
2025-02-28,Credito_Pessoal,PJ,118260786.27929482,0.22,0.0886099860517939,0.131390013948206,0.0223790167653178,2646560.1188240093
2025-03-31,Credito_Pessoal,PJ,117846305.3470644,0.22,0.08717719754699,0.1328228024530099,0.0230114054719281,2711809.1157099474
2025-04-30,Credito_Pessoal,PJ,117744879.08115776,0.22,0.080778045531546,0.1392219544684539,0.0195158716375293,2297893.9461242952
2025-05-31,Credito_Pessoal,PJ,116315113.554918,0.22,0.076485492893108,0.1435145071068919,0.0194437382788729,2261600.625839217
2025-06-30,Credito_Pessoal,PJ,116675902.05134767,0.22,0.0719191271210142,0.1480808728789857,0.0186965092805908,2181432.0855243346
2025-07-31,Credito_Pessoal,PJ,116008639.639123,0.22,0.0758413359647896,0.1441586640352103,0.0142628106539676,1654609.2613971822
2025-08-31,Credito_Pessoal,PJ,117580883.66591148,0.22,0.0673585018049363,0.1526414981950636,0.0206573898543648,2428914.153307458
2025-09-30,Credito_Pessoal,PJ,117690896.69949634,0.22,0.0628865763222121,0.1571134236777879,0.0210127855542826,2473013.574037746
2025-10-31,Credito_Pessoal,PJ,117621578.97853898,0.22,0.0803194130392986,0.1396805869607013,0.017204628938791,2023635.6215204685
2025-11-30,Credito_Pessoal,PJ,117483308.48413296,0.22,0.0787228175078631,0.1412771824921369,0.0175743867047145,2064697.0946494264
2025-12-31,Credito_Pessoal,PJ,119262929.91757403,0.22,0.072903489046001,0.1470965109539989,0.0213822374021552,2550108.2807741677
2026-01-31,Credito_Pessoal,PJ,118388161.32785387,0.22,0.0817163172857813,0.1382836827142186,0.0216274295649354,2560431.620440379
2026-02-28,Credito_Pessoal,PJ,117120121.46491408,0.22,0.104488355757868,0.1155116442421319,0.0235906829252365,2762943.649643976
2026-03-31,Credito_Pessoal,PJ,115894429.44820511,0.22,0.0963472776309135,0.1236527223690864,0.021838543590368,2530965.549385458
2026-04-30,Credito_Pessoal,PJ,116109648.23963983,0.22,0.0982540947284184,0.1217459052715815,0.0211653931510429,2457506.353621276
2026-05-31,Credito_Pessoal,PJ,115718270.88029233,0.22,0.1017350586372507,0.1182649413627492,0.0192895683605716,2232155.4967125477
2026-06-30,Credito_Pessoal,PJ,115446606.6157588,0.22,0.1116009192758054,0.1083990807241945,0.0162288652877995,1873567.426700742
2026-07-31,Credito_Pessoal,PJ,115258400.78821927,0.22,0.1059432458365016,0.1140567541634983,0.0207090478506039,2386891.737107316
2019-01-31,Veiculos,PF_A,112456355.8139254,0.16,0.0924961687990007,0.0675038312009992,0.0117594858799061,1322428.9282995611
2019-02-28,Veiculos,PF_A,113904186.36211388,0.16,0.1001758067026001,0.0598241932973998,0.015010518988324,1709760.952238113
2019-03-31,Veiculos,PF_A,114586655.83463834,0.16,0.0954851185884015,0.0645148814115985,0.0132270898874214,1515647.9966237848
2019-04-30,Veiculos,PF_A,115472361.56713562,0.16,0.0868655878810023,0.0731344121189976,0.0125112127223321,1444699.2791164815
2019-05-31,Veiculos,PF_A,115845932.46607707,0.16,0.0867052634621955,0.0732947365378045,0.0158221954107476,1832936.9810185449
2019-06-30,Veiculos,PF_A,116624989.8603019,0.16,0.0872792912898914,0.0727207087101086,0.0099084679077295,1155574.9692700808
2019-07-31,Veiculos,PF_A,116870546.3739958,0.16,0.0909218954516554,0.0690781045483445,0.0114164416549341,1334245.7738590047
2019-08-31,Veiculos,PF_A,118744593.26240546,0.16,0.1046136604909653,0.0553863395090346,0.0048022166518007,570237.2630760266
2019-09-30,Veiculos,PF_A,120369189.0570288,0.16,0.1246573174034435,0.0353426825965564,0.0046804526268605,563382.2871150405
2019-10-31,Veiculos,PF_A,121361775.07444587,0.16,0.1253185137590496,0.0346814862409503,0.0074377673217275,902660.6447555616
2019-11-30,Veiculos,PF_A,122164758.5892845,0.16,0.1216298544136267,0.0383701455863732,0.0079677188860343,973374.454219672
2019-12-31,Veiculos,PF_A,123196429.07732828,0.16,0.1096420237908731,0.0503579762091268,0.0096833396559711,1192952.867158532
2020-01-31,Veiculos,PF_A,122979756.04077184,0.16,0.1128400097898549,0.047159990210145,0.0137792734439156,1694571.686551832
2020-02-29,Veiculos,PF_A,123812194.87122422,0.16,0.0989146215945571,0.0610853784054428,0.0155051092869521,1919721.612535744
2020-03-31,Veiculos,PF_A,122813959.11130364,0.16,0.0961031752114358,0.0638968247885642,0.0145811048687742,1790763.2171512686
2020-04-30,Veiculos,PF_A,123496381.0932172,0.16,0.0988610561923262,0.0611389438076737,0.0108223822649303,1336525.0445263127
2020-05-31,Veiculos,PF_A,124166277.3224184,0.16,0.0743415384438752,0.0856584615561247,0.0138488410800915,1719559.04214475
2020-06-30,Veiculos,PF_A,125736223.74127144,0.16,0.0610853261229509,0.098914673877049,0.0187461205251543,2357066.4046316515
2020-07-31,Veiculos,PF_A,124214107.86130863,0.16,0.0789376216979505,0.0810623783020494,0.0180985602124429,2248096.510362777
2020-08-31,Veiculos,PF_A,123325353.34613857,0.16,0.0889962114228459,0.0710037885771541,0.0129798597428789,1600745.7891738634
2020-09-30,Veiculos,PF_A,124403956.1435693,0.16,0.0908618786753766,0.0691381213246234,0.0076590617123728,952817.5773669274
2020-10-31,Veiculos,PF_A,125796426.02188976,0.16,0.0791643026828557,0.0808356973171442,0.0108492566707946,1364797.7141801086
2020-11-30,Veiculos,PF_A,126819659.3109523,0.16,0.0712538475945344,0.0887461524054656,0.0129014499002794,1636157.4809707657
2020-12-31,Veiculos,PF_A,128020939.4697407,0.16,0.0646240519261123,0.0953759480738876,0.0139110557422984,1780906.4251449744
2021-01-31,Veiculos,PF_A,128122521.19599731,0.16,0.0784904689484636,0.0815095310515363,0.0166307324457351,2130771.370283659
2021-02-28,Veiculos,PF_A,128398027.00111468,0.16,0.0774957360742573,0.0825042639257426,0.0165118401289156,2120087.694710601
2021-03-31,Veiculos,PF_A,127812728.63582306,0.16,0.080496116512525,0.0795038834874749,0.0121570760557523,1553829.0629189324
2021-04-30,Veiculos,PF_A,127861494.07262725,0.16,0.0944614789012068,0.0655385210987932,0.0121123086092949,1548697.875453204
2021-05-31,Veiculos,PF_A,128863135.68523107,0.16,0.0915950051152424,0.0684049948847575,0.0155442598188205,2003082.0621591613
2021-06-30,Veiculos,PF_A,128751462.42039923,0.16,0.0878450086562747,0.0721549913437252,0.0159065970276843,2047997.629446342
2021-07-31,Veiculos,PF_A,129661393.36658847,0.16,0.078356620905947,0.0816433790940529,0.0125071000366445,1621688.0177266393
2021-08-31,Veiculos,PF_A,129464381.10878173,0.16,0.075494521880862,0.0845054781191379,0.0152767195031682,1977791.0358501328
2021-09-30,Veiculos,PF_A,129443877.92721169,0.16,0.0927868550490765,0.0672131449509235,0.0103482016881328,1339511.356084834
2021-10-31,Veiculos,PF_A,129866643.05320226,0.16,0.1001910447448414,0.0598089552551585,0.0076320106919976,991143.6083158808
2021-11-30,Veiculos,PF_A,129847451.84366567,0.16,0.1129682160963888,0.0470317839036112,0.0114040778431098,1480790.4485546264
2021-12-31,Veiculos,PF_A,129818280.65738344,0.16,0.1242698551561028,0.0357301448438971,0.0177926367631258,2309809.5129503547
2022-01-31,Veiculos,PF_A,128748219.63660432,0.16,0.1417205588133503,0.0182794411866496,0.0069533102837455,895226.3196131317
2022-02-28,Veiculos,PF_A,130210090.4179206,0.16,0.1323462878011676,0.0276537121988323,0.015214557236917,1981088.8734875985
2022-03-31,Veiculos,PF_A,130274214.30429327,0.16,0.13633677105586,0.0236632289441399,0.0128503997871165,1674075.7357626709
2022-04-30,Veiculos,PF_A,129309655.37630951,0.16,0.1438972694672427,0.0161027305327572,0.0090044357753048,1164360.4869627887
2022-05-31,Veiculos,PF_A,129393763.87895042,0.16,0.1541886637996614,0.0058113362003386,0.0046110655471506,596643.1266383698
2022-06-30,Veiculos,PF_A,130879006.91612875,0.16,0.1399994034372261,0.0200005965627738,0.0035929667397403,470243.9187798976
2022-07-31,Veiculos,PF_A,131483225.82108766,0.16,0.1379858995795868,0.0220141004204132,0.0069778615401912,917471.7446372486
2022-08-31,Veiculos,PF_A,131983853.99128464,0.16,0.1372851417505953,0.0227148582494046,0.008621861942913,1137946.5678064527
2022-09-30,Veiculos,PF_A,133059813.55780992,0.16,0.1502787596413933,0.0097212403586066,0.008817771286355,1173291.0033578118
2022-10-31,Veiculos,PF_A,134413191.167351,0.16,0.1544238274525529,0.0055761725474471,0.0094545515186814,1270816.440682092
2022-11-30,Veiculos,PF_A,135141031.84666258,0.16,0.1421471549925718,0.0178528450074281,0.0088298379524873,1193273.4119379644
2022-12-31,Veiculos,PF_A,136305818.02606806,0.16,0.1185963158209373,0.0414036841790626,0.0108383627942213,1477331.9067296388
2023-01-31,Veiculos,PF_A,136550450.10239646,0.16,0.1073196719730987,0.0526803280269012,0.0113297133457646,1547077.4568952909
2023-02-28,Veiculos,PF_A,136431081.7666702,0.16,0.0984459555304342,0.0615540444695657,0.0144793355505173,1975431.4124196933
2023-03-31,Veiculos,PF_A,136389839.73239088,0.16,0.0901472476762142,0.0698527523237858,0.0125332307628352,1709405.3350721688
2023-04-30,Veiculos,PF_A,136216863.0237915,0.16,0.0882742986574577,0.0717257013425422,0.0110095960686644,1499692.6396325375
2023-05-31,Veiculos,PF_A,137402359.32302502,0.16,0.098958165324491,0.061041834675509,0.01285905425436,1766864.3932118472
2023-06-30,Veiculos,PF_A,137031534.9161119,0.16,0.1024463281567644,0.0575536718432355,0.0134745896845991,1846443.7068454328
2023-07-31,Veiculos,PF_A,136792777.0424104,0.16,0.11189893458035,0.0481010654196499,0.0063698123576484,871344.32164179
2023-08-31,Veiculos,PF_A,138636288.32322198,0.16,0.1142681799733235,0.0457318200266764,0.0076691159201164,1063217.765885473
2023-09-30,Veiculos,PF_A,139286841.19419035,0.16,0.113617952776971,0.046382047223029,0.0088858728842546,1237685.1653009444
2023-10-31,Veiculos,PF_A,140848968.4848425,0.16,0.1111732931762543,0.0488267068237456,0.0092476448290216,1302521.2350818862
2023-11-30,Veiculos,PF_A,140707065.26145896,0.16,0.1161805828118876,0.0438194171881123,0.0109888575415671,1546209.8952501705
2023-12-31,Veiculos,PF_A,140821362.5592256,0.16,0.1161740455114399,0.04382595448856,0.0153493671981372,2161518.803263573
2024-01-31,Veiculos,PF_A,140659059.9505635,0.16,0.105736881701307,0.0542631182986929,0.0106681983531749,1500578.7517237323
2024-02-29,Veiculos,PF_A,141408636.67934874,0.16,0.1041693781956079,0.055830621804392,0.0219433825964829,3102983.8171020043
2024-03-31,Veiculos,PF_A,141408797.0642285,0.16,0.1009343904716442,0.0590656095283557,0.0221213222935927,3128149.575007053
2024-04-30,Veiculos,PF_A,139566815.35945442,0.16,0.1138523668180268,0.0461476331819731,0.0187812897884292,2621244.8041141066
2024-05-31,Veiculos,PF_A,138440174.3775246,0.16,0.1236816200920791,0.0363183799079208,0.0157398262930175,2179024.2966772984
2024-06-30,Veiculos,PF_A,137370083.3807295,0.16,0.1199635396221052,0.0400364603778947,0.0127910482104668,1757107.359198768
2024-07-31,Veiculos,PF_A,137139603.3333762,0.16,0.1225427514126278,0.0374572485873721,0.0154938231155988,2124816.756190724
2024-08-31,Veiculos,PF_A,137575289.96235424,0.16,0.1077782940309359,0.052221705969064,0.014093300873902,1938889.9542537704
2024-09-30,Veiculos,PF_A,136691105.0154617,0.16,0.1052851012372768,0.0547148987627231,0.012503795340889,1709157.6020333115
2024-10-31,Veiculos,PF_A,136459665.87536848,0.16,0.1038524837720276,0.0561475162279723,0.0158109895578456,2157562.352222563
2024-11-30,Veiculos,PF_A,137126832.92011794,0.16,0.112814035283119,0.0471859647168809,0.01647212184809,2258769.900502871
2024-12-31,Veiculos,PF_A,136339409.42602316,0.16,0.1074165953060957,0.0525834046939042,0.0083061714759105,1132458.5136169246
2025-01-31,Veiculos,PF_A,135970077.5837152,0.16,0.0976138849209467,0.0623861150790532,0.0202972343499487,2759816.529297376
2025-02-28,Veiculos,PF_A,134929382.59689394,0.16,0.0886099860517939,0.071390013948206,0.0161386400987984,2177576.744484352
2025-03-31,Veiculos,PF_A,135901668.05781496,0.16,0.08717719754699,0.07282280245301,0.0215322680109014,2926271.1397494315
2025-04-30,Veiculos,PF_A,134992511.02340937,0.16,0.080778045531546,0.079221954468454,0.0177518603480161,2396368.203715598
2025-05-31,Veiculos,PF_A,134503671.97072458,0.16,0.076485492893108,0.0835145071068919,0.0185787774223821,2498913.784037197
2025-06-30,Veiculos,PF_A,135124791.28361112,0.16,0.0719191271210142,0.0880808728789857,0.0183410209333322,2478326.625544857
2025-07-31,Veiculos,PF_A,135154684.98119366,0.16,0.0758413359647896,0.0841586640352103,0.018972695114788,2564248.6314834105
2025-08-31,Veiculos,PF_A,133771663.14899316,0.16,0.0673585018049363,0.0926414981950636,0.01771359381532,2369576.905021083
2025-09-30,Veiculos,PF_A,133195888.11570896,0.16,0.0628865763222121,0.0971134236777879,0.0095365674312353,1270231.5685787385
2025-10-31,Veiculos,PF_A,132435937.86774014,0.16,0.0803194130392986,0.0796805869607013,0.0125034903812764,1655911.47526462
2025-11-30,Veiculos,PF_A,133151882.65249032,0.16,0.0787228175078631,0.0812771824921368,0.0161611298628789,2151884.867033716
2025-12-31,Veiculos,PF_A,133129054.48047955,0.16,0.072903489046001,0.0870965109539989,0.0221031493639566,2942571.375864365
2026-01-31,Veiculos,PF_A,131298120.37421332,0.16,0.0817163172857813,0.0782836827142186,0.0176284375773938,2314580.719045958
2026-02-28,Veiculos,PF_A,131196644.52113704,0.16,0.104488355757868,0.0555116442421319,0.0152220666707509,1997084.069879561
2026-03-31,Veiculos,PF_A,131219389.17281556,0.16,0.0963472776309135,0.0636527223690864,0.0138192900069343,1813358.793511916
2026-04-30,Veiculos,PF_A,132392964.73139615,0.16,0.0982540947284184,0.0617459052715815,0.0157327687425376,2082907.8972580037
2026-05-31,Veiculos,PF_A,133732036.94948313,0.16,0.1017350586372507,0.0582649413627492,0.0164147106719713,2195172.694099143
2026-06-30,Veiculos,PF_A,134256501.7511634,0.16,0.1116009192758054,0.0483990807241945,0.0147706876709737,1983060.85516398
2026-07-31,Veiculos,PF_A,134251920.21341705,0.16,0.1059432458365016,0.0540567541634983,0.0127833319167548,1716186.856549804
2019-01-31,Veiculos,PF_B,123052787.46637486,0.16,0.0924961687990007,0.0675038312009992,0.012339583599772,1518420.1581263093
2019-02-28,Veiculos,PF_B,123446836.21714664,0.16,0.1001758067026001,0.0598241932973998,0.01304625524027,1610518.9338927118
2019-03-31,Veiculos,PF_B,125446082.13198432,0.16,0.0954851185884015,0.0645148814115985,0.0148965659599168,1868715.8368922523
2019-04-30,Veiculos,PF_B,126659028.80127963,0.16,0.0868655878810023,0.0731344121189976,0.0148810597076895,1884820.5701098088
2019-05-31,Veiculos,PF_B,126955709.58024427,0.16,0.0867052634621955,0.0732947365378045,0.011344274013155,1440220.3570128304
2019-06-30,Veiculos,PF_B,127202538.40892394,0.16,0.0872792912898914,0.0727207087101086,0.0141395791995796,1798590.3662205504
2019-07-31,Veiculos,PF_B,128514150.7243753,0.16,0.0909218954516554,0.0690781045483445,0.0129496432170913,1664212.400228162
2019-08-31,Veiculos,PF_B,129818542.57698224,0.16,0.1046136604909653,0.0553863395090346,0.0124429523384805,1615325.9379363914
2019-09-30,Veiculos,PF_B,131342397.57667112,0.16,0.1246573174034435,0.0353426825965564,0.0092229554125307,1211365.076624524
2019-10-31,Veiculos,PF_B,133804188.39750284,0.16,0.1253185137590496,0.0346814862409503,0.0083853478596028,1121994.6647848953
2019-11-30,Veiculos,PF_B,134145670.44877958,0.16,0.1216298544136267,0.0383701455863732,0.0075270766109598,1009724.738496531
2019-12-31,Veiculos,PF_B,136767662.9803737,0.16,0.1096420237908731,0.0503579762091268,0.0143200975040923,1958526.2692857936
2020-01-31,Veiculos,PF_B,136575252.1977217,0.16,0.1128400097898549,0.047159990210145,0.0162021561547924,2212813.5629876466
2020-02-29,Veiculos,PF_B,136843823.16431648,0.16,0.0989146215945571,0.0610853784054428,0.0195624921903344,2677006.221947446
2020-03-31,Veiculos,PF_B,135083333.95945108,0.16,0.0961031752114358,0.0638968247885642,0.0144204092165282,1947956.9540282276
2020-04-30,Veiculos,PF_B,134811612.03666288,0.16,0.0988610561923262,0.0611389438076737,0.0097161807450078,1309853.9890740856
2020-05-31,Veiculos,PF_B,136243987.09093457,0.16,0.0743415384438752,0.0856584615561247,0.014713516303859,2004628.1253652328
2020-06-30,Veiculos,PF_B,136757100.80905995,0.16,0.0610853261229509,0.098914673877049,0.0210843102684469,2883429.144871501
2020-07-31,Veiculos,PF_B,135626401.07990912,0.16,0.0789376216979505,0.0810623783020494,0.01206086024148,1635771.0684797072
2020-08-31,Veiculos,PF_B,136073694.93023622,0.16,0.0889962114228459,0.0710037885771541,0.0142462948895188,1938545.984682577
2020-09-30,Veiculos,PF_B,135738449.82783654,0.16,0.0908618786753766,0.0691381213246234,0.009820883286647,1333071.4732695827
2020-10-31,Veiculos,PF_B,137145410.8437359,0.16,0.0791643026828557,0.0808356973171442,0.0133146893410548,1826048.5399356808
2020-11-30,Veiculos,PF_B,135888052.51969686,0.16,0.0712538475945344,0.0887461524054656,0.0105112896456551,1428358.6794185345
2020-12-31,Veiculos,PF_B,137510558.94495738,0.16,0.0646240519261123,0.0953759480738876,0.0159773775921302,2197058.1231684736
2021-01-31,Veiculos,PF_B,136779963.67006284,0.16,0.0784904689484636,0.0815095310515363,0.0147145477200047,2012655.302563652
2021-02-28,Veiculos,PF_B,136776574.03846037,0.16,0.0774957360742573,0.0825042639257426,0.0177716400438138,2430744.040237572
2021-03-31,Veiculos,PF_B,135395045.62182164,0.16,0.080496116512525,0.0795038834874749,0.0139178601625723,1884409.3116696172
2021-04-30,Veiculos,PF_B,135701705.3385564,0.16,0.0944614789012068,0.0655385210987932,0.0146647756222578,1990035.0603476788
2021-05-31,Veiculos,PF_B,136111971.70605442,0.16,0.0915950051152424,0.0684049948847575,0.0112805311996864,1535415.3434809868
2021-06-30,Veiculos,PF_B,136826546.43596336,0.16,0.0878450086562747,0.0721549913437252,0.0163082585290671,2231402.692917108
2021-07-31,Veiculos,PF_B,136935916.72605076,0.16,0.078356620905947,0.0816433790940529,0.0134963820950471,1848139.45467034
2021-08-31,Veiculos,PF_B,137020658.74958426,0.16,0.075494521880862,0.0845054781191379,0.0105011499976506,1438874.4903062864
2021-09-30,Veiculos,PF_B,137531385.2445701,0.16,0.0927868550490765,0.0672131449509235,0.0144320533292564,1984860.286296146
2021-10-31,Veiculos,PF_B,137463205.00365385,0.16,0.1001910447448414,0.0598089552551585,0.0088819765343696,1220944.9611816923
2021-11-30,Veiculos,PF_B,137897687.0803364,0.16,0.1129682160963888,0.0470317839036112,0.0115740327774064,1596032.3501963578
2021-12-31,Veiculos,PF_B,138040194.93211344,0.16,0.1242698551561028,0.0357301448438971,0.0126070668982916,1740281.9721623785
2022-01-31,Veiculos,PF_B,138665903.59247538,0.16,0.1417205588133503,0.0182794411866496,0.0135692244222105,1881588.765554917
2022-02-28,Veiculos,PF_B,139780806.457506,0.16,0.1323462878011676,0.0276537121988323,0.0151309203504297,2115012.249027356
2022-03-31,Veiculos,PF_B,139011826.8635751,0.16,0.13633677105586,0.0236632289441399,0.0104109576202077,1447246.2381843333
2022-04-30,Veiculos,PF_B,139511540.59186888,0.16,0.1438972694672427,0.0161027305327572,0.0108202762464357,1509553.4087698597
2022-05-31,Veiculos,PF_B,139205158.4742264,0.16,0.1541886637996614,0.0058113362003386,0.0094944506865878,1321676.5124521863
2022-06-30,Veiculos,PF_B,139551322.90824088,0.16,0.1399994034372261,0.0200005965627738,0.0087704164443634,1223923.2172671051
2022-07-31,Veiculos,PF_B,140106347.0506653,0.16,0.1379858995795868,0.0220141004204132,0.0125169731510206,1753707.3843207548
2022-08-31,Veiculos,PF_B,140492106.295219,0.16,0.1372851417505953,0.0227148582494046,0.015060363377534,2115862.1724811406
2022-09-30,Veiculos,PF_B,140495599.85295162,0.16,0.1502787596413933,0.0097212403586066,0.0071081099866732,998658.176398417
2022-10-31,Veiculos,PF_B,141499834.6944116,0.16,0.1544238274525529,0.0055761725474471,0.0084937494913867,1201864.1489669746
2022-11-30,Veiculos,PF_B,142602648.31546438,0.16,0.1421471549925718,0.0178528450074281,0.0145129490150932,2069584.964419607
2022-12-31,Veiculos,PF_B,141941339.02556047,0.16,0.1185963158209373,0.0414036841790626,0.0138818361961881,1970406.417820432
2023-01-31,Veiculos,PF_B,142116358.02606994,0.16,0.1073196719730987,0.0526803280269012,0.0094830753251875,1347700.1281025407
2023-02-28,Veiculos,PF_B,143308147.04543373,0.16,0.0984459555304342,0.0615540444695657,0.0178443523777525,2557241.074481502
2023-03-31,Veiculos,PF_B,142150882.488308,0.16,0.0901472476762142,0.0698527523237858,0.0154188304696972,2191800.3582050726
2023-04-30,Veiculos,PF_B,140751334.14669755,0.16,0.0882742986574577,0.0717257013425422,0.0121385767389105,1708520.8706437324
2023-05-31,Veiculos,PF_B,141776433.9803859,0.16,0.098958165324491,0.061041834675509,0.0127464688155119,1807148.894505478
2023-06-30,Veiculos,PF_B,141193123.0034238,0.16,0.1024463281567644,0.0575536718432355,0.0132768712217402,1874602.9115117823
2023-07-31,Veiculos,PF_B,140952831.3899103,0.16,0.11189893458035,0.0481010654196499,0.0099590097807401,1403750.6264351346
2023-08-31,Veiculos,PF_B,142066608.9814476,0.16,0.1142681799733235,0.0457318200266764,0.0073575249966958,1045258.626776815
2023-09-30,Veiculos,PF_B,142387594.7057935,0.16,0.113617952776971,0.046382047223029,0.0104181228137539,1483411.448799973
2023-10-31,Veiculos,PF_B,143582770.11051726,0.16,0.1111732931762543,0.0488267068237456,0.0135429523555804,1944534.614689001
2023-11-30,Veiculos,PF_B,143172692.29157513,0.16,0.1161805828118876,0.0438194171881123,0.0132226074485858,1893116.307528673
2023-12-31,Veiculos,PF_B,142730676.37861717,0.16,0.1161740455114399,0.04382595448856,0.0164450806365806,2347217.4823600496
2024-01-31,Veiculos,PF_B,141589819.1784633,0.16,0.105736881701307,0.0542631182986929,0.0208269841249009,2948888.9162774445
2024-02-29,Veiculos,PF_B,140181389.98741275,0.16,0.1041693781956079,0.055830621804392,0.0233650042528189,3275338.773221964
2024-03-31,Veiculos,PF_B,139319975.72438753,0.16,0.1009343904716442,0.0590656095283557,0.0162538952481807,2264492.2914032857
2024-04-30,Veiculos,PF_B,138689916.49730447,0.16,0.1138523668180268,0.0461476331819731,0.0197038618115466,2732726.949317827
2024-05-31,Veiculos,PF_B,138694040.64031756,0.16,0.1236816200920791,0.0363183799079208,0.016252313815164,2254099.0727795637
2024-06-30,Veiculos,PF_B,138471202.36421242,0.16,0.1199635396221052,0.0400364603778947,0.0175480702042838,2429902.3803587947
2024-07-31,Veiculos,PF_B,138133558.8827612,0.16,0.1225427514126278,0.0374572485873721,0.0112636727668963,1555891.2053822365
2024-08-31,Veiculos,PF_B,138008585.86013085,0.16,0.1077782940309359,0.052221705969064,0.0152390514084541,2103119.9347305894
2024-09-30,Veiculos,PF_B,138756303.61694863,0.16,0.1052851012372768,0.0547148987627231,0.0185728499861685,2577100.011712838
2024-10-31,Veiculos,PF_B,138724874.19977582,0.16,0.1038524837720276,0.0561475162279723,0.0156050270687003,2164805.416989555
2024-11-30,Veiculos,PF_B,139084238.50297397,0.16,0.112814035283119,0.0471859647168809,0.0134142807574957,1865715.0242213889
2024-12-31,Veiculos,PF_B,139111261.80657184,0.16,0.1074165953060957,0.0525834046939042,0.0143446774782855,1995506.1842126185
2025-01-31,Veiculos,PF_B,138241635.79486382,0.16,0.0976138849209467,0.0623861150790532,0.0188270394338337,2602680.728507579
2025-02-28,Veiculos,PF_B,137768814.38096556,0.16,0.0886099860517939,0.071390013948206,0.0209845828557337,2891021.1003135783
2025-03-31,Veiculos,PF_B,137260071.5622767,0.16,0.08717719754699,0.07282280245301,0.0202259788254902,2776219.301003885
2025-04-30,Veiculos,PF_B,136873483.9272471,0.16,0.080778045531546,0.079221954468454,0.0196286603351074,2686643.124890719
2025-05-31,Veiculos,PF_B,136475864.77901208,0.16,0.076485492893108,0.0835145071068919,0.0174455094196976,2380890.9845636333
2025-06-30,Veiculos,PF_B,136353767.94239584,0.16,0.0719191271210142,0.0880808728789857,0.0202058965859541,2755150.1341492427
2025-07-31,Veiculos,PF_B,135129840.80859604,0.16,0.0758413359647896,0.0841586640352103,0.0174291000895947,2355191.520544024
2025-08-31,Veiculos,PF_B,134338127.53131148,0.16,0.0673585018049363,0.0926414981950636,0.0157601723428446,2117192.042108514
2025-09-30,Veiculos,PF_B,133433484.94063143,0.16,0.0628865763222121,0.0971134236777879,0.0202412427335836,2700859.5574713014
2025-10-31,Veiculos,PF_B,133478605.00546418,0.16,0.0803194130392986,0.0796805869607013,0.0176423690456415,2354878.809203816
2025-11-30,Veiculos,PF_B,134504263.36262104,0.16,0.0787228175078631,0.0812771824921368,0.0166535167081072,2239968.9972210648
2025-12-31,Veiculos,PF_B,136386528.0559774,0.16,0.072903489046001,0.0870965109539989,0.0179069671188318,2442269.07335003
2026-01-31,Veiculos,PF_B,136122894.3288566,0.16,0.0817163172857813,0.0782836827142186,0.0179525761780025,2443756.6300089955
2026-02-28,Veiculos,PF_B,135939765.5908898,0.16,0.104488355757868,0.0555116442421319,0.0204017867818124,2773414.112754892
2026-03-31,Veiculos,PF_B,135086610.00299776,0.16,0.0963472776309135,0.0636527223690864,0.0235109629599392,3176016.284164238
2026-04-30,Veiculos,PF_B,134077998.21807694,0.16,0.0982540947284184,0.0617459052715815,0.0193630185891392,2596154.771891205
2026-05-31,Veiculos,PF_B,132845545.06002614,0.16,0.1017350586372507,0.0582649413627492,0.0187921441681409,2496452.634863271
2026-06-30,Veiculos,PF_B,132255273.3705963,0.16,0.1116009192758054,0.0483990807241945,0.0146333455201084,1935337.1120883345
2026-07-31,Veiculos,PF_B,131776404.17280412,0.16,0.1059432458365016,0.0540567541634983,0.0221728136992016,2921853.65967428
2019-01-31,Veiculos,PJ,106012939.96049982,0.16,0.0924961687990007,0.0675038312009992,0.0104713428893951,1110097.845039259
2019-02-28,Veiculos,PJ,106866744.6278272,0.16,0.1001758067026001,0.0598241932973998,0.0138548366536207,1480621.2905227484
2019-03-31,Veiculos,PJ,107774480.90251218,0.16,0.0954851185884015,0.0645148814115985,0.0147290959308038,1587420.6681056938
2019-04-30,Veiculos,PJ,107735658.01976036,0.16,0.0868655878810023,0.0731344121189976,0.0141378833101292,1523154.1614233644
2019-05-31,Veiculos,PJ,107599262.23345958,0.16,0.0867052634621955,0.0732947365378045,0.0110152434013999,1185232.0633126136
2019-06-30,Veiculos,PJ,107771633.88799678,0.16,0.0872792912898914,0.0727207087101086,0.0085589370527775,922410.630522348
2019-07-31,Veiculos,PJ,109594169.89967504,0.16,0.0909218954516554,0.0690781045483445,0.0120328821920145,1318733.7353344175
2019-08-31,Veiculos,PJ,110959101.9233253,0.16,0.1046136604909653,0.0553863395090346,0.0088560788947006,982662.5607180948
2019-09-30,Veiculos,PJ,112520204.75181282,0.16,0.1246573174034435,0.0353426825965564,0.0028840041108536,324508.73305832705
2019-10-31,Veiculos,PJ,114799857.28138624,0.16,0.1253185137590496,0.0346814862409503,0.0079583046085673,913612.2332653344
2019-11-30,Veiculos,PJ,116325221.7682253,0.16,0.1216298544136267,0.0383701455863732,0.0094189336494705,1095659.5455948664
2019-12-31,Veiculos,PJ,116538623.6144546,0.16,0.1096420237908731,0.0503579762091268,0.0064430458007366,750863.689502742
2020-01-31,Veiculos,PJ,117289322.0086238,0.16,0.1128400097898549,0.047159990210145,0.0124085592824576,1455391.5053432733
2020-02-29,Veiculos,PJ,118316994.4939033,0.16,0.0989146215945571,0.0610853784054428,0.0091439844851074,1081888.761976796
2020-03-31,Veiculos,PJ,118548336.17469876,0.16,0.0961031752114358,0.0638968247885642,0.0111923869391284,1326838.8494571038
2020-04-30,Veiculos,PJ,118971383.78305487,0.16,0.0988610561923262,0.0611389438076737,0.0091619270255643,1090007.1363507577
2020-05-31,Veiculos,PJ,118885940.41040604,0.16,0.0743415384438752,0.0856584615561247,0.0112515861190152,1337655.3968678005
2020-06-30,Veiculos,PJ,119608662.69889577,0.16,0.0610853261229509,0.098914673877049,0.0101500612499058,1214035.2524131252
2020-07-31,Veiculos,PJ,120313564.9895024,0.16,0.0789376216979505,0.0810623783020494,0.0136767914051441,1645503.5315706814
2020-08-31,Veiculos,PJ,119756815.64174224,0.16,0.0889962114228459,0.0710037885771541,0.0091787287777006,1099215.3300566552
2020-09-30,Veiculos,PJ,121374930.02531113,0.16,0.0908618786753766,0.0691381213246234,0.0082692829702345,1003683.6418717152
2020-10-31,Veiculos,PJ,121969677.59983853,0.16,0.0791643026828557,0.0808356973171442,0.0131934972338926,1609206.6040322448
2020-11-30,Veiculos,PJ,122146129.54052618,0.16,0.0712538475945344,0.0887461524054656,0.0142526733740085,1740908.888240453
2020-12-31,Veiculos,PJ,122705496.42607476,0.16,0.0646240519261123,0.0953759480738876,0.0120321119188253,1476406.2660535534
2021-01-31,Veiculos,PJ,123564873.53143948,0.16,0.0784904689484636,0.0815095310515363,0.0138583623143739,1712406.7867284825
2021-02-28,Veiculos,PJ,124567084.71941271,0.16,0.0774957360742573,0.0825042639257426,0.0124781094651175,1554361.7188794042
2021-03-31,Veiculos,PJ,125041567.24728043,0.16,0.080496116512525,0.0795038834874749,0.0137831104769035,1723461.735574433
2021-04-30,Veiculos,PJ,125811009.21085386,0.16,0.0944614789012068,0.0655385210987932,0.0102680807540526,1291837.602325915
2021-05-31,Veiculos,PJ,127231055.54229444,0.16,0.0915950051152424,0.0684049948847575,0.0134367882901781,1709576.7572577088
2021-06-30,Veiculos,PJ,126599631.23349369,0.16,0.0878450086562747,0.0721549913437252,0.0145166232109914,1837799.14526709
2021-07-31,Veiculos,PJ,128325697.244785,0.16,0.078356620905947,0.0816433790940529,0.0135698543361833,1741361.0192008994
2021-08-31,Veiculos,PJ,129583225.56264262,0.16,0.075494521880862,0.0845054781191379,0.0107183730002525,1388921.3461562628
2021-09-30,Veiculos,PJ,129031250.7726694,0.16,0.0927868550490765,0.0672131449509235,0.0045891542358032,592144.311034389
2021-10-31,Veiculos,PJ,130617663.89234242,0.16,0.1001910447448414,0.0598089552551585,0.0075432061550823,985275.9662351952
2021-11-30,Veiculos,PJ,130992184.53127807,0.16,0.1129682160963888,0.0470317839036112,0.0088317069909616,1156884.5918862273
2021-12-31,Veiculos,PJ,132266209.64089476,0.16,0.1242698551561028,0.0357301448438971,0.0056785814903951,751084.4498715071
2022-01-31,Veiculos,PJ,133200910.856827,0.16,0.1417205588133503,0.0182794411866496,0.0130381098456664,1736688.1072941325
2022-02-28,Veiculos,PJ,132711520.8833779,0.16,0.1323462878011676,0.0276537121988323,0.0127323431740778,1689728.6270409704
2022-03-31,Veiculos,PJ,132682480.72325262,0.16,0.13633677105586,0.0236632289441399,0.0119509448029399,1585681.003440736
2022-04-30,Veiculos,PJ,133864928.97485387,0.16,0.1438972694672427,0.0161027305327572,0.0117180857236635,1568640.7131194684
2022-05-31,Veiculos,PJ,134932699.98328415,0.16,0.1541886637996614,0.0058113362003386,0.005636363005167,760529.6783730931
2022-06-30,Veiculos,PJ,136951732.09962997,0.16,0.1399994034372261,0.0200005965627738,0.006234969673846,853889.8964218813
2022-07-31,Veiculos,PJ,138279521.43910816,0.16,0.1379858995795868,0.0220141004204132,0.0081331281593845,1124645.0696826272
2022-08-31,Veiculos,PJ,139494462.16063425,0.16,0.1372851417505953,0.0227148582494046,0.0076398990442125,1065723.6081339726
2022-09-30,Veiculos,PJ,139838071.56753296,0.16,0.1502787596413933,0.0097212403586066,0.0023752725574437,332153.5338802198
2022-10-31,Veiculos,PJ,142116562.10962597,0.16,0.1544238274525529,0.0055761725474471,0.0062337726557419,885922.3388070324
2022-11-30,Veiculos,PJ,144035203.5594894,0.16,0.1421471549925718,0.0178528450074281,0.0071260050316426,1026395.5852985996
2022-12-31,Veiculos,PJ,144025192.92171693,0.16,0.1185963158209373,0.0414036841790626,0.0120662119199206,1737838.4996008982
2023-01-31,Veiculos,PJ,144028094.99535325,0.16,0.1073196719730987,0.0526803280269012,0.0121824949918332,1754621.5459641807
2023-02-28,Veiculos,PJ,143820251.84945342,0.16,0.0984459555304342,0.0615540444695657,0.0167027144179937,2402188.594165353
2023-03-31,Veiculos,PJ,142804467.87835982,0.16,0.0901472476762142,0.0698527523237858,0.0125142574208283,1787091.871874212
2023-04-30,Veiculos,PJ,143092590.09837374,0.16,0.0882742986574577,0.0717257013425422,0.0104718037370706,1498437.519739274
2023-05-31,Veiculos,PJ,143825516.24864578,0.16,0.098958165324491,0.061041834675509,0.0158589529408659,2280922.0938830217
2023-06-30,Veiculos,PJ,143201270.64227718,0.16,0.1024463281567644,0.0575536718432355,0.0116077440248401,1662243.693647405
2023-07-31,Veiculos,PJ,141614422.17840278,0.16,0.11189893458035,0.0481010654196499,0.0089554075906335,1268214.8713196537
2023-08-31,Veiculos,PJ,142127077.70693478,0.16,0.1142681799733235,0.0457318200266764,0.0061322810546724,871563.1859781904
2023-09-30,Veiculos,PJ,144012529.84969655,0.16,0.113617952776971,0.046382047223029,0.0071339802959888,1027382.5503232392
2023-10-31,Veiculos,PJ,144860913.05840778,0.16,0.1111732931762543,0.0488267068237456,0.0074212360815498,1075047.034795312
2023-11-30,Veiculos,PJ,144444094.91337693,0.16,0.1161805828118876,0.0438194171881123,0.005965865597761,861734.056643441
2023-12-31,Veiculos,PJ,146255126.29701766,0.16,0.1161740455114399,0.04382595448856,0.0045213473187803,661270.223140901
2024-01-31,Veiculos,PJ,147057435.3291458,0.16,0.105736881701307,0.0542631182986929,0.0144231536238638,2121031.9812836903
2024-02-29,Veiculos,PJ,148156938.65496618,0.16,0.1041693781956079,0.055830621804392,0.0181700641962399,2692021.086479125
2024-03-31,Veiculos,PJ,147074898.19954988,0.16,0.1009343904716442,0.0590656095283557,0.0199718874811568,2937363.3181440146
2024-04-30,Veiculos,PJ,145619173.8070551,0.16,0.1138523668180268,0.0461476331819731,0.0181903249744889,2648860.0940669207
2024-05-31,Veiculos,PJ,144019099.64084205,0.16,0.1236816200920791,0.0363183799079208,0.0170289140406148,2452488.8679906386
2024-06-30,Veiculos,PJ,143282317.2210217,0.16,0.1199635396221052,0.0400364603778947,0.0109975936869871,1575760.7073268022
2024-07-31,Veiculos,PJ,143554555.9845415,0.16,0.1225427514126278,0.0374572485873721,0.0131074620312095,1881635.8919745209
2024-08-31,Veiculos,PJ,143326596.191199,0.16,0.1077782940309359,0.052221705969064,0.0139528019822299,1999807.615442832
2024-09-30,Veiculos,PJ,142918692.85719132,0.16,0.1052851012372768,0.0547148987627231,0.0140004915772584,2000931.9555798948
2024-10-31,Veiculos,PJ,143227316.34503704,0.16,0.1038524837720276,0.0561475162279723,0.0126511591960062,1811991.5802978177
2024-11-30,Veiculos,PJ,143106357.14608306,0.16,0.112814035283119,0.0471859647168809,0.0133766765390926,1914287.4502310287
2024-12-31,Veiculos,PJ,143577247.31597564,0.16,0.1074165953060957,0.0525834046939042,0.0194761688301299,2796334.708891263
2025-01-31,Veiculos,PJ,143438506.9023431,0.16,0.0976138849209467,0.0623861150790532,0.0183498084459494,2632069.125430996
2025-02-28,Veiculos,PJ,144968396.3133143,0.16,0.0886099860517939,0.071390013948206,0.0184720145030475,2677858.319183082
2025-03-31,Veiculos,PJ,144629788.4520494,0.16,0.08717719754699,0.07282280245301,0.0192960724996514,2790786.8835799904
2025-04-30,Veiculos,PJ,143132725.38415763,0.16,0.080778045531546,0.079221954468454,0.0165422806512958,2367741.713689599
2025-05-31,Veiculos,PJ,142410665.1837834,0.16,0.076485492893108,0.0835145071068919,0.018796572036129,2676832.3268400454
2025-06-30,Veiculos,PJ,141611910.66338852,0.16,0.0719191271210142,0.0880808728789857,0.0167970776030915,2378666.252935007
2025-07-31,Veiculos,PJ,141994462.64455742,0.16,0.0758413359647896,0.0841586640352103,0.0173740633555396,2467020.7901223465
2025-08-31,Veiculos,PJ,141414237.15230617,0.16,0.0673585018049363,0.0926414981950636,0.013318118008606,1883371.498491416
2025-09-30,Veiculos,PJ,142325557.965972,0.16,0.0628865763222121,0.0971134236777879,0.0169282000396086,2409315.515996884
2025-10-31,Veiculos,PJ,140791862.67716837,0.16,0.0803194130392986,0.0796805869607013,0.0134325662294691,1891196.019981393
2025-11-30,Veiculos,PJ,141016527.48059872,0.16,0.0787228175078631,0.0812771824921368,0.0169903719089974,2395923.2472107327
2025-12-31,Veiculos,PJ,141257675.2798458,0.16,0.072903489046001,0.0870965109539989,0.0171022223268452,2415820.168009241
2026-01-31,Veiculos,PJ,141251528.38378775,0.16,0.0817163172857813,0.0782836827142186,0.0170240296354651,2404670.205260352
2026-02-28,Veiculos,PJ,140375161.996801,0.16,0.104488355757868,0.0555116442421319,0.0155762551511603,2186519.3401476364
2026-03-31,Veiculos,PJ,140201936.4873014,0.16,0.0963472776309135,0.0636527223690864,0.0168991318837653,2369291.015058204
2026-04-30,Veiculos,PJ,138512744.43913278,0.16,0.0982540947284184,0.0617459052715815,0.0156097634532068,2162151.175949356
2026-05-31,Veiculos,PJ,138389937.22034582,0.16,0.1017350586372507,0.0582649413627492,0.0149591381686673,2070194.192032356
2026-06-30,Veiculos,PJ,138146966.37145534,0.16,0.1116009192758054,0.0483990807241945,0.0152905899371298,2112348.613844385
2026-07-31,Veiculos,PJ,137279347.7266769,0.16,0.1059432458365016,0.0540567541634983,0.0093399663815985,1282184.4926549385
2019-01-31,Imobiliario,PF_A,127335498.29281718,0.11,0.0924961687990007,0.0175038312009992,0.0142691124707765,1816964.546662584
2019-02-28,Imobiliario,PF_A,128066023.51352093,0.11,0.1001758067026001,0.0098241932973998,0.0066508430057407,851747.0167579307
2019-03-31,Imobiliario,PF_A,129051619.42919923,0.11,0.0954851185884015,0.0145148814115984,0.0115124788373997,1485704.0376108205
2019-04-30,Imobiliario,PF_A,129690229.17343491,0.11,0.0868655878810023,0.0231344121189976,0.0124683769170659,1617026.6597950456
2019-05-31,Imobiliario,PF_A,129431268.25111736,0.11,0.0867052634621955,0.0232947365378045,0.0105600419111451,1366799.6173444667
2019-06-30,Imobiliario,PF_A,130358694.61461616,0.11,0.0872792912898914,0.0227207087101086,0.0114274199058656,1489663.541741728
2019-07-31,Imobiliario,PF_A,130305028.35624547,0.11,0.0909218954516554,0.0190781045483445,0.0072817941047934,948854.3873094488
2019-08-31,Imobiliario,PF_A,129463501.5928847,0.11,0.1046136604909653,0.0053863395090346,0.0050374746440287,652169.1066013345
2019-09-30,Imobiliario,PF_A,130444242.06120364,0.11,0.1246573174034435,-0.0146573174034435,0.0034510387295813,450168.1314041038
2019-10-31,Imobiliario,PF_A,132110002.4349624,0.11,0.1253185137590496,-0.0153185137590496,0.0061280856123179,809581.4051649827
2019-11-30,Imobiliario,PF_A,131718971.31549308,0.11,0.1216298544136267,-0.0116298544136267,0.0075387699232543,992999.019275247
2019-12-31,Imobiliario,PF_A,132076145.40466551,0.11,0.1096420237908731,0.0003579762091268,0.0092357009705238,1219815.784296925
2020-01-31,Imobiliario,PF_A,131959033.74695852,0.11,0.1128400097898549,-0.0028400097898549,0.0090750163463273,1197530.3882992112
2020-02-29,Imobiliario,PF_A,132563289.02843876,0.11,0.0989146215945571,0.0110853784054428,0.0111549282242712,1478733.9742855618
2020-03-31,Imobiliario,PF_A,133171843.14850914,0.11,0.0961031752114358,0.0138968247885642,0.0101958990497602,1357806.669012701
2020-04-30,Imobiliario,PF_A,132738645.85966548,0.11,0.0988610561923262,0.0111389438076737,0.0067073675273767,890326.8828670791
2020-05-31,Imobiliario,PF_A,133439598.11943384,0.11,0.0743415384438752,0.0356584615561247,0.0111188079835435,1483689.2688911993
2020-06-30,Imobiliario,PF_A,133530135.28750329,0.11,0.0610853261229509,0.048914673877049,0.0124979102590716,1668847.647704907
2020-07-31,Imobiliario,PF_A,133665832.99635018,0.11,0.0789376216979505,0.0310623783020494,0.0064512108861741,862306.4769355961
2020-08-31,Imobiliario,PF_A,134608859.11432305,0.11,0.0889962114228459,0.021003788577154,0.0080928260978517,1089366.088042443
2020-09-30,Imobiliario,PF_A,135746912.32945782,0.11,0.0908618786753766,0.0191381213246234,0.0118442351094602,1607818.3450133838
2020-10-31,Imobiliario,PF_A,135670857.44644204,0.11,0.0791643026828557,0.0308356973171442,0.0079343943774837,1076466.0885114523
2020-11-30,Imobiliario,PF_A,136892678.12070417,0.11,0.0712538475945344,0.0387461524054656,0.0092662117463258,1268476.5419880792
2020-12-31,Imobiliario,PF_A,137273768.87652403,0.11,0.0646240519261123,0.0453759480738876,0.0068494139435726,940244.8666296332
2021-01-31,Imobiliario,PF_A,137975939.8185573,0.11,0.0784904689484636,0.0315095310515363,0.0082063158312976,1132274.1392712025
2021-02-28,Imobiliario,PF_A,137635041.00249946,0.11,0.0774957360742573,0.0325042639257426,0.0096931095389369,1334111.5288333085
2021-03-31,Imobiliario,PF_A,137567965.26912963,0.11,0.080496116512525,0.0295038834874749,0.0132296993724808,1819982.823794474
2021-04-30,Imobiliario,PF_A,138168746.73152515,0.11,0.0944614789012068,0.0155385210987931,0.0084046638495442,1161261.870791289
2021-05-31,Imobiliario,PF_A,138825324.8193397,0.11,0.0915950051152424,0.0184049948847575,0.0054586930378041,757804.8340622237
2021-06-30,Imobiliario,PF_A,139721482.0201496,0.11,0.0878450086562747,0.0221549913437252,0.0103267542323793,1442869.4058058993
2021-07-31,Imobiliario,PF_A,140856069.13707358,0.11,0.078356620905947,0.0316433790940529,0.0071159850414148,1002329.6809719176
2021-08-31,Imobiliario,PF_A,142590037.85847092,0.11,0.075494521880862,0.0345054781191379,0.0045490480757957,648648.937347716
2021-09-30,Imobiliario,PF_A,143068049.46172255,0.11,0.0927868550490765,0.0172131449509235,0.0088069433611501,1259992.2083996118
2021-10-31,Imobiliario,PF_A,144977842.1133172,0.11,0.1001910447448414,0.0098089552551585,0.0080900664781998,1172880.3805627015
2021-11-30,Imobiliario,PF_A,145776722.0621807,0.11,0.1129682160963888,-0.0029682160963887,0.0015120406336944,220420.3272048035
2021-12-31,Imobiliario,PF_A,146140588.79574546,0.11,0.1242698551561028,-0.0142698551561028,0.0083235238422396,1216404.6751603314
2022-01-31,Imobiliario,PF_A,146673540.25188532,0.11,0.1417205588133503,-0.0317205588133503,0.0062354120446197,914569.9595136188
2022-02-28,Imobiliario,PF_A,147804843.09895277,0.11,0.1323462878011676,-0.0223462878011676,0.0100198792263384,1480986.6769194035
2022-03-31,Imobiliario,PF_A,148984947.53001156,0.11,0.13633677105586,-0.02633677105586,0.0103415057075317,1540728.6852179333
2022-04-30,Imobiliario,PF_A,150304094.90262768,0.11,0.1438972694672427,-0.0338972694672427,0.0097520358814409,1465770.926617925
2022-05-31,Imobiliario,PF_A,150757589.47964463,0.11,0.1541886637996614,-0.0441886637996613,0.0116607804656179,1757951.154447891
2022-06-30,Imobiliario,PF_A,150314729.70916775,0.11,0.1399994034372261,-0.0299994034372261,0.0150361186331654,2260150.1082192385
2022-07-31,Imobiliario,PF_A,150317259.83566523,0.11,0.1379858995795868,-0.0279858995795867,0.0079520731320941,1195333.8432292135
2022-08-31,Imobiliario,PF_A,151489493.17421684,0.11,0.1372851417505953,-0.0272851417505953,0.0109607903807602,1660444.5795701984
2022-09-30,Imobiliario,PF_A,152383803.78281745,0.11,0.1502787596413933,-0.0402787596413933,0.0019873600524901,302841.484284475
2022-10-31,Imobiliario,PF_A,155063391.56787026,0.11,0.1544238274525529,-0.0444238274525529,0.0054157077438185,839778.0104968877
2022-11-30,Imobiliario,PF_A,156298622.1083609,0.11,0.1421471549925718,-0.0321471549925718,0.0038018650695618,594226.2718144221
2022-12-31,Imobiliario,PF_A,158072737.2492332,0.11,0.1185963158209373,-0.0085963158209373,0.0063715642748311,1007170.6054819804
2023-01-31,Imobiliario,PF_A,159135685.39034665,0.11,0.1073196719730987,0.0026803280269012,0.0084505721682121,1344787.593929023
2023-02-28,Imobiliario,PF_A,161138406.75763273,0.11,0.0984459555304342,0.0115540444695657,0.0153809442261067,2478460.847022859
2023-03-31,Imobiliario,PF_A,160692505.12976018,0.11,0.0901472476762142,0.0198527523237857,0.0113511094178492,1824038.2083562152
2023-04-30,Imobiliario,PF_A,160607056.84495932,0.11,0.0882742986574577,0.0217257013425422,0.0138006086168783,2216475.1326260213
2023-05-31,Imobiliario,PF_A,160160337.80309993,0.11,0.098958165324491,0.0110418346755089,0.0086091668939162,1378847.0779328975
2023-06-30,Imobiliario,PF_A,161466505.7297325,0.11,0.1024463281567644,0.0075536718432355,0.0071074725723025,1147618.7608195995
2023-07-31,Imobiliario,PF_A,162292458.44479892,0.11,0.11189893458035,-0.00189893458035,0.0030467230462225,494460.1733718794
2023-08-31,Imobiliario,PF_A,164290931.51301324,0.11,0.1142681799733235,-0.0042681799733235,0.0111201165403857,1826934.304953248
2023-09-30,Imobiliario,PF_A,164968854.96901986,0.11,0.113617952776971,-0.0036179527769709,0.0096544979188682,1592691.4669764824
2023-10-31,Imobiliario,PF_A,164783892.00671923,0.11,0.1111732931762543,-0.0011732931762543,0.0068587598975016,1130213.1502499245
2023-11-30,Imobiliario,PF_A,164993466.90941074,0.11,0.1161805828118876,-0.0061805828118876,0.0064305861360466,1061004.7008459272
2023-12-31,Imobiliario,PF_A,166473010.24271157,0.11,0.1161740455114399,-0.0061740455114399,0.0082545515327582,1374160.041861854
2024-01-31,Imobiliario,PF_A,166110001.48502886,0.11,0.105736881701307,0.0042631182986929,0.0059682143340771,991380.0918965332
2024-02-29,Imobiliario,PF_A,166151806.64108878,0.11,0.1041693781956079,0.005830621804392,0.0113105195906813,1879263.264041138
2024-03-31,Imobiliario,PF_A,167717269.55200732,0.11,0.1009343904716442,0.0090656095283557,0.0139500821817018,2339669.693541148
2024-04-30,Imobiliario,PF_A,166050410.21906394,0.11,0.1138523668180268,-0.0038523668180268,0.0132847406527433,2205936.635041906
2024-05-31,Imobiliario,PF_A,166499953.8759323,0.11,0.1236816200920791,-0.0136816200920791,0.0051367501361781,855268.6607458434
2024-06-30,Imobiliario,PF_A,167432444.08348912,0.11,0.1199635396221052,-0.0099635396221052,0.0107388060287395,1798024.5399303662
2024-07-31,Imobiliario,PF_A,168019723.0012131,0.11,0.1225427514126278,-0.0125427514126278,0.00372726236903,626253.5907972722
2024-08-31,Imobiliario,PF_A,169820988.91947317,0.11,0.1077782940309359,0.002221705969064,0.0010575000603734,179585.70603502946
2024-09-30,Imobiliario,PF_A,171485427.6904081,0.11,0.1052851012372768,0.0047148987627231,0.0091277858492635,1565282.2602274085
2024-10-31,Imobiliario,PF_A,171933021.38108063,0.11,0.1038524837720276,0.0061475162279723,0.0053894562912045,926625.5037480792
2024-11-30,Imobiliario,PF_A,173628938.25497317,0.11,0.112814035283119,-0.002814035283119,0.0094368795377164,1638515.3745737898
2024-12-31,Imobiliario,PF_A,174907450.66540623,0.11,0.1074165953060957,0.0025834046939042,0.0103408603527502,1808693.5219865155
2025-01-31,Imobiliario,PF_A,175855719.49917573,0.11,0.0976138849209467,0.0123861150790532,0.011575438298337,2035607.030472373
2025-02-28,Imobiliario,PF_A,176005982.52308488,0.11,0.0886099860517939,0.021390013948206,0.0112392241438707,1978170.6882391528
2025-03-31,Imobiliario,PF_A,175861730.03147754,0.11,0.08717719754699,0.0228228024530099,0.0083384474145312,1466413.788095973
2025-04-30,Imobiliario,PF_A,175726598.1872077,0.11,0.080778045531546,0.0292219544684539,0.010780331870838,1894391.0469915145
2025-05-31,Imobiliario,PF_A,176001223.65193787,0.11,0.076485492893108,0.0335145071068919,0.0146129019214241,2571888.6192764086
2025-06-30,Imobiliario,PF_A,175400076.9731486,0.11,0.0719191271210142,0.0380808728789857,0.0127935430999333,2243988.4444875955
2025-07-31,Imobiliario,PF_A,175911609.4881635,0.11,0.0758413359647896,0.0341586640352103,0.0084709028478906,1490130.153790311
2025-08-31,Imobiliario,PF_A,176837762.48233232,0.11,0.0673585018049363,0.0426414981950636,0.0082176189798227,1453185.3533242086
2025-09-30,Imobiliario,PF_A,178310072.25486305,0.11,0.0628865763222121,0.0471134236777879,0.0104164137663321,1857351.491311228
2025-10-31,Imobiliario,PF_A,177619382.13526997,0.11,0.0803194130392986,0.0296805869607013,0.0084525960404578,1501344.8861451475
2025-11-30,Imobiliario,PF_A,179271715.76240155,0.11,0.0787228175078631,0.0312771824921368,0.0084235533631614,1510104.8642301029
2025-12-31,Imobiliario,PF_A,180075011.419238,0.11,0.072903489046001,0.0370965109539989,0.0115904877515878,2087157.2142217115
2026-01-31,Imobiliario,PF_A,179262218.17560107,0.11,0.0817163172857813,0.0282836827142186,0.0119737908358869,2146448.305211771
2026-02-28,Imobiliario,PF_A,178140085.26396504,0.11,0.104488355757868,0.0055116442421319,0.0084986891960933,1513957.2180239994
2026-03-31,Imobiliario,PF_A,179379134.12318698,0.11,0.0963472776309135,0.0136527223690864,0.011711054067916,2100718.7383726137
2026-04-30,Imobiliario,PF_A,179065280.91939178,0.11,0.0982540947284184,0.0117459052715815,0.0115529576769767,2068733.6118776836
2026-05-31,Imobiliario,PF_A,178954482.7340855,0.11,0.1017350586372507,0.0082649413627492,0.0095273427376445,1704960.691445524
2026-06-30,Imobiliario,PF_A,179709295.01134408,0.11,0.1116009192758054,-0.0016009192758054,0.0061815806483521,1110887.5003711358
2026-07-31,Imobiliario,PF_A,180626642.99486125,0.11,0.1059432458365016,0.0040567541634983,0.0064627347632932,1167342.0848598524
2019-01-31,Imobiliario,PF_B,111163624.74000672,0.11,0.0924961687990007,0.0175038312009992,0.0152207459897195,1691993.2954641443
2019-02-28,Imobiliario,PF_B,111740937.76475224,0.11,0.1001758067026001,0.0098241932973998,0.0082625316519093,923263.035095303
2019-03-31,Imobiliario,PF_B,111739426.66656303,0.11,0.0954851185884015,0.0145148814115984,0.0118404831344194,1323048.7968951387
2019-04-30,Imobiliario,PF_B,113509208.44289143,0.11,0.0868655878810023,0.0231344121189976,0.0119032201976978,1351125.102562121
2019-05-31,Imobiliario,PF_B,115072983.02771217,0.11,0.0867052634621955,0.0232947365378045,0.0125275111193149,1441578.0744124
2019-06-30,Imobiliario,PF_B,115961280.27379186,0.11,0.0872792912898914,0.0227207087101086,0.007273941249345,843495.539910402
2019-07-31,Imobiliario,PF_B,117774050.77910627,0.11,0.0909218954516554,0.0190781045483445,0.0085573561797166,1007834.501244848
2019-08-31,Imobiliario,PF_B,119370380.99538907,0.11,0.1046136604909653,0.0053863395090346,0.0058057046080079,693029.1710045913
2019-09-30,Imobiliario,PF_B,120801286.36764143,0.11,0.1246573174034435,-0.0146573174034435,0.008130007384844,982115.3502675892
2019-10-31,Imobiliario,PF_B,121711347.69577074,0.11,0.1253185137590496,-0.0153185137590496,0.0085293121751465,1038114.079755028
2019-11-30,Imobiliario,PF_B,122486755.66338097,0.11,0.1216298544136267,-0.0116298544136267,0.0066273506173968,811762.6757686388
2019-12-31,Imobiliario,PF_B,124798831.3555681,0.11,0.1096420237908731,0.0003579762091268,0.0118938607384512,1484339.920464586
2020-01-31,Imobiliario,PF_B,124781886.11356978,0.11,0.1128400097898549,-0.0028400097898549,0.0116711107639865,1456343.2141706257
2020-02-29,Imobiliario,PF_B,124805667.70110837,0.11,0.0989146215945571,0.0110853784054428,0.0086854619027396,1083994.8720639593
2020-03-31,Imobiliario,PF_B,126445339.43802369,0.11,0.0961031752114358,0.0138968247885642,0.0078235604231953,989252.7533248224
2020-04-30,Imobiliario,PF_B,128104885.82420243,0.11,0.0988610561923262,0.0111389438076737,0.0110185816545966,1411534.1448067562
2020-05-31,Imobiliario,PF_B,128545269.05723932,0.11,0.0743415384438752,0.0356584615561247,0.0134138857424257,1724291.5518631786
2020-06-30,Imobiliario,PF_B,129227816.67377213,0.11,0.0610853261229509,0.048914673877049,0.0101190224905506,1307659.1833266595
2020-07-31,Imobiliario,PF_B,130422565.4165705,0.11,0.0789376216979505,0.0310623783020494,0.010397169043186,1356025.459682071
2020-08-31,Imobiliario,PF_B,130187301.6018808,0.11,0.0889962114228459,0.021003788577154,0.008353490298111,1087518.3608685643
2020-09-30,Imobiliario,PF_B,132066678.55190349,0.11,0.0908618786753766,0.0191381213246234,0.0125897742750916,1662689.6722295522
2020-10-31,Imobiliario,PF_B,132906132.8,0.11,0.0791643026828557,0.0308356973171442,0.0063922323110388,849566.8764193801
2020-11-30,Imobiliario,PF_B,134399990.75529975,0.11,0.0712538475945344,0.0387461524054656,0.0127019214039759,1707138.1192689072
2020-12-31,Imobiliario,PF_B,135200848.22435394,0.11,0.0646240519261123,0.0453759480738876,0.013934942606153,1884016.0603095824
2021-01-31,Imobiliario,PF_B,135571116.3195176,0.11,0.0784904689484636,0.0315095310515363,0.0119595410160158,1621368.3262103226
2021-02-28,Imobiliario,PF_B,135523890.74617448,0.11,0.0774957360742573,0.0325042639257426,0.0081874678468596,1109597.4979656297
2021-03-31,Imobiliario,PF_B,136652042.4849082,0.11,0.080496116512525,0.0295038834874749,0.0134853651183789,1842802.687081222
2021-04-30,Imobiliario,PF_B,137199542.88780436,0.11,0.0944614789012068,0.0155385210987931,0.0085705028402642,1175869.072002882
2021-05-31,Imobiliario,PF_B,138475185.498322,0.11,0.0915950051152424,0.0184049948847575,0.0164906624296373,2283547.538934247
2021-06-30,Imobiliario,PF_B,138246553.0509323,0.11,0.0878450086562747,0.0221549913437252,0.0104251361826071,1441239.1423319948
2021-07-31,Imobiliario,PF_B,139021615.55786029,0.11,0.078356620905947,0.0316433790940529,0.015229445307419,2117222.090687467
2021-08-31,Imobiliario,PF_B,138187840.0339829,0.11,0.075494521880862,0.0345054781191379,0.0100962952130641,1395185.2278387777
2021-09-30,Imobiliario,PF_B,138232894.61053577,0.11,0.0927868550490765,0.0172131449509235,0.0069152768949429,955918.742221318
2021-10-31,Imobiliario,PF_B,139242262.65279707,0.11,0.1001910447448414,0.0098089552551585,0.0114747946117745,1597776.36521961
2021-11-30,Imobiliario,PF_B,140905179.70805958,0.11,0.1129682160963888,-0.0029682160963887,0.0093703553615667,1320331.6061499445
2021-12-31,Imobiliario,PF_B,141321231.7957932,0.11,0.1242698551561028,-0.0142698551561028,0.0154818471665962,2187913.7120576
2022-01-31,Imobiliario,PF_B,140834029.94680494,0.11,0.1417205588133503,-0.0317205588133503,0.0088221602141006,1242460.3757881627
2022-02-28,Imobiliario,PF_B,140349109.43981168,0.11,0.1323462878011676,-0.0223462878011676,0.0144722797306807,2031171.571764879
2022-03-31,Imobiliario,PF_B,140995709.7827067,0.11,0.13633677105586,-0.02633677105586,0.0172945138402911,2438452.2542586904
2022-04-30,Imobiliario,PF_B,139584591.18189532,0.11,0.1438972694672427,-0.0338972694672427,0.0146274778262666,2041770.512401669
2022-05-31,Imobiliario,PF_B,139591915.53234994,0.11,0.1541886637996614,-0.0441886637996613,0.0122652505420003,1712129.8176420208
2022-06-30,Imobiliario,PF_B,138726341.71593478,0.11,0.1399994034372261,-0.0299994034372261,0.0129202045566632,1792372.712367443
2022-07-31,Imobiliario,PF_B,139484530.7294996,0.11,0.1379858995795868,-0.0279858995795867,0.0081527249130344,1137179.0086613118
2022-08-31,Imobiliario,PF_B,140798930.6022011,0.11,0.1372851417505953,-0.0272851417505953,0.0056042109398255,789066.9071965867
2022-09-30,Imobiliario,PF_B,141604255.63509732,0.11,0.1502787596413933,-0.0402787596413933,0.0060913884659365,862566.5295031567
2022-10-31,Imobiliario,PF_B,141444779.60241097,0.11,0.1544238274525529,-0.0444238274525529,0.0096723454279395,1368102.7672932958
2022-11-30,Imobiliario,PF_B,142910792.36504546,0.11,0.1421471549925718,-0.0321471549925718,0.0064966396255903,928439.9166032756
2022-12-31,Imobiliario,PF_B,144226094.55960357,0.11,0.1185963158209373,-0.0085963158209373,0.0085861488134269,1238346.7106681375
2023-01-31,Imobiliario,PF_B,145217539.62239215,0.11,0.1073196719730987,0.0026803280269012,0.0088418765785865,1283995.5623871866
2023-02-28,Imobiliario,PF_B,145315146.45074362,0.11,0.0984459555304342,0.0115540444695657,0.0143054806908021,2078803.0216322031
2023-03-31,Imobiliario,PF_B,145191634.01952428,0.11,0.0901472476762142,0.0198527523237857,0.0174964375165608,2540336.3525499757
2023-04-30,Imobiliario,PF_B,144683714.6423302,0.11,0.0882742986574577,0.0217257013425422,0.0099703977872451,1442554.1883203024
2023-05-31,Imobiliario,PF_B,146100019.06751505,0.11,0.098958165324491,0.0110418346755089,0.0124895104908955,1824717.720863775
2023-06-30,Imobiliario,PF_B,146784112.35123876,0.11,0.1024463281567644,0.0075536718432355,0.0126797220077639,1861181.739770095
2023-07-31,Imobiliario,PF_B,146465973.2057766,0.11,0.11189893458035,-0.00189893458035,0.0079318667275367,1161748.5795871932
2023-08-31,Imobiliario,PF_B,147184209.74414796,0.11,0.1142681799733235,-0.0042681799733235,0.004291082850142,631579.6382448276
2023-09-30,Imobiliario,PF_B,148368117.00079235,0.11,0.113617952776971,-0.0036179527769709,0.010590948644692,1571359.1076650547
2023-10-31,Imobiliario,PF_B,148962894.565783,0.11,0.1111732931762543,-0.0011732931762543,0.0041527958728186,618612.4937559038
2023-11-30,Imobiliario,PF_B,149255194.48386163,0.11,0.1161805828118876,-0.0061805828118876,0.0124119401468706,1852546.5405432328
2023-12-31,Imobiliario,PF_B,149339424.6361398,0.11,0.1161740455114399,-0.0061740455114399,0.0076314744857459,1139680.008826682
2024-01-31,Imobiliario,PF_B,150007950.39188522,0.11,0.105736881701307,0.0042631182986929,0.0068125177121282,1021931.8190047732
2024-02-29,Imobiliario,PF_B,151982185.17753857,0.11,0.1041693781956079,0.005830621804392,0.0103492557718673,1572902.5071696497
2024-03-31,Imobiliario,PF_B,153366463.7397858,0.11,0.1009343904716442,0.0090656095283557,0.0119230658578196,1828598.4475503727
2024-04-30,Imobiliario,PF_B,154538537.67443332,0.11,0.1138523668180268,-0.0038523668180268,0.0116237870551765,1796323.0537459978
2024-05-31,Imobiliario,PF_B,155339477.4846957,0.11,0.1236816200920791,-0.0136816200920791,0.0120477326152208,1871488.489323732
2024-06-30,Imobiliario,PF_B,155904292.74174833,0.11,0.1199635396221052,-0.0099635396221052,0.0101198361929567,1577725.9043252731
2024-07-31,Imobiliario,PF_B,156163571.33614215,0.11,0.1225427514126278,-0.0125427514126278,0.0130385867289321,2036152.2687660728
2024-08-31,Imobiliario,PF_B,155492563.17780894,0.11,0.1077782940309359,0.002221705969064,0.0076620206564328,1191387.230990064
2024-09-30,Imobiliario,PF_B,156311596.05946422,0.11,0.1052851012372768,0.0047148987627231,0.0085389958091221,1334744.0636689658
2024-10-31,Imobiliario,PF_B,156676221.1436691,0.11,0.1038524837720276,0.0061475162279723,0.0086736659300834,1358957.20138806
2024-11-30,Imobiliario,PF_B,157199074.13263896,0.11,0.112814035283119,-0.002814035283119,0.0042951187064052,675188.6839366833
2024-12-31,Imobiliario,PF_B,158530572.04908207,0.11,0.1074165953060957,0.0025834046939042,0.0066535909490588,1054797.5793348986
2025-01-31,Imobiliario,PF_B,158261704.43603295,0.11,0.0976138849209467,0.0123861150790532,0.0113353502064666,1793951.844054751
2025-02-28,Imobiliario,PF_B,158809270.9313919,0.11,0.0886099860517939,0.021390013948206,0.0135821967497226,2156978.76347018
2025-03-31,Imobiliario,PF_B,159049311.6628355,0.11,0.08717719754699,0.0228228024530099,0.007787895594829,1238659.433659593
2025-04-30,Imobiliario,PF_B,158857940.3796407,0.11,0.080778045531546,0.0292219544684539,0.0176691716677102,2806888.2193467584
2025-05-31,Imobiliario,PF_B,157318006.02824005,0.11,0.076485492893108,0.0335145071068919,0.0137879730042552,2169096.4202006366
2025-06-30,Imobiliario,PF_B,156668053.27287328,0.11,0.0719191271210142,0.0380808728789857,0.011734034220908,1838348.298426941
2025-07-31,Imobiliario,PF_B,156386427.03285486,0.11,0.0758413359647896,0.0341586640352103,0.0117033727286617,1830248.6452691616
2025-08-31,Imobiliario,PF_B,156651920.26970738,0.11,0.0673585018049363,0.0426414981950636,0.0089557146500243,1402929.8973138663
2025-09-30,Imobiliario,PF_B,156513869.888617,0.11,0.0628865763222121,0.0471134236777879,0.0107462409143985,1681935.7522679074
2025-10-31,Imobiliario,PF_B,155983030.9770193,0.11,0.0803194130392986,0.0296805869607013,0.0103674870153753,1617152.0482731308
2025-11-30,Imobiliario,PF_B,158204418.365072,0.11,0.0787228175078631,0.0312771824921368,0.0135020560776832,2136084.928502463
2025-12-31,Imobiliario,PF_B,158571176.95739546,0.11,0.072903489046001,0.0370965109539989,0.011261772412887,1785792.5061378295
2026-01-31,Imobiliario,PF_B,157428257.61235517,0.11,0.0817163172857813,0.0282836827142186,0.0086413049731026,1360385.585412531
2026-02-28,Imobiliario,PF_B,158965827.02621454,0.11,0.104488355757868,0.0055116442421319,0.0093383592617848,1484480.0031175376
2026-03-31,Imobiliario,PF_B,158991870.55438218,0.11,0.0963472776309135,0.0136527223690864,0.0116550371529351,1853056.1583259776
2026-04-30,Imobiliario,PF_B,158395382.0148636,0.11,0.0982540947284184,0.0117459052715815,0.0086198832874846,1365349.7062446738
2026-05-31,Imobiliario,PF_B,158994700.45767194,0.11,0.1017350586372507,0.0082649413627492,0.0085170728450848,1354169.4457804393
2026-06-30,Imobiliario,PF_B,159121818.0060463,0.11,0.1116009192758054,-0.0016009192758054,0.0072970224346324,1161115.4758296271
2026-07-31,Imobiliario,PF_B,160326354.6799008,0.11,0.1059432458365016,0.0040567541634983,0.0079130910235715,1268677.038059465
2019-01-31,Imobiliario,PJ,125730680.61416528,0.11,0.0924961687990007,0.0175038312009992,0.0088617975181442,1114199.8334211996
2019-02-28,Imobiliario,PJ,126421703.14282408,0.11,0.1001758067026001,0.0098241932973998,0.0106642949610049,1348198.3317876835
2019-03-31,Imobiliario,PJ,127541243.30152673,0.11,0.0954851185884015,0.0145148814115984,0.009669875802591,1233307.9824338132
2019-04-30,Imobiliario,PJ,128364360.76202728,0.11,0.0868655878810023,0.0231344121189976,0.008332306627042,1069571.2138534605
2019-05-31,Imobiliario,PJ,128692311.41795865,0.11,0.0867052634621955,0.0232947365378045,0.0114872196138519,1478316.8438723185
2019-06-30,Imobiliario,PJ,129525454.01786757,0.11,0.0872792912898914,0.0227207087101086,0.0096681552853146,1252272.2028456226
2019-07-31,Imobiliario,PJ,130469779.85912982,0.11,0.0909218954516554,0.0190781045483445,0.0074268611291047,968980.9365586216
2019-08-31,Imobiliario,PJ,131988287.24614714,0.11,0.1046136604909653,0.0053863395090346,0.0080955681321968,1068520.1720531497
2019-09-30,Imobiliario,PJ,133557626.67772745,0.11,0.1246573174034435,-0.0146573174034435,0.0049147218768016,656398.5896467413
2019-10-31,Imobiliario,PJ,135872122.99901688,0.11,0.1253185137590496,-0.0153185137590496,0.0060057675634285,816016.3890816757
2019-11-30,Imobiliario,PJ,137498769.94473127,0.11,0.1216298544136267,-0.0116298544136267,0.0068718863937538,944875.9263410916
2019-12-31,Imobiliario,PJ,138726798.7136291,0.11,0.1096420237908731,0.0003579762091268,0.0053487652635884,742017.0820882899
2020-01-31,Imobiliario,PJ,140475727.21838218,0.11,0.1128400097898549,-0.0028400097898549,0.0152799026539357,2146455.4371377146
2020-02-29,Imobiliario,PJ,140066915.2288914,0.11,0.0989146215945571,0.0110853784054428,0.0097413269671244,1364437.6185211388
2020-03-31,Imobiliario,PJ,140390133.92532718,0.11,0.0961031752114358,0.0138968247885642,0.0087804264000756,1232685.2382281034
2020-04-30,Imobiliario,PJ,142238563.32178214,0.11,0.0988610561923262,0.0111389438076737,0.0078846265583773,1121497.953992356
2020-05-31,Imobiliario,PJ,142785209.0364333,0.11,0.0743415384438752,0.0356584615561247,0.0063374423007058,904893.0236626264
2020-06-30,Imobiliario,PJ,143349987.8055911,0.11,0.0610853261229509,0.048914673877049,0.0058305473669062,835808.8939459312
2020-07-31,Imobiliario,PJ,144956442.20109352,0.11,0.0789376216979505,0.0310623783020494,0.0150296524193829,2178644.9422328044
2020-08-31,Imobiliario,PJ,144521122.10330534,0.11,0.0889962114228459,0.021003788577154,0.0025279483412514,365341.9308968478
2020-09-30,Imobiliario,PJ,146785779.9375093,0.11,0.0908618786753766,0.0191381213246234,0.0044976415488186,660189.8226226971
2020-10-31,Imobiliario,PJ,149035132.96627408,0.11,0.0791643026828557,0.0308356973171442,0.0065796850786515,980604.2405730478
2020-11-30,Imobiliario,PJ,149612257.74334309,0.11,0.0712538475945344,0.0387461524054656,0.0080465419216303,1203861.3039215803
2020-12-31,Imobiliario,PJ,150938840.17207682,0.11,0.0646240519261123,0.0453759480738876,0.0093206719742107,1406851.4174117576
2021-01-31,Imobiliario,PJ,151184281.4627095,0.11,0.0784904689484636,0.0315095310515363,0.0095601595223116,1445345.8480495692
2021-02-28,Imobiliario,PJ,150848636.98550928,0.11,0.0774957360742573,0.0325042639257426,0.011841552315515,1786282.0265880472
2021-03-31,Imobiliario,PJ,149811646.3432298,0.11,0.080496116512525,0.0295038834874749,0.0098265960400013,1472138.5307024685
2021-04-30,Imobiliario,PJ,150871077.45870885,0.11,0.0944614789012068,0.0155385210987931,0.0105886494474949,1597520.9509761222
2021-05-31,Imobiliario,PJ,151686780.9088232,0.11,0.0915950051152424,0.0184049948847575,0.009108352177955,1381616.6212578767
2021-06-30,Imobiliario,PJ,153123986.6142552,0.11,0.0878450086562747,0.0221549913437252,0.0108077141392146,1654920.2751838025
2021-07-31,Imobiliario,PJ,153781365.04204476,0.11,0.078356620905947,0.0316433790940529,0.0103841338555937,1596886.2790925107
2021-08-31,Imobiliario,PJ,154709775.25103474,0.11,0.075494521880862,0.0345054781191379,0.0064062857628788,991115.0305688888
2021-09-30,Imobiliario,PJ,154777930.9822819,0.11,0.0927868550490765,0.0172131449509235,0.0072503606783286,1122195.824667
2021-10-31,Imobiliario,PJ,156037997.6191969,0.11,0.1001910447448414,0.0098089552551585,0.0087493331522537,1365228.4255809258
2021-11-30,Imobiliario,PJ,156017344.30108428,0.11,0.1129682160963888,-0.0029682160963887,0.0039005890184737,608559.5398722487
2021-12-31,Imobiliario,PJ,157730714.94762743,0.11,0.1242698551561028,-0.0142698551561028,0.0069887491945339,1102340.4070434954
2022-01-31,Imobiliario,PJ,157308341.41318417,0.11,0.1417205588133503,-0.0317205588133503,0.0091044370760521,1432203.8959344623
2022-02-28,Imobiliario,PJ,156579441.47675744,0.11,0.1323462878011676,-0.0223462878011676,0.0065355760945521,1023336.854613816
2022-03-31,Imobiliario,PJ,158502281.5831457,0.11,0.13633677105586,-0.02633677105586,0.0137288642111844,2176056.3010179303
2022-04-30,Imobiliario,PJ,157475265.82419738,0.11,0.1438972694672427,-0.0338972694672427,0.0080752386307038,1271650.3499639097
2022-05-31,Imobiliario,PJ,158233451.24038857,0.11,0.1541886637996614,-0.0441886637996613,0.0126197339856205,1996864.0622803692
2022-06-30,Imobiliario,PJ,157891578.91463113,0.11,0.1399994034372261,-0.0299994034372261,0.0059744566090834,943316.3871651425
2022-07-31,Imobiliario,PJ,160032370.41839,0.11,0.1379858995795868,-0.0279858995795867,0.005229693784871,836920.2929552315
2022-08-31,Imobiliario,PJ,161700991.3217113,0.11,0.1372851417505953,-0.0272851417505953,0.0017417584463167,281644.06741237745
2022-09-30,Imobiliario,PJ,163299484.33343428,0.11,0.1502787596413933,-0.0402787596413933,0.0010176745708506,166185.73263916108
2022-10-31,Imobiliario,PJ,164394494.95412612,0.11,0.1544238274525529,-0.0444238274525529,0.0075326192469784,1238321.1367887517
2022-11-30,Imobiliario,PJ,165121240.04357666,0.11,0.1421471549925718,-0.0321471549925718,0.0053689023152842,886519.8079725617
2022-12-31,Imobiliario,PJ,165710595.49881747,0.11,0.1185963158209373,-0.0085963158209373,0.0066150264835634,1096179.9778317492
2023-01-31,Imobiliario,PJ,166825194.7379562,0.11,0.1073196719730987,0.0026803280269012,0.0107847768644351,1799172.500614798
2023-02-28,Imobiliario,PJ,165188419.55847365,0.11,0.0984459555304342,0.0115540444695657,0.0075125572067524,1240987.451826061
2023-03-31,Imobiliario,PJ,166058799.4761799,0.11,0.0901472476762142,0.0198527523237857,0.0101106740161881,1678966.389023202
2023-04-30,Imobiliario,PJ,166662196.4569254,0.11,0.0882742986574577,0.0217257013425422,0.0108711102701044,1811803.1155410493
2023-05-31,Imobiliario,PJ,166636985.83728898,0.11,0.098958165324491,0.0110418346755089,0.0075120437572292,1251784.3291825077
2023-06-30,Imobiliario,PJ,167213350.46529162,0.11,0.1024463281567644,0.0075536718432355,0.0104917428518176,1754359.4744727036
2023-07-31,Imobiliario,PJ,166946585.4377849,0.11,0.11189893458035,-0.00189893458035,0.0060096498588067,1003290.523604458
2023-08-31,Imobiliario,PJ,168071634.46397936,0.11,0.1142681799733235,-0.0042681799733235,0.0093354931837839,1569031.5979259044
2023-09-30,Imobiliario,PJ,168292387.08528805,0.11,0.113617952776971,-0.0036179527769709,0.007563683306694,1272910.3188406895
2023-10-31,Imobiliario,PJ,169881862.3487329,0.11,0.1111732931762543,-0.0011732931762543,0.0052752301966211,896165.9301202765
2023-11-30,Imobiliario,PJ,170838193.13325888,0.11,0.1161805828118876,-0.0061805828118876,0.0053440324865461,912964.8540469768
2023-12-31,Imobiliario,PJ,171746152.0852421,0.11,0.1161740455114399,-0.0061740455114399,0.0093022663181087,1597628.44580733
2024-01-31,Imobiliario,PJ,172310230.6235136,0.11,0.105736881701307,0.0042631182986929,0.0090106780375129,1552632.0107180795
2024-02-29,Imobiliario,PJ,171969942.15552965,0.11,0.1041693781956079,0.005830621804392,0.0068298295890609,1174525.3993629413
2024-03-31,Imobiliario,PJ,174295829.5335106,0.11,0.1009343904716442,0.0090656095283557,0.0092660389251462,1615031.9409481713
2024-04-30,Imobiliario,PJ,174138457.19565758,0.11,0.1138523668180268,-0.0038523668180268,0.0124764653882087,2172632.433957699
2024-05-31,Imobiliario,PJ,174163090.74577838,0.11,0.1236816200920791,-0.0136816200920791,0.0096120539588279,1674065.0258846742
2024-06-30,Imobiliario,PJ,174392392.76719663,0.11,0.1199635396221052,-0.0099635396221052,0.0063699839402246,1110876.741224393
2024-07-31,Imobiliario,PJ,175162805.56522414,0.11,0.1225427514126278,-0.0125427514126278,0.0027098212409201,474659.891139802
2024-08-31,Imobiliario,PJ,176626596.48749042,0.11,0.1077782940309359,0.002221705969064,0.0063080009098481,1114160.731346476
2024-09-30,Imobiliario,PJ,178807760.01983455,0.11,0.1052851012372768,0.0047148987627231,0.005664558254943,1012866.9730682377
2024-10-31,Imobiliario,PJ,178160969.1172191,0.11,0.1038524837720276,0.0061475162279723,0.0055685032508145,992089.9356975094
2024-11-30,Imobiliario,PJ,181086532.0746974,0.11,0.112814035283119,-0.002814035283119,0.0083325822541292,1508918.4236274334
2024-12-31,Imobiliario,PJ,181009991.390404,0.11,0.1074165953060957,0.0025834046939042,0.0087994372343773,1592786.058035038
2025-01-31,Imobiliario,PJ,180897795.9349461,0.11,0.0976138849209467,0.0123861150790532,0.0055253147725427,999517.264199776
2025-02-28,Imobiliario,PJ,181654420.11648247,0.11,0.0886099860517939,0.021390013948206,0.010410934409225,1891192.2529785123
2025-03-31,Imobiliario,PJ,180452719.0118006,0.11,0.08717719754699,0.0228228024530099,0.0076631365875006,1382833.8333733082
2025-04-30,Imobiliario,PJ,181077120.07265493,0.11,0.080778045531546,0.0292219544684539,0.0096316018023703,1744062.7160598238
2025-05-31,Imobiliario,PJ,181609425.24639735,0.11,0.076485492893108,0.0335145071068919,0.0071408662748087,1296848.6199294052
2025-06-30,Imobiliario,PJ,182812456.2504553,0.11,0.0719191271210142,0.0380808728789857,0.0064921212967553,1186840.640535731
2025-07-31,Imobiliario,PJ,184775529.6212759,0.11,0.0758413359647896,0.0341586640352103,0.0039267907978334,725574.849381637
2025-08-31,Imobiliario,PJ,185285166.78262588,0.11,0.0673585018049363,0.0426414981950636,0.0090365327583811,1674335.47927332
2025-09-30,Imobiliario,PJ,186775794.5794009,0.11,0.0628865763222121,0.0471134236777879,0.0087810796776243,1640093.1340533206
2025-10-31,Imobiliario,PJ,187529701.98947525,0.11,0.0803194130392986,0.0296805869607013,0.0072592933309225,1361333.1150020848
2025-11-30,Imobiliario,PJ,187449889.95659253,0.11,0.0787228175078631,0.0312771824921368,0.0068179517455964,1278024.304441409
2025-12-31,Imobiliario,PJ,187323528.8481642,0.11,0.072903489046001,0.0370965109539989,0.0061956824044644,1160597.0916267552
2026-01-31,Imobiliario,PJ,188444156.00006127,0.11,0.0817163172857813,0.0282836827142186,0.0070557426742998,1329613.473212056
2026-02-28,Imobiliario,PJ,189338230.3315556,0.11,0.104488355757868,0.0055116442421319,0.0059748592482107,1131269.2765363452
2026-03-31,Imobiliario,PJ,190414429.16910097,0.11,0.0963472776309135,0.0136527223690864,0.0087641235864044,1668815.5898726569
2026-04-30,Imobiliario,PJ,191730244.45278376,0.11,0.0982540947284184,0.0117459052715815,0.010412769029478,1996442.7514522115
2026-05-31,Imobiliario,PJ,192598849.72642747,0.11,0.1017350586372507,0.0082649413627492,0.0067734463573686,1304557.9771128595
2026-06-30,Imobiliario,PJ,193333592.08748552,0.11,0.1116009192758054,-0.0016009192758054,0.0047139487713759,911364.6488865056
2026-07-31,Imobiliario,PJ,194132703.76867792,0.11,0.1059432458365016,0.0040567541634983,0.0057548113596149,1117197.0889207604
